ISO-10303-21;
HEADER;
FILE_DESCRIPTION((''),'2;1');
FILE_NAME('U254-05XX-4BH806','2020-08-20T',('cwg'),(''),
'PRO/ENGINEER BY PARAMETRIC TECHNOLOGY CORPORATION, 2010280',
'PRO/ENGINEER BY PARAMETRIC TECHNOLOGY CORPORATION, 2010280','');
FILE_SCHEMA(('CONFIG_CONTROL_DESIGN'));
ENDSEC;
DATA;
#1=DIRECTION('',(1.E0,0.E0,0.E0));
#2=VECTOR('',#1,2.5E-1);
#3=CARTESIAN_POINT('',(-3.7E0,1.20531255E0,0.E0));
#4=LINE('',#3,#2);
#5=DIRECTION('',(0.E0,-1.E0,0.E0));
#6=VECTOR('',#5,1.186058330922E-1);
#7=CARTESIAN_POINT('',(-3.45E0,1.20531255E0,0.E0));
#8=LINE('',#7,#6);
#9=CARTESIAN_POINT('',(-3.25E0,1.086706716908E0,0.E0));
#10=DIRECTION('',(0.E0,0.E0,1.E0));
#11=DIRECTION('',(-1.E0,2.664535259100E-14,0.E0));
#12=AXIS2_PLACEMENT_3D('',#9,#10,#11);
#14=DIRECTION('',(6.999285823596E-1,-7.142128391426E-1,0.E0));
#15=VECTOR('',#14,8.759876865752E-1);
#16=CARTESIAN_POINT('',(-3.396598624487E0,9.506595070929E-1,0.E0));
#17=LINE('',#16,#15);
#18=CARTESIAN_POINT('',(-2.604916595073E0,5.E-1,0.E0));
#19=DIRECTION('',(0.E0,0.E0,1.E0));
#20=DIRECTION('',(-7.142128391426E-1,-6.999285823596E-1,0.E0));
#21=AXIS2_PLACEMENT_3D('',#18,#19,#20);
#23=DIRECTION('',(-6.999285823596E-1,7.142128391426E-1,0.E0));
#24=VECTOR('',#23,8.787090581196E-1);
#25=CARTESIAN_POINT('',(-2.962023014644E0,1.500357088202E-1,0.E0));
#26=LINE('',#25,#24);
#27=CARTESIAN_POINT('',(-3.25E0,1.086706716908E0,0.E0));
#28=DIRECTION('',(0.E0,0.E0,1.E0));
#29=DIRECTION('',(-1.E0,0.E0,0.E0));
#30=AXIS2_PLACEMENT_3D('',#27,#28,#29);
#32=DIRECTION('',(0.E0,-1.E0,0.E0));
#33=VECTOR('',#32,1.186058330922E-1);
#34=CARTESIAN_POINT('',(-3.7E0,1.20531255E0,0.E0));
#35=LINE('',#34,#33);
#36=DIRECTION('',(1.E0,0.E0,0.E0));
#37=VECTOR('',#36,2.5E-1);
#38=CARTESIAN_POINT('',(3.45E0,1.20531255E0,0.E0));
#39=LINE('',#38,#37);
#40=DIRECTION('',(0.E0,1.E0,0.E0));
#41=VECTOR('',#40,1.186058330922E-1);
#42=CARTESIAN_POINT('',(3.7E0,1.086706716908E0,0.E0));
#43=LINE('',#42,#41);
#44=CARTESIAN_POINT('',(3.25E0,1.086706716908E0,0.E0));
#45=DIRECTION('',(0.E0,0.E0,1.E0));
#46=DIRECTION('',(7.267924444446E-1,-6.868571486839E-1,0.E0));
#47=AXIS2_PLACEMENT_3D('',#44,#45,#46);
#49=DIRECTION('',(-6.999285823596E-1,-7.142128391426E-1,0.E0));
#50=VECTOR('',#49,8.787090581196E-1);
#51=CARTESIAN_POINT('',(3.5770566E0,7.776210000001E-1,0.E0));
#52=LINE('',#51,#50);
#53=CARTESIAN_POINT('',(2.604916595073E0,5.E-1,0.E0));
#54=DIRECTION('',(0.E0,0.E0,1.E0));
#55=DIRECTION('',(6.572520305781E-14,-1.E0,0.E0));
#56=AXIS2_PLACEMENT_3D('',#53,#54,#55);
#58=DIRECTION('',(6.999285823596E-1,7.142128391426E-1,0.E0));
#59=VECTOR('',#58,8.759876865752E-1);
#60=CARTESIAN_POINT('',(2.783469804858E0,3.250178544101E-1,0.E0));
#61=LINE('',#60,#59);
#62=CARTESIAN_POINT('',(3.25E0,1.086706716908E0,0.E0));
#63=DIRECTION('',(0.E0,0.E0,1.E0));
#64=DIRECTION('',(7.329931224363E-1,-6.802360490750E-1,0.E0));
#65=AXIS2_PLACEMENT_3D('',#62,#63,#64);
#67=DIRECTION('',(0.E0,1.E0,0.E0));
#68=VECTOR('',#67,1.186058330922E-1);
#69=CARTESIAN_POINT('',(3.45E0,1.086706716908E0,0.E0));
#70=LINE('',#69,#68);
#71=DIRECTION('',(1.E0,0.E0,0.E0));
#72=VECTOR('',#71,2.469467890075E-1);
#73=CARTESIAN_POINT('',(-3.696946789008E0,1.90517145E0,0.E0));
#74=LINE('',#73,#72);
#75=CARTESIAN_POINT('',(-3.2E0,1.85E0,0.E0));
#76=DIRECTION('',(0.E0,0.E0,1.E0));
#77=DIRECTION('',(0.E0,1.E0,0.E0));
#78=AXIS2_PLACEMENT_3D('',#75,#76,#77);
#80=DIRECTION('',(-1.E0,0.E0,0.E0));
#81=VECTOR('',#80,1.E-1);
#82=CARTESIAN_POINT('',(-3.1E0,2.35E0,0.E0));
#83=LINE('',#82,#81);
#84=DIRECTION('',(0.E0,1.E0,0.E0));
#85=VECTOR('',#84,2.5E-1);
#86=CARTESIAN_POINT('',(-3.1E0,2.1E0,0.E0));
#87=LINE('',#86,#85);
#88=DIRECTION('',(-1.E0,0.E0,0.E0));
#89=VECTOR('',#88,1.E-1);
#90=CARTESIAN_POINT('',(-3.1E0,2.1E0,0.E0));
#91=LINE('',#90,#89);
#92=CARTESIAN_POINT('',(-3.2E0,1.85E0,0.E0));
#93=DIRECTION('',(0.E0,0.E0,1.E0));
#94=DIRECTION('',(0.E0,1.E0,0.E0));
#95=AXIS2_PLACEMENT_3D('',#92,#93,#94);
#97=DIRECTION('',(0.E0,-1.E0,0.E0));
#98=VECTOR('',#97,5.517145000013E-2);
#99=CARTESIAN_POINT('',(-3.45E0,1.90517145E0,0.E0));
#100=LINE('',#99,#98);
#101=DIRECTION('',(1.E0,0.E0,0.E0));
#102=VECTOR('',#101,2.469467890075E-1);
#103=CARTESIAN_POINT('',(3.45E0,1.90517145E0,0.E0));
#104=LINE('',#103,#102);
#105=DIRECTION('',(1.609851507796E-14,-1.E0,0.E0));
#106=VECTOR('',#105,5.517145000013E-2);
#107=CARTESIAN_POINT('',(3.45E0,1.90517145E0,0.E0));
#108=LINE('',#107,#106);
#109=CARTESIAN_POINT('',(3.2E0,1.85E0,0.E0));
#110=DIRECTION('',(0.E0,0.E0,1.E0));
#111=DIRECTION('',(1.E0,0.E0,0.E0));
#112=AXIS2_PLACEMENT_3D('',#109,#110,#111);
#114=DIRECTION('',(-1.E0,0.E0,0.E0));
#115=VECTOR('',#114,1.E-1);
#116=CARTESIAN_POINT('',(3.2E0,2.1E0,0.E0));
#117=LINE('',#116,#115);
#118=DIRECTION('',(0.E0,1.E0,0.E0));
#119=VECTOR('',#118,2.5E-1);
#120=CARTESIAN_POINT('',(3.1E0,2.1E0,0.E0));
#121=LINE('',#120,#119);
#122=DIRECTION('',(-1.E0,0.E0,0.E0));
#123=VECTOR('',#122,1.E-1);
#124=CARTESIAN_POINT('',(3.2E0,2.35E0,0.E0));
#125=LINE('',#124,#123);
#126=CARTESIAN_POINT('',(3.2E0,1.85E0,0.E0));
#127=DIRECTION('',(0.E0,0.E0,1.E0));
#128=DIRECTION('',(9.938935780150E-1,1.103429000003E-1,0.E0));
#129=AXIS2_PLACEMENT_3D('',#126,#127,#128);
#131=DIRECTION('',(-6.804510993646E-1,0.E0,7.327934916288E-1));
#132=VECTOR('',#131,2.489546539374E-1);
#133=CARTESIAN_POINT('',(3.854090896996E0,1.20531255E0,2.800118430269E-1));
#134=LINE('',#133,#132);
#135=DIRECTION('',(7.295372041404E-1,0.E0,6.839411288810E-1));
#136=VECTOR('',#135,1.462325234723E-1);
#137=CARTESIAN_POINT('',(3.747408830668E0,1.20531255E0,1.799974058441E-1));
#138=LINE('',#137,#136);
#139=CARTESIAN_POINT('',(3.85E0,1.20531255E0,7.056682522308E-2));
#140=DIRECTION('',(0.E0,1.E0,0.E0));
#141=DIRECTION('',(-1.E0,0.E0,0.E0));
#142=AXIS2_PLACEMENT_3D('',#139,#140,#141);
#144=DIRECTION('',(0.E0,0.E0,1.E0));
#145=VECTOR('',#144,7.056682522308E-2);
#146=CARTESIAN_POINT('',(3.7E0,1.20531255E0,0.E0));
#147=LINE('',#146,#145);
#148=DIRECTION('',(0.E0,0.E0,-1.E0));
#149=VECTOR('',#148,6.805410970947E-2);
#150=CARTESIAN_POINT('',(3.45E0,1.20531255E0,6.805410970947E-2));
#151=LINE('',#150,#149);
#152=CARTESIAN_POINT('',(3.85E0,1.20531255E0,6.805410970947E-2));
#153=DIRECTION('',(0.E0,-1.E0,0.E0));
#154=DIRECTION('',(-6.877446479123E-1,0.E0,7.259526839044E-1));
#155=AXIS2_PLACEMENT_3D('',#152,#153,#154);
#157=DIRECTION('',(-7.259526839044E-1,0.E0,-6.877446479123E-1));
#158=VECTOR('',#157,1.512320163995E-1);
#159=CARTESIAN_POINT('',(3.684689429033E0,1.20531255E0,4.624441931430E-1));
#160=LINE('',#159,#158);
#161=DIRECTION('',(-6.804510993646E-1,0.E0,-7.327934916288E-1));
#162=VECTOR('',#161,2.489546539374E-1);
#163=CARTESIAN_POINT('',(-3.684689429033E0,1.20531255E0,4.624441931430E-1));
#164=LINE('',#163,#162);
#165=DIRECTION('',(-7.259526839044E-1,0.E0,6.877446479123E-1));
#166=VECTOR('',#165,1.512320163995E-1);
#167=CARTESIAN_POINT('',(-3.574902140835E0,1.20531255E0,3.584351832712E-1));
#168=LINE('',#167,#166);
#169=CARTESIAN_POINT('',(-3.85E0,1.20531255E0,6.805410970947E-2));
#170=DIRECTION('',(0.E0,-1.E0,0.E0));
#171=DIRECTION('',(1.E0,0.E0,0.E0));
#172=AXIS2_PLACEMENT_3D('',#169,#170,#171);
#174=DIRECTION('',(0.E0,0.E0,1.E0));
#175=VECTOR('',#174,6.805410970947E-2);
#176=CARTESIAN_POINT('',(-3.45E0,1.20531255E0,0.E0));
#177=LINE('',#176,#175);
#178=DIRECTION('',(0.E0,0.E0,-1.E0));
#179=VECTOR('',#178,7.056682522308E-2);
#180=CARTESIAN_POINT('',(-3.7E0,1.20531255E0,7.056682522308E-2));
#181=LINE('',#180,#179);
#182=CARTESIAN_POINT('',(-3.85E0,1.20531255E0,7.056682522308E-2));
#183=DIRECTION('',(0.E0,1.E0,0.E0));
#184=DIRECTION('',(6.839411288810E-1,0.E0,7.295372041404E-1));
#185=AXIS2_PLACEMENT_3D('',#182,#183,#184);
#187=DIRECTION('',(7.295372041404E-1,0.E0,-6.839411288810E-1));
#188=VECTOR('',#187,1.462325234723E-1);
#189=CARTESIAN_POINT('',(-3.854090896996E0,1.20531255E0,2.800118430269E-1));
#190=LINE('',#189,#188);
#191=CARTESIAN_POINT('',(3.829887225159E0,1.70517145E0,6.E-1));
#192=CARTESIAN_POINT('',(3.829887225159E0,1.738505616646E0,6.E-1));
#193=CARTESIAN_POINT('',(3.819382582655E0,1.790703802314E0,5.900482334176E-1));
#194=CARTESIAN_POINT('',(3.789497093511E0,1.849539033631E0,5.617356647545E-1));
#195=CARTESIAN_POINT('',(3.746783184513E0,1.890703113456E0,5.212698562302E-1));
#196=CARTESIAN_POINT('',(3.708888456775E0,1.90517145E0,4.853695878463E-1));
#197=CARTESIAN_POINT('',(3.684689429033E0,1.90517145E0,4.624441931430E-1));
#199=DIRECTION('',(0.E0,1.E0,0.E0));
#200=VECTOR('',#199,2.998589E-1);
#201=CARTESIAN_POINT('',(3.829887225159E0,1.40531255E0,6.E-1));
#202=LINE('',#201,#200);
#203=CARTESIAN_POINT('',(3.684689429033E0,1.20531255E0,4.624441931430E-1));
#204=CARTESIAN_POINT('',(3.708888456775E0,1.20531255E0,4.853695878463E-1));
#205=CARTESIAN_POINT('',(3.746783184513E0,1.219780886545E0,5.212698562302E-1));
#206=CARTESIAN_POINT('',(3.789497093511E0,1.260944966369E0,5.617356647545E-1));
#207=CARTESIAN_POINT('',(3.819382582655E0,1.319780197686E0,5.900482334176E-1));
#208=CARTESIAN_POINT('',(3.829887225159E0,1.371978383354E0,6.E-1));
#209=CARTESIAN_POINT('',(3.829887225159E0,1.40531255E0,6.E-1));
#211=CARTESIAN_POINT('',(3.854090896996E0,1.90517145E0,2.800118430269E-1));
#212=CARTESIAN_POINT('',(3.878408942316E0,1.90517145E0,3.028100105138E-1));
#213=CARTESIAN_POINT('',(3.916489536835E0,1.890702693562E0,3.385105678754E-1));
#214=CARTESIAN_POINT('',(3.959412626644E0,1.849538177238E0,3.787509645719E-1));
#215=CARTESIAN_POINT('',(3.989444202840E0,1.790702850515E0,4.069055672552E-1));
#216=CARTESIAN_POINT('',(4.E0,1.738504973200E0,4.168016270928E-1));
#217=CARTESIAN_POINT('',(4.E0,1.70517145E0,4.168016270928E-1));
#219=DIRECTION('',(0.E0,1.E0,0.E0));
#220=VECTOR('',#219,6.998589E-1);
#221=CARTESIAN_POINT('',(3.747408830668E0,1.20531255E0,1.799974058441E-1));
#222=LINE('',#221,#220);
#223=CARTESIAN_POINT('',(4.E0,1.40531255E0,4.168016270928E-1));
#224=CARTESIAN_POINT('',(4.E0,1.371979026800E0,4.168016270928E-1));
#225=CARTESIAN_POINT('',(3.989444202840E0,1.319781149485E0,4.069055672552E-1));
#226=CARTESIAN_POINT('',(3.959412626644E0,1.260945822762E0,3.787509645719E-1));
#227=CARTESIAN_POINT('',(3.916489536835E0,1.219781306439E0,3.385105678754E-1));
#228=CARTESIAN_POINT('',(3.878408942316E0,1.20531255E0,3.028100105138E-1));
#229=CARTESIAN_POINT('',(3.854090896996E0,1.20531255E0,2.800118430269E-1));
#231=DIRECTION('',(6.804510993646E-1,0.E0,-7.327934916288E-1));
#232=VECTOR('',#231,2.489546539374E-1);
#233=CARTESIAN_POINT('',(3.684689429033E0,1.90517145E0,4.624441931430E-1));
#234=LINE('',#233,#232);
#235=DIRECTION('',(-7.259526839044E-1,0.E0,-6.877446479123E-1));
#236=VECTOR('',#235,1.512320163995E-1);
#237=CARTESIAN_POINT('',(3.684689429033E0,1.90517145E0,4.624441931430E-1));
#238=LINE('',#237,#236);
#239=CARTESIAN_POINT('',(3.85E0,1.90517145E0,6.805410970947E-2));
#240=DIRECTION('',(0.E0,-1.E0,0.E0));
#241=DIRECTION('',(-6.877446479123E-1,0.E0,7.259526839044E-1));
#242=AXIS2_PLACEMENT_3D('',#239,#240,#241);
#244=DIRECTION('',(0.E0,0.E0,-1.E0));
#245=VECTOR('',#244,6.805410970947E-2);
#246=CARTESIAN_POINT('',(3.45E0,1.90517145E0,6.805410970947E-2));
#247=LINE('',#246,#245);
#248=DIRECTION('',(1.E0,0.E0,0.E0));
#249=VECTOR('',#248,3.053210992481E-3);
#250=CARTESIAN_POINT('',(3.696946789008E0,1.90517145E0,-9.879320080019E-2));
#251=LINE('',#250,#249);
#252=DIRECTION('',(0.E0,0.E0,1.E0));
#253=VECTOR('',#252,1.693600260233E-1);
#254=CARTESIAN_POINT('',(3.7E0,1.90517145E0,-9.879320080019E-2));
#255=LINE('',#254,#253);
#256=CARTESIAN_POINT('',(3.85E0,1.90517145E0,7.056682522308E-2));
#257=DIRECTION('',(0.E0,1.E0,0.E0));
#258=DIRECTION('',(-1.E0,0.E0,0.E0));
#259=AXIS2_PLACEMENT_3D('',#256,#257,#258);
#261=DIRECTION('',(7.295372041404E-1,0.E0,6.839411288810E-1));
#262=VECTOR('',#261,1.462325234723E-1);
#263=CARTESIAN_POINT('',(3.747408830668E0,1.90517145E0,1.799974058441E-1));
#264=LINE('',#263,#262);
#265=DIRECTION('',(6.804510993646E-1,0.E0,7.327934916288E-1));
#266=VECTOR('',#265,2.489546539374E-1);
#267=CARTESIAN_POINT('',(-3.854090896996E0,1.90517145E0,2.800118430269E-1));
#268=LINE('',#267,#266);
#269=DIRECTION('',(7.295372041404E-1,0.E0,-6.839411288810E-1));
#270=VECTOR('',#269,1.462325234723E-1);
#271=CARTESIAN_POINT('',(-3.854090896996E0,1.90517145E0,2.800118430269E-1));
#272=LINE('',#271,#270);
#273=CARTESIAN_POINT('',(-3.85E0,1.90517145E0,7.056682522308E-2));
#274=DIRECTION('',(0.E0,1.E0,0.E0));
#275=DIRECTION('',(6.839411288810E-1,0.E0,7.295372041404E-1));
#276=AXIS2_PLACEMENT_3D('',#273,#274,#275);
#278=DIRECTION('',(0.E0,0.E0,-1.E0));
#279=VECTOR('',#278,1.693600260233E-1);
#280=CARTESIAN_POINT('',(-3.7E0,1.90517145E0,7.056682522308E-2));
#281=LINE('',#280,#279);
#282=DIRECTION('',(1.E0,0.E0,0.E0));
#283=VECTOR('',#282,3.053210992481E-3);
#284=CARTESIAN_POINT('',(-3.7E0,1.90517145E0,-9.879320080019E-2));
#285=LINE('',#284,#283);
#286=DIRECTION('',(0.E0,0.E0,1.E0));
#287=VECTOR('',#286,6.805410970947E-2);
#288=CARTESIAN_POINT('',(-3.45E0,1.90517145E0,0.E0));
#289=LINE('',#288,#287);
#290=CARTESIAN_POINT('',(-3.85E0,1.90517145E0,6.805410970947E-2));
#291=DIRECTION('',(0.E0,-1.E0,0.E0));
#292=DIRECTION('',(1.E0,0.E0,0.E0));
#293=AXIS2_PLACEMENT_3D('',#290,#291,#292);
#295=DIRECTION('',(-7.259526839044E-1,0.E0,6.877446479123E-1));
#296=VECTOR('',#295,1.512320163995E-1);
#297=CARTESIAN_POINT('',(-3.574902140835E0,1.90517145E0,3.584351832712E-1));
#298=LINE('',#297,#296);
#299=DIRECTION('',(0.E0,1.E0,0.E0));
#300=VECTOR('',#299,6.998589E-1);
#301=CARTESIAN_POINT('',(3.574902140835E0,1.20531255E0,3.584351832712E-1));
#302=LINE('',#301,#300);
#303=CARTESIAN_POINT('',(3.45E0,3.E-1,-1.48E0));
#304=DIRECTION('',(-1.E0,0.E0,0.E0));
#305=DIRECTION('',(0.E0,-1.E0,0.E0));
#306=AXIS2_PLACEMENT_3D('',#303,#304,#305);
#308=DIRECTION('',(0.E0,0.E0,-1.E0));
#309=VECTOR('',#308,1.E-1);
#310=CARTESIAN_POINT('',(3.45E0,1.5E-1,-1.48E0));
#311=LINE('',#310,#309);
#312=DIRECTION('',(0.E0,-1.E0,0.E0));
#313=VECTOR('',#312,1.6E0);
#314=CARTESIAN_POINT('',(3.45E0,0.E0,-1.73E0));
#315=LINE('',#314,#313);
#316=CARTESIAN_POINT('',(3.45E0,-1.6E0,-1.93E0));
#317=DIRECTION('',(-1.E0,0.E0,0.E0));
#318=DIRECTION('',(0.E0,-1.E0,0.E0));
#319=AXIS2_PLACEMENT_3D('',#316,#317,#318);
#321=DIRECTION('',(0.E0,0.E0,-1.E0));
#322=VECTOR('',#321,5.E-1);
#323=CARTESIAN_POINT('',(3.45E0,-1.8E0,-1.93E0));
#324=LINE('',#323,#322);
#325=CARTESIAN_POINT('',(3.45E0,-1.6E0,-2.43E0));
#326=DIRECTION('',(-1.E0,0.E0,0.E0));
#327=DIRECTION('',(0.E0,0.E0,-1.E0));
#328=AXIS2_PLACEMENT_3D('',#325,#326,#327);
#330=DIRECTION('',(0.E0,1.E0,0.E0));
#331=VECTOR('',#330,2.55E0);
#332=CARTESIAN_POINT('',(3.45E0,-1.6E0,-2.63E0));
#333=LINE('',#332,#331);
#334=DIRECTION('',(0.E0,0.E0,1.E0));
#335=VECTOR('',#334,1.2E-1);
#336=CARTESIAN_POINT('',(3.45E0,1.1E0,-2.9E0));
#337=LINE('',#336,#335);
#338=DIRECTION('',(0.E0,0.E0,-1.E0));
#339=VECTOR('',#338,1.45E0);
#340=CARTESIAN_POINT('',(3.45E0,1.086706716908E0,-3.05E0));
#341=LINE('',#340,#339);
#342=DIRECTION('',(0.E0,1.E0,0.E0));
#343=VECTOR('',#342,6.998589E-1);
#344=CARTESIAN_POINT('',(3.45E0,1.20531255E0,6.805410970947E-2));
#345=LINE('',#344,#343);
#346=DIRECTION('',(0.E0,0.E0,-1.E0));
#347=VECTOR('',#346,9.5E-1);
#348=CARTESIAN_POINT('',(3.45E0,1.086706716908E0,0.E0));
#349=LINE('',#348,#347);
#350=DIRECTION('',(0.E0,0.E0,1.E0));
#351=VECTOR('',#350,8.E-2);
#352=CARTESIAN_POINT('',(3.45E0,1.1E0,-1.18E0));
#353=LINE('',#352,#351);
#354=DIRECTION('',(0.E0,-1.E0,0.E0));
#355=VECTOR('',#354,6.5E-1);
#356=CARTESIAN_POINT('',(3.45E0,9.5E-1,-1.33E0));
#357=LINE('',#356,#355);
#358=DIRECTION('',(-1.E0,0.E0,0.E0));
#359=VECTOR('',#358,2.5E-1);
#360=CARTESIAN_POINT('',(3.7E0,3.E-1,-1.33E0));
#361=LINE('',#360,#359);
#362=DIRECTION('',(-1.E0,0.E0,0.E0));
#363=VECTOR('',#362,2.5E-1);
#364=CARTESIAN_POINT('',(3.7E0,9.5E-1,-1.33E0));
#365=LINE('',#364,#363);
#366=CARTESIAN_POINT('',(3.7E0,9.5E-1,-1.18E0));
#367=DIRECTION('',(-1.E0,0.E0,0.E0));
#368=DIRECTION('',(0.E0,1.E0,0.E0));
#369=AXIS2_PLACEMENT_3D('',#366,#367,#368);
#371=CARTESIAN_POINT('',(3.45E0,9.5E-1,-1.18E0));
#372=DIRECTION('',(1.E0,0.E0,0.E0));
#373=DIRECTION('',(0.E0,0.E0,-1.E0));
#374=AXIS2_PLACEMENT_3D('',#371,#372,#373);
#376=CARTESIAN_POINT('',(3.7E0,-1.65E0,-5.35E0));
#377=DIRECTION('',(1.E0,0.E0,0.E0));
#378=DIRECTION('',(0.E0,0.E0,1.E0));
#379=AXIS2_PLACEMENT_3D('',#376,#377,#378);
#381=DIRECTION('',(0.E0,1.E0,0.E0));
#382=VECTOR('',#381,2.6E0);
#383=CARTESIAN_POINT('',(3.7E0,-1.65E0,-5.2E0));
#384=LINE('',#383,#382);
#385=DIRECTION('',(0.E0,0.E0,1.E0));
#386=VECTOR('',#385,1.E-1);
#387=CARTESIAN_POINT('',(3.7E0,1.1E0,-5.05E0));
#388=LINE('',#387,#386);
#389=DIRECTION('',(0.E0,0.E0,1.E0));
#390=VECTOR('',#389,1.926528974212E0);
#391=CARTESIAN_POINT('',(3.7E0,1.086706716908E0,-4.888264487106E0));
#392=LINE('',#391,#390);
#393=DIRECTION('',(0.E0,0.E0,1.E0));
#394=VECTOR('',#393,1.2E-1);
#395=CARTESIAN_POINT('',(3.7E0,1.1E0,-2.9E0));
#396=LINE('',#395,#394);
#397=DIRECTION('',(0.E0,1.E0,0.E0));
#398=VECTOR('',#397,2.55E0);
#399=CARTESIAN_POINT('',(3.7E0,-1.6E0,-2.63E0));
#400=LINE('',#399,#398);
#401=CARTESIAN_POINT('',(3.7E0,-1.6E0,-2.43E0));
#402=DIRECTION('',(1.E0,0.E0,0.E0));
#403=DIRECTION('',(0.E0,-1.E0,0.E0));
#404=AXIS2_PLACEMENT_3D('',#401,#402,#403);
#406=DIRECTION('',(0.E0,0.E0,-1.E0));
#407=VECTOR('',#406,5.E-1);
#408=CARTESIAN_POINT('',(3.7E0,-1.8E0,-1.93E0));
#409=LINE('',#408,#407);
#410=CARTESIAN_POINT('',(3.7E0,-1.6E0,-1.93E0));
#411=DIRECTION('',(1.E0,0.E0,0.E0));
#412=DIRECTION('',(0.E0,0.E0,1.E0));
#413=AXIS2_PLACEMENT_3D('',#410,#411,#412);
#415=DIRECTION('',(0.E0,-1.E0,0.E0));
#416=VECTOR('',#415,1.6E0);
#417=CARTESIAN_POINT('',(3.7E0,0.E0,-1.73E0));
#418=LINE('',#417,#416);
#419=DIRECTION('',(0.E0,0.E0,-1.E0));
#420=VECTOR('',#419,1.E-1);
#421=CARTESIAN_POINT('',(3.7E0,1.5E-1,-1.48E0));
#422=LINE('',#421,#420);
#423=CARTESIAN_POINT('',(3.7E0,3.E-1,-1.48E0));
#424=DIRECTION('',(1.E0,0.E0,0.E0));
#425=DIRECTION('',(0.E0,0.E0,1.E0));
#426=AXIS2_PLACEMENT_3D('',#423,#424,#425);
#428=DIRECTION('',(0.E0,-1.E0,0.E0));
#429=VECTOR('',#428,6.5E-1);
#430=CARTESIAN_POINT('',(3.7E0,9.5E-1,-1.33E0));
#431=LINE('',#430,#429);
#432=DIRECTION('',(0.E0,0.E0,1.E0));
#433=VECTOR('',#432,8.E-2);
#434=CARTESIAN_POINT('',(3.7E0,1.1E0,-1.18E0));
#435=LINE('',#434,#433);
#436=DIRECTION('',(0.E0,0.E0,1.E0));
#437=VECTOR('',#436,1.038264487106E0);
#438=CARTESIAN_POINT('',(3.7E0,1.086706716908E0,-1.038264487106E0));
#439=LINE('',#438,#437);
#440=DIRECTION('',(0.E0,1.E0,0.E0));
#441=VECTOR('',#440,5.517145000012E-2);
#442=CARTESIAN_POINT('',(3.7E0,1.85E0,-9.879320080019E-2));
#443=LINE('',#442,#441);
#444=DIRECTION('',(0.E0,0.E0,-1.E0));
#445=VECTOR('',#444,5.901206799200E0);
#446=CARTESIAN_POINT('',(3.7E0,1.85E0,-9.879320080019E-2));
#447=LINE('',#446,#445);
#448=CARTESIAN_POINT('',(3.7E0,-1.65E0,-5.85E0));
#449=DIRECTION('',(1.E0,0.E0,0.E0));
#450=DIRECTION('',(0.E0,-1.E0,0.E0));
#451=AXIS2_PLACEMENT_3D('',#448,#449,#450);
#453=CARTESIAN_POINT('',(3.45E0,-1.65E0,-5.35E0));
#454=DIRECTION('',(-1.E0,0.E0,0.E0));
#455=DIRECTION('',(0.E0,-1.E0,0.E0));
#456=AXIS2_PLACEMENT_3D('',#453,#454,#455);
#458=DIRECTION('',(0.E0,0.E0,-1.E0));
#459=VECTOR('',#458,5.E-1);
#460=CARTESIAN_POINT('',(3.45E0,-1.8E0,-5.35E0));
#461=LINE('',#460,#459);
#462=CARTESIAN_POINT('',(3.45E0,-1.65E0,-5.85E0));
#463=DIRECTION('',(-1.E0,0.E0,0.E0));
#464=DIRECTION('',(0.E0,0.E0,-1.E0));
#465=AXIS2_PLACEMENT_3D('',#462,#463,#464);
#467=DIRECTION('',(0.E0,-1.E0,0.E0));
#468=VECTOR('',#467,9.E-1);
#469=CARTESIAN_POINT('',(3.45E0,1.85E0,-4.8E0));
#470=LINE('',#469,#468);
#471=DIRECTION('',(0.E0,0.E0,-1.E0));
#472=VECTOR('',#471,1.E-1);
#473=CARTESIAN_POINT('',(3.45E0,1.1E0,-4.95E0));
#474=LINE('',#473,#472);
#475=DIRECTION('',(0.E0,1.E0,0.E0));
#476=VECTOR('',#475,2.6E0);
#477=CARTESIAN_POINT('',(3.45E0,-1.65E0,-5.2E0));
#478=LINE('',#477,#476);
#479=DIRECTION('',(-1.E0,0.E0,0.E0));
#480=VECTOR('',#479,2.5E-1);
#481=CARTESIAN_POINT('',(3.7E0,-1.8E0,-5.35E0));
#482=LINE('',#481,#480);
#483=DIRECTION('',(0.E0,0.E0,-1.E0));
#484=VECTOR('',#483,5.E-1);
#485=CARTESIAN_POINT('',(3.7E0,-1.8E0,-5.35E0));
#486=LINE('',#485,#484);
#487=DIRECTION('',(-1.E0,0.E0,0.E0));
#488=VECTOR('',#487,2.5E-1);
#489=CARTESIAN_POINT('',(3.7E0,-1.8E0,-5.85E0));
#490=LINE('',#489,#488);
#491=DIRECTION('',(0.E0,1.E0,0.E0));
#492=VECTOR('',#491,2.5E-1);
#493=CARTESIAN_POINT('',(2.525E0,2.1E0,-6.E0));
#494=LINE('',#493,#492);
#495=DIRECTION('',(-1.E0,0.E0,0.E0));
#496=VECTOR('',#495,6.75E-1);
#497=CARTESIAN_POINT('',(3.2E0,2.1E0,-6.E0));
#498=LINE('',#497,#496);
#499=CARTESIAN_POINT('',(3.2E0,1.85E0,-6.E0));
#500=DIRECTION('',(0.E0,0.E0,1.E0));
#501=DIRECTION('',(1.E0,0.E0,0.E0));
#502=AXIS2_PLACEMENT_3D('',#499,#500,#501);
#504=DIRECTION('',(0.E0,1.E0,0.E0));
#505=VECTOR('',#504,3.5E0);
#506=CARTESIAN_POINT('',(3.45E0,-1.65E0,-6.E0));
#507=LINE('',#506,#505);
#508=DIRECTION('',(-1.E0,0.E0,0.E0));
#509=VECTOR('',#508,2.5E-1);
#510=CARTESIAN_POINT('',(3.7E0,-1.65E0,-6.E0));
#511=LINE('',#510,#509);
#512=DIRECTION('',(0.E0,-1.E0,0.E0));
#513=VECTOR('',#512,3.5E0);
#514=CARTESIAN_POINT('',(3.7E0,1.85E0,-6.E0));
#515=LINE('',#514,#513);
#516=CARTESIAN_POINT('',(3.2E0,1.85E0,-6.E0));
#517=DIRECTION('',(0.E0,0.E0,-1.E0));
#518=DIRECTION('',(0.E0,1.E0,0.E0));
#519=AXIS2_PLACEMENT_3D('',#516,#517,#518);
#521=DIRECTION('',(1.E0,0.E0,0.E0));
#522=VECTOR('',#521,6.75E-1);
#523=CARTESIAN_POINT('',(2.525E0,2.35E0,-6.E0));
#524=LINE('',#523,#522);
#525=DIRECTION('',(0.E0,-1.E0,0.E0));
#526=VECTOR('',#525,2.5E-1);
#527=CARTESIAN_POINT('',(-2.525E0,2.35E0,-6.E0));
#528=LINE('',#527,#526);
#529=DIRECTION('',(1.E0,0.E0,0.E0));
#530=VECTOR('',#529,6.75E-1);
#531=CARTESIAN_POINT('',(-3.2E0,2.35E0,-6.E0));
#532=LINE('',#531,#530);
#533=CARTESIAN_POINT('',(-3.2E0,1.85E0,-6.E0));
#534=DIRECTION('',(0.E0,0.E0,-1.E0));
#535=DIRECTION('',(-1.E0,0.E0,0.E0));
#536=AXIS2_PLACEMENT_3D('',#533,#534,#535);
#538=DIRECTION('',(0.E0,1.E0,0.E0));
#539=VECTOR('',#538,3.5E0);
#540=CARTESIAN_POINT('',(-3.7E0,-1.65E0,-6.E0));
#541=LINE('',#540,#539);
#542=DIRECTION('',(-1.E0,0.E0,0.E0));
#543=VECTOR('',#542,2.5E-1);
#544=CARTESIAN_POINT('',(-3.45E0,-1.65E0,-6.E0));
#545=LINE('',#544,#543);
#546=DIRECTION('',(0.E0,-1.E0,0.E0));
#547=VECTOR('',#546,3.5E0);
#548=CARTESIAN_POINT('',(-3.45E0,1.85E0,-6.E0));
#549=LINE('',#548,#547);
#550=CARTESIAN_POINT('',(-3.2E0,1.85E0,-6.E0));
#551=DIRECTION('',(0.E0,0.E0,1.E0));
#552=DIRECTION('',(0.E0,1.E0,0.E0));
#553=AXIS2_PLACEMENT_3D('',#550,#551,#552);
#555=DIRECTION('',(-1.E0,0.E0,0.E0));
#556=VECTOR('',#555,6.75E-1);
#557=CARTESIAN_POINT('',(-2.525E0,2.1E0,-6.E0));
#558=LINE('',#557,#556);
#559=CARTESIAN_POINT('',(1.9E0,2.35E0,-1.35E0));
#560=DIRECTION('',(0.E0,1.E0,0.E0));
#561=DIRECTION('',(5.E-1,0.E0,8.660254037844E-1));
#562=AXIS2_PLACEMENT_3D('',#559,#560,#561);
#564=DIRECTION('',(0.E0,0.E0,1.E0));
#565=VECTOR('',#564,2.401923788647E-1);
#566=CARTESIAN_POINT('',(1.9E0,2.35E0,-1.090192378865E0));
#567=LINE('',#566,#565);
#568=DIRECTION('',(1.E0,0.E0,0.E0));
#569=VECTOR('',#568,6.5E-1);
#570=CARTESIAN_POINT('',(2.05E0,2.35E0,-7.E-1));
#571=LINE('',#570,#569);
#572=DIRECTION('',(0.E0,0.E0,-1.E0));
#573=VECTOR('',#572,2.401923788647E-1);
#574=CARTESIAN_POINT('',(2.85E0,2.35E0,-8.5E-1));
#575=LINE('',#574,#573);
#576=CARTESIAN_POINT('',(2.85E0,2.35E0,-1.35E0));
#577=DIRECTION('',(0.E0,1.E0,0.E0));
#578=DIRECTION('',(-1.E0,0.E0,0.E0));
#579=AXIS2_PLACEMENT_3D('',#576,#577,#578);
#581=DIRECTION('',(0.E0,0.E0,-1.E0));
#582=VECTOR('',#581,9.E-1);
#583=CARTESIAN_POINT('',(2.7E0,2.35E0,-1.35E0));
#584=LINE('',#583,#582);
#585=DIRECTION('',(-1.E0,0.E0,0.E0));
#586=VECTOR('',#585,3.5E-1);
#587=CARTESIAN_POINT('',(2.55E0,2.35E0,-2.4E0));
#588=LINE('',#587,#586);
#589=DIRECTION('',(0.E0,0.E0,1.E0));
#590=VECTOR('',#589,9.E-1);
#591=CARTESIAN_POINT('',(2.05E0,2.35E0,-2.25E0));
#592=LINE('',#591,#590);
#593=CARTESIAN_POINT('',(-2.85E0,2.35E0,-1.35E0));
#594=DIRECTION('',(0.E0,1.E0,0.E0));
#595=DIRECTION('',(5.E-1,0.E0,8.660254037844E-1));
#596=AXIS2_PLACEMENT_3D('',#593,#594,#595);
#598=DIRECTION('',(0.E0,0.E0,1.E0));
#599=VECTOR('',#598,2.401923788647E-1);
#600=CARTESIAN_POINT('',(-2.85E0,2.35E0,-1.090192378865E0));
#601=LINE('',#600,#599);
#602=DIRECTION('',(1.E0,0.E0,0.E0));
#603=VECTOR('',#602,6.5E-1);
#604=CARTESIAN_POINT('',(-2.7E0,2.35E0,-7.E-1));
#605=LINE('',#604,#603);
#606=DIRECTION('',(0.E0,0.E0,-1.E0));
#607=VECTOR('',#606,2.401923788647E-1);
#608=CARTESIAN_POINT('',(-1.9E0,2.35E0,-8.5E-1));
#609=LINE('',#608,#607);
#610=CARTESIAN_POINT('',(-1.9E0,2.35E0,-1.35E0));
#611=DIRECTION('',(0.E0,1.E0,0.E0));
#612=DIRECTION('',(-1.E0,0.E0,0.E0));
#613=AXIS2_PLACEMENT_3D('',#610,#611,#612);
#615=DIRECTION('',(0.E0,0.E0,-1.E0));
#616=VECTOR('',#615,9.E-1);
#617=CARTESIAN_POINT('',(-2.05E0,2.35E0,-1.35E0));
#618=LINE('',#617,#616);
#619=DIRECTION('',(-1.E0,0.E0,0.E0));
#620=VECTOR('',#619,3.5E-1);
#621=CARTESIAN_POINT('',(-2.2E0,2.35E0,-2.4E0));
#622=LINE('',#621,#620);
#623=DIRECTION('',(0.E0,0.E0,1.E0));
#624=VECTOR('',#623,9.E-1);
#625=CARTESIAN_POINT('',(-2.7E0,2.35E0,-2.25E0));
#626=LINE('',#625,#624);
#627=CARTESIAN_POINT('',(2.525E0,2.35E0,-5.85E0));
#628=DIRECTION('',(0.E0,1.E0,0.E0));
#629=DIRECTION('',(0.E0,0.E0,-1.E0));
#630=AXIS2_PLACEMENT_3D('',#627,#628,#629);
#632=DIRECTION('',(0.E0,0.E0,1.E0));
#633=VECTOR('',#632,6.E0);
#634=CARTESIAN_POINT('',(3.2E0,2.35E0,-6.E0));
#635=LINE('',#634,#633);
#636=CARTESIAN_POINT('',(-2.525E0,2.35E0,-5.85E0));
#637=DIRECTION('',(0.E0,1.E0,0.E0));
#638=DIRECTION('',(1.E0,0.E0,0.E0));
#639=AXIS2_PLACEMENT_3D('',#636,#637,#638);
#641=DIRECTION('',(0.E0,0.E0,1.E0));
#642=VECTOR('',#641,2.5E-1);
#643=CARTESIAN_POINT('',(-1.75E0,2.35E0,-4.8E0));
#644=LINE('',#643,#642);
#645=DIRECTION('',(-1.E0,0.E0,0.E0));
#646=VECTOR('',#645,5.E-2);
#647=CARTESIAN_POINT('',(-1.7E0,2.35E0,-4.55E0));
#648=LINE('',#647,#646);
#649=DIRECTION('',(0.E0,0.E0,1.E0));
#650=VECTOR('',#649,5.E-2);
#651=CARTESIAN_POINT('',(-1.7E0,2.35E0,-4.6E0));
#652=LINE('',#651,#650);
#653=DIRECTION('',(1.E0,0.E0,0.E0));
#654=VECTOR('',#653,9.5E-1);
#655=CARTESIAN_POINT('',(-1.7E0,2.35E0,-4.6E0));
#656=LINE('',#655,#654);
#657=DIRECTION('',(-1.E0,0.E0,0.E0));
#658=VECTOR('',#657,1.5E0);
#659=CARTESIAN_POINT('',(7.5E-1,2.35E0,-4.55E0));
#660=LINE('',#659,#658);
#661=DIRECTION('',(-1.110223024625E-14,0.E0,1.E0));
#662=VECTOR('',#661,5.E-2);
#663=CARTESIAN_POINT('',(7.5E-1,2.35E0,-4.6E0));
#664=LINE('',#663,#662);
#665=DIRECTION('',(1.E0,0.E0,0.E0));
#666=VECTOR('',#665,9.5E-1);
#667=CARTESIAN_POINT('',(7.5E-1,2.35E0,-4.6E0));
#668=LINE('',#667,#666);
#669=DIRECTION('',(-1.E0,0.E0,0.E0));
#670=VECTOR('',#669,5.E-2);
#671=CARTESIAN_POINT('',(1.75E0,2.35E0,-4.55E0));
#672=LINE('',#671,#670);
#673=DIRECTION('',(0.E0,0.E0,1.E0));
#674=VECTOR('',#673,2.5E-1);
#675=CARTESIAN_POINT('',(1.75E0,2.35E0,-4.8E0));
#676=LINE('',#675,#674);
#677=DIRECTION('',(0.E0,0.E0,-1.E0));
#678=VECTOR('',#677,1.05E0);
#679=CARTESIAN_POINT('',(2.375E0,2.35E0,-4.8E0));
#680=LINE('',#679,#678);
#681=CARTESIAN_POINT('',(-1.000246839840E0,2.35E0,-3.079286909465E0));
#682=DIRECTION('',(0.E0,1.E0,0.E0));
#683=DIRECTION('',(-9.817370361667E-1,0.E0,-1.902429809971E-1));
#684=AXIS2_PLACEMENT_3D('',#681,#682,#683);
#686=DIRECTION('',(1.902429809971E-1,0.E0,-9.817370361667E-1));
#687=VECTOR('',#686,1.495789148039E-1);
#688=CARTESIAN_POINT('',(-1.038087913534E0,2.35E0,-3.086619828973E0));
#689=LINE('',#688,#687);
#690=DIRECTION('',(1.E0,0.E0,0.E0));
#691=VECTOR('',#690,3.5975352E-1);
#692=CARTESIAN_POINT('',(-1.009631574887E0,2.35E0,-3.233466989465E0));
#693=LINE('',#692,#691);
#694=DIRECTION('',(-1.902429809971E-1,0.E0,9.817370361667E-1));
#695=VECTOR('',#694,6.412803396500E-1);
#696=CARTESIAN_POINT('',(-6.498780548873E-1,2.35E0,-3.233466989465E0));
#697=LINE('',#696,#695);
#698=DIRECTION('',(1.E0,0.E0,0.E0));
#699=VECTOR('',#698,1.3276618E-1);
#700=CARTESIAN_POINT('',(-7.718771383572E-1,2.35E0,-2.603898329465E0));
#701=LINE('',#700,#699);
#702=DIRECTION('',(1.902429809971E-1,0.E0,-9.817370361667E-1));
#703=VECTOR('',#702,7.459791706133E-1);
#704=CARTESIAN_POINT('',(-6.391109583572E-1,2.35E0,-2.603898329465E0));
#705=LINE('',#704,#703);
#706=DIRECTION('',(1.E0,0.E0,0.E0));
#707=VECTOR('',#706,9.422116E-2);
#708=CARTESIAN_POINT('',(-4.971936571779E-1,2.35E0,-3.336253709465E0));
#709=LINE('',#708,#707);
#710=DIRECTION('',(4.440097461062E-1,0.E0,8.960219558486E-1));
#711=VECTOR('',#710,4.768577462387E-1);
#712=CARTESIAN_POINT('',(-4.029724971779E-1,2.35E0,-3.336253709465E0));
#713=LINE('',#712,#711);
#714=DIRECTION('',(-7.624425110114E-1,0.E0,6.470559615694E-1));
#715=VECTOR('',#714,4.714899292693E-1);
#716=CARTESIAN_POINT('',(-1.912430103417E-1,2.35E0,-2.908978699019E0));
#717=LINE('',#716,#715);
#718=DIRECTION('',(1.E0,0.E0,0.E0));
#719=VECTOR('',#718,2.0557344E-1);
#720=CARTESIAN_POINT('',(-5.507269759304E-1,2.35E0,-2.603898329465E0));
#721=LINE('',#720,#719);
#722=DIRECTION('',(7.624425110114E-1,0.E0,-6.470559615694E-1));
#723=VECTOR('',#722,3.808528296149E-1);
#724=CARTESIAN_POINT('',(-3.451535359304E-1,2.35E0,-2.603898329465E0));
#725=LINE('',#724,#723);
#726=DIRECTION('',(-1.902429809971E-1,0.E0,9.817370361667E-1));
#727=VECTOR('',#726,2.510174158705E-1);
#728=CARTESIAN_POINT('',(-5.477514819300E-2,2.35E0,-2.850331423348E0));
#729=LINE('',#728,#727);
#730=DIRECTION('',(1.E0,0.E0,0.E0));
#731=VECTOR('',#730,4.8395414E-1);
#732=CARTESIAN_POINT('',(-1.025294496704E-1,2.35E0,-2.603898329465E0));
#733=LINE('',#732,#731);
#734=DIRECTION('',(6.335159235754E-1,0.E0,-7.737296521243E-1));
#735=VECTOR('',#734,3.099734892430E-1);
#736=CARTESIAN_POINT('',(3.814246903296E-1,2.35E0,-2.603898329465E0));
#737=LINE('',#736,#735);
#738=DIRECTION('',(5.581796259215E-1,0.E0,8.297201366763E-1));
#739=VECTOR('',#738,2.890561159097E-1);
#740=CARTESIAN_POINT('',(5.777978316513E-1,2.35E0,-2.843734009465E0));
#741=LINE('',#740,#739);
#742=DIRECTION('',(1.E0,0.E0,0.E0));
#743=VECTOR('',#742,1.6274564E-1);
#744=CARTESIAN_POINT('',(7.391430663001E-1,2.35E0,-2.603898329465E0));
#745=LINE('',#744,#743);
#746=DIRECTION('',(-5.581796259215E-1,0.E0,-8.297201366763E-1));
#747=VECTOR('',#746,4.205635411350E-1);
#748=CARTESIAN_POINT('',(9.018887063001E-1,2.35E0,-2.603898329465E0));
#749=LINE('',#748,#747);
#750=DIRECTION('',(6.335159235754E-1,0.E0,-7.737296521243E-1));
#751=VECTOR('',#750,5.342755057059E-1);
#752=CARTESIAN_POINT('',(6.671387062331E-1,2.35E0,-2.952848368297E0));
#753=LINE('',#752,#751);
#754=DIRECTION('',(-1.E0,0.E0,0.E0));
#755=VECTOR('',#754,1.713112E-1);
#756=CARTESIAN_POINT('',(1.005610746674E0,2.35E0,-3.366233169465E0));
#757=LINE('',#756,#755);
#758=DIRECTION('',(-6.335159235754E-1,0.E0,7.737296521243E-1));
#759=VECTOR('',#758,3.858293145749E-1);
#760=CARTESIAN_POINT('',(8.342995466741E-1,2.35E0,-3.366233169465E0));
#761=LINE('',#760,#759);
#762=DIRECTION('',(-5.581796259216E-1,0.E0,-8.297201366763E-1));
#763=VECTOR('',#762,3.597931014923E-1);
#764=CARTESIAN_POINT('',(5.898705321087E-1,2.35E0,-3.067705588120E0));
#765=LINE('',#764,#763);
#766=DIRECTION('',(-1.E0,0.E0,0.E0));
#767=VECTOR('',#766,1.6274564E-1);
#768=CARTESIAN_POINT('',(3.890413533086E-1,2.35E0,-3.366233169465E0));
#769=LINE('',#768,#767);
#770=DIRECTION('',(5.581796259216E-1,0.E0,8.297201366763E-1));
#771=VECTOR('',#770,4.913005267176E-1);
#772=CARTESIAN_POINT('',(2.262957133086E-1,2.35E0,-3.366233169465E0));
#773=LINE('',#772,#771);
#774=DIRECTION('',(-6.335159235754E-1,0.E0,7.737296521243E-1));
#775=VECTOR('',#774,4.141377533393E-1);
#776=CARTESIAN_POINT('',(5.005296575269E-1,2.35E0,-2.958591229288E0));
#777=LINE('',#776,#775);
#778=DIRECTION('',(-1.E0,0.E0,0.E0));
#779=VECTOR('',#778,2.0129066E-1);
#780=CARTESIAN_POINT('',(2.381667962327E-1,2.35E0,-2.638160569465E0));
#781=LINE('',#780,#779);
#782=DIRECTION('',(1.902429809971E-1,0.E0,-9.817370361667E-1));
#783=VECTOR('',#782,7.416167193232E-1);
#784=CARTESIAN_POINT('',(3.687613623274E-2,2.35E0,-2.638160569465E0));
#785=LINE('',#784,#783);
#786=DIRECTION('',(-1.E0,0.E0,0.E0));
#787=VECTOR('',#786,1.3276618E-1);
#788=CARTESIAN_POINT('',(1.779635116741E-1,2.35E0,-3.366233169465E0));
#789=LINE('',#788,#787);
#790=DIRECTION('',(-1.902429809971E-1,0.E0,9.817370361667E-1));
#791=VECTOR('',#790,3.128138729939E-1);
#792=CARTESIAN_POINT('',(4.519733167406E-2,2.35E0,-3.366233169465E0));
#793=LINE('',#792,#791);
#794=DIRECTION('',(-7.624425110114E-1,0.E0,6.470559615695E-1));
#795=VECTOR('',#794,9.524958975686E-2);
#796=CARTESIAN_POINT('',(-1.431331202154E-2,2.35E0,-3.059132204920E0));
#797=LINE('',#796,#795);
#798=DIRECTION('',(-4.440097461062E-1,0.E0,-8.960219558486E-1));
#799=VECTOR('',#798,4.115220358466E-1);
#800=CARTESIAN_POINT('',(-8.693564840857E-2,2.35E0,-2.997500390031E0));
#801=LINE('',#800,#799);
#802=DIRECTION('',(-1.E0,0.E0,0.E0));
#803=VECTOR('',#802,8.176916939748E-1);
#804=CARTESIAN_POINT('',(-2.696554430619E-1,2.35E0,-3.366233169465E0));
#805=LINE('',#804,#803);
#806=CARTESIAN_POINT('',(-1.087347137037E0,2.35E0,-3.327688149465E0));
#807=DIRECTION('',(0.E0,1.E0,0.E0));
#808=DIRECTION('',(0.E0,0.E0,-1.E0));
#809=AXIS2_PLACEMENT_3D('',#806,#807,#808);
#811=DIRECTION('',(-1.902429809971E-1,0.E0,9.817370361667E-1));
#812=VECTOR('',#811,2.572590518557E-1);
#813=CARTESIAN_POINT('',(-1.125188210731E0,2.35E0,-3.335021068973E0));
#814=LINE('',#813,#812);
#815=DIRECTION('',(6.067244641119E-1,0.E0,7.949122119128E-1));
#816=VECTOR('',#815,1.386856545409E-1);
#817=CARTESIAN_POINT('',(-1.174129939644E0,2.35E0,-3.082460329877E0));
#818=LINE('',#817,#816);
#819=DIRECTION('',(-7.775518085501E-1,0.E0,6.288188809351E-1));
#820=VECTOR('',#819,1.609080272604E-1);
#821=CARTESIAN_POINT('',(-1.089985960213E0,2.35E0,-2.972217409465E0));
#822=LINE('',#821,#820);
#823=DIRECTION('',(-1.902429809971E-1,0.E0,9.817370361667E-1));
#824=VECTOR('',#823,1.734513828473E-1);
#825=CARTESIAN_POINT('',(-1.215100287819E0,2.35E0,-2.871035403830E0));
#826=LINE('',#825,#824);
#827=CARTESIAN_POINT('',(-1.168211484819E0,2.35E0,-2.685271149465E0));
#828=DIRECTION('',(0.E0,1.E0,0.E0));
#829=DIRECTION('',(-9.817370361667E-1,0.E0,-1.902429809971E-1));
#830=AXIS2_PLACEMENT_3D('',#827,#828,#829);
#832=DIRECTION('',(1.E0,0.E0,0.E0));
#833=VECTOR('',#832,2.610983564675E-1);
#834=CARTESIAN_POINT('',(-1.168211484819E0,2.35E0,-2.603898329465E0));
#835=LINE('',#834,#833);
#836=DIRECTION('',(1.902429809971E-1,0.E0,-9.817370361667E-1));
#837=VECTOR('',#836,1.352359899942E-1);
#838=CARTESIAN_POINT('',(-9.071131283514E-1,2.35E0,-2.603898329465E0));
#839=LINE('',#838,#837);
#840=DIRECTION('',(-1.E0,0.E0,0.E0));
#841=VECTOR('',#840,2.245175300058E-1);
#842=CARTESIAN_POINT('',(-8.813854304768E-1,2.35E0,-2.736664509465E0));
#843=LINE('',#842,#841);
#844=DIRECTION('',(1.902429809971E-1,0.E0,-9.817370361667E-1));
#845=VECTOR('',#844,1.285752194263E-1);
#846=CARTESIAN_POINT('',(-1.105902960483E0,2.35E0,-2.736664509465E0));
#847=LINE('',#846,#845);
#848=CARTESIAN_POINT('',(-1.026783098788E0,2.35E0,-2.852299569465E0));
#849=DIRECTION('',(0.E0,1.E0,0.E0));
#850=DIRECTION('',(0.E0,0.E0,-1.E0));
#851=AXIS2_PLACEMENT_3D('',#848,#849,#850);
#853=DIRECTION('',(1.E0,0.E0,0.E0));
#854=VECTOR('',#853,1.785946978266E-1);
#855=CARTESIAN_POINT('',(-1.026783098788E0,2.35E0,-2.907975709465E0));
#856=LINE('',#855,#854);
#857=DIRECTION('',(1.902429809971E-1,0.E0,-9.817370361667E-1));
#858=VECTOR('',#857,1.352359899942E-1);
#859=CARTESIAN_POINT('',(-8.481884009612E-1,2.35E0,-2.907975709465E0));
#860=LINE('',#859,#858);
#861=DIRECTION('',(-1.E0,0.E0,0.E0));
#862=VECTOR('',#861,1.777861367535E-1);
#863=CARTESIAN_POINT('',(-8.224607030866E-1,2.35E0,-3.040741889465E0));
#864=LINE('',#863,#862);
#865=DIRECTION('',(0.E0,-1.E0,0.E0));
#866=VECTOR('',#865,2.5E-1);
#867=CARTESIAN_POINT('',(1.975E0,2.35E0,-1.220096189432E0));
#868=LINE('',#867,#866);
#869=CARTESIAN_POINT('',(2.05E0,2.35E0,-1.090192378865E0));
#870=DIRECTION('',(0.E0,-1.E0,0.E0));
#871=DIRECTION('',(-1.E0,0.E0,0.E0));
#872=AXIS2_PLACEMENT_3D('',#869,#870,#871);
#874=CARTESIAN_POINT('',(2.05E0,2.1E0,-1.090192378865E0));
#875=DIRECTION('',(0.E0,1.E0,0.E0));
#876=DIRECTION('',(-5.E-1,0.E0,-8.660254037844E-1));
#877=AXIS2_PLACEMENT_3D('',#874,#875,#876);
#879=DIRECTION('',(0.E0,-1.E0,0.E0));
#880=VECTOR('',#879,2.5E-1);
#881=CARTESIAN_POINT('',(1.9E0,2.35E0,-1.090192378865E0));
#882=LINE('',#881,#880);
#883=DIRECTION('',(0.E0,-1.E0,0.E0));
#884=VECTOR('',#883,2.5E-1);
#885=CARTESIAN_POINT('',(1.9E0,2.35E0,-8.5E-1));
#886=LINE('',#885,#884);
#887=DIRECTION('',(1.E0,0.E0,0.E0));
#888=VECTOR('',#887,6.2E0);
#889=CARTESIAN_POINT('',(-3.1E0,2.1E0,3.702338252263E-2));
#890=LINE('',#889,#888);
#891=DIRECTION('',(0.E0,0.E0,-1.E0));
#892=VECTOR('',#891,4.5E0);
#893=CARTESIAN_POINT('',(3.2E0,2.1E0,0.E0));
#894=LINE('',#893,#892);
#895=DIRECTION('',(0.E0,0.E0,1.E0));
#896=VECTOR('',#895,2.401923788647E-1);
#897=CARTESIAN_POINT('',(1.9E0,2.1E0,-1.090192378865E0));
#898=LINE('',#897,#896);
#899=CARTESIAN_POINT('',(1.9E0,2.1E0,-1.35E0));
#900=DIRECTION('',(0.E0,-1.E0,0.E0));
#901=DIRECTION('',(1.E0,0.E0,0.E0));
#902=AXIS2_PLACEMENT_3D('',#899,#900,#901);
#904=DIRECTION('',(0.E0,0.E0,1.E0));
#905=VECTOR('',#904,9.E-1);
#906=CARTESIAN_POINT('',(2.05E0,2.1E0,-2.25E0));
#907=LINE('',#906,#905);
#908=DIRECTION('',(-1.E0,0.E0,0.E0));
#909=VECTOR('',#908,3.5E-1);
#910=CARTESIAN_POINT('',(2.55E0,2.1E0,-2.4E0));
#911=LINE('',#910,#909);
#912=DIRECTION('',(0.E0,0.E0,-1.E0));
#913=VECTOR('',#912,9.E-1);
#914=CARTESIAN_POINT('',(2.7E0,2.1E0,-1.35E0));
#915=LINE('',#914,#913);
#916=CARTESIAN_POINT('',(2.85E0,2.1E0,-1.35E0));
#917=DIRECTION('',(0.E0,-1.E0,0.E0));
#918=DIRECTION('',(-5.000000000107E-1,0.E0,8.660254037783E-1));
#919=AXIS2_PLACEMENT_3D('',#916,#917,#918);
#921=DIRECTION('',(0.E0,0.E0,-1.E0));
#922=VECTOR('',#921,2.401923788647E-1);
#923=CARTESIAN_POINT('',(2.85E0,2.1E0,-8.5E-1));
#924=LINE('',#923,#922);
#925=DIRECTION('',(1.E0,0.E0,0.E0));
#926=VECTOR('',#925,6.5E-1);
#927=CARTESIAN_POINT('',(2.05E0,2.1E0,-7.E-1));
#928=LINE('',#927,#926);
#929=DIRECTION('',(0.E0,0.E0,1.E0));
#930=VECTOR('',#929,2.401923788647E-1);
#931=CARTESIAN_POINT('',(-2.85E0,2.1E0,-1.090192378865E0));
#932=LINE('',#931,#930);
#933=CARTESIAN_POINT('',(-2.85E0,2.1E0,-1.35E0));
#934=DIRECTION('',(0.E0,-1.E0,0.E0));
#935=DIRECTION('',(1.E0,0.E0,0.E0));
#936=AXIS2_PLACEMENT_3D('',#933,#934,#935);
#938=DIRECTION('',(0.E0,0.E0,1.E0));
#939=VECTOR('',#938,9.E-1);
#940=CARTESIAN_POINT('',(-2.7E0,2.1E0,-2.25E0));
#941=LINE('',#940,#939);
#942=DIRECTION('',(-1.E0,0.E0,0.E0));
#943=VECTOR('',#942,3.5E-1);
#944=CARTESIAN_POINT('',(-2.2E0,2.1E0,-2.4E0));
#945=LINE('',#944,#943);
#946=DIRECTION('',(0.E0,0.E0,-1.E0));
#947=VECTOR('',#946,9.E-1);
#948=CARTESIAN_POINT('',(-2.05E0,2.1E0,-1.35E0));
#949=LINE('',#948,#947);
#950=CARTESIAN_POINT('',(-1.9E0,2.1E0,-1.35E0));
#951=DIRECTION('',(0.E0,-1.E0,0.E0));
#952=DIRECTION('',(-5.E-1,0.E0,8.660254037844E-1));
#953=AXIS2_PLACEMENT_3D('',#950,#951,#952);
#955=DIRECTION('',(0.E0,0.E0,-1.E0));
#956=VECTOR('',#955,2.401923788647E-1);
#957=CARTESIAN_POINT('',(-1.9E0,2.1E0,-8.5E-1));
#958=LINE('',#957,#956);
#959=DIRECTION('',(1.E0,0.E0,0.E0));
#960=VECTOR('',#959,6.5E-1);
#961=CARTESIAN_POINT('',(-2.7E0,2.1E0,-7.E-1));
#962=LINE('',#961,#960);
#963=DIRECTION('',(0.E0,6.507913734578E-1,-7.592566023637E-1));
#964=VECTOR('',#963,2.659142916568E-1);
#965=CARTESIAN_POINT('',(-3.1E0,2.356962253031E0,4.797450722958E-1));
#966=LINE('',#965,#964);
#967=DIRECTION('',(0.E0,-7.999999999987E-1,-6.000000000017E-1));
#968=VECTOR('',#967,7.120281628954E-2);
#969=CARTESIAN_POINT('',(-3.1E0,2.356962253031E0,4.797450722958E-1));
#970=LINE('',#969,#968);
#971=CARTESIAN_POINT('',(-3.1E0,2.6E0,3.702338252263E-2));
#972=DIRECTION('',(1.E0,0.E0,0.E0));
#973=DIRECTION('',(0.E0,-6.000000000017E-1,7.999999999987E-1));
#974=AXIS2_PLACEMENT_3D('',#971,#972,#973);
#976=DIRECTION('',(0.E0,1.199483082289E-14,-1.E0));
#977=VECTOR('',#976,3.702338252263E-2);
#978=CARTESIAN_POINT('',(-3.1E0,2.1E0,3.702338252263E-2));
#979=LINE('',#978,#977);
#980=DIRECTION('',(0.E0,0.E0,1.E0));
#981=VECTOR('',#980,6.192200917889E-3);
#982=CARTESIAN_POINT('',(-3.1E0,2.35E0,0.E0));
#983=LINE('',#982,#981);
#984=CARTESIAN_POINT('',(-3.1E0,2.6E0,6.192200917889E-3));
#985=DIRECTION('',(-1.E0,0.E0,0.E0));
#986=DIRECTION('',(0.E0,-1.E0,0.E0));
#987=AXIS2_PLACEMENT_3D('',#984,#985,#986);
#989=DIRECTION('',(0.E0,7.498378553675E-1,6.616216370841E-1));
#990=VECTOR('',#989,1.272573646530E-1);
#991=CARTESIAN_POINT('',(-3.1E0,2.434594590729E0,1.936516647598E-1));
#992=LINE('',#991,#990);
#993=CARTESIAN_POINT('',(-3.1E0,2.530016980120E0,2.778478906925E-1));
#994=CARTESIAN_POINT('',(-3.1E0,2.555012862700E0,2.999030812036E-1));
#995=CARTESIAN_POINT('',(-3.085532240013E0,2.594156153738E0,3.344412791782E-1));
#996=CARTESIAN_POINT('',(-3.044368759585E0,2.638277865592E0,3.733722014025E-1));
#997=CARTESIAN_POINT('',(-2.985533659295E0,2.669148727909E0,4.006111975640E-1));
#998=CARTESIAN_POINT('',(-2.933335050239E0,2.68E0,4.101858494091E-1));
#999=CARTESIAN_POINT('',(-2.9E0,2.68E0,4.101858494091E-1));
#1001=DIRECTION('',(1.E0,0.E0,0.E0));
#1002=VECTOR('',#1001,6.2E0);
#1003=CARTESIAN_POINT('',(-3.1E0,2.434594590729E0,1.936516647598E-1));
#1004=LINE('',#1003,#1002);
#1005=CARTESIAN_POINT('',(2.9E0,2.68E0,4.101858494091E-1));
#1006=CARTESIAN_POINT('',(2.933335050239E0,2.68E0,4.101858494091E-1));
#1007=CARTESIAN_POINT('',(2.985533659294E0,2.669148727909E0,4.006111975640E-1));
#1008=CARTESIAN_POINT('',(3.044368759585E0,2.638277865592E0,3.733722014025E-1));
#1009=CARTESIAN_POINT('',(3.085532240013E0,2.594156153738E0,3.344412791782E-1));
#1010=CARTESIAN_POINT('',(3.1E0,2.555012862700E0,2.999030812036E-1));
#1011=CARTESIAN_POINT('',(3.1E0,2.530016980120E0,2.778478906925E-1));
#1013=DIRECTION('',(1.E0,0.E0,0.E0));
#1014=VECTOR('',#1013,6.2E0);
#1015=CARTESIAN_POINT('',(-3.1E0,2.35E0,6.192200917889E-3));
#1016=LINE('',#1015,#1014);
#1017=DIRECTION('',(0.E0,-6.507913734578E-1,7.592566023637E-1));
#1018=VECTOR('',#1017,2.659142916568E-1);
#1019=CARTESIAN_POINT('',(3.1E0,2.530016980120E0,2.778478906925E-1));
#1020=LINE('',#1019,#1018);
#1021=DIRECTION('',(0.E0,7.498378553675E-1,6.616216370841E-1));
#1022=VECTOR('',#1021,1.272573646530E-1);
#1023=CARTESIAN_POINT('',(3.1E0,2.434594590729E0,1.936516647598E-1));
#1024=LINE('',#1023,#1022);
#1025=CARTESIAN_POINT('',(3.1E0,2.6E0,6.192200917889E-3));
#1026=DIRECTION('',(-1.E0,0.E0,0.E0));
#1027=DIRECTION('',(0.E0,-1.E0,0.E0));
#1028=AXIS2_PLACEMENT_3D('',#1025,#1026,#1027);
#1030=DIRECTION('',(0.E0,0.E0,1.E0));
#1031=VECTOR('',#1030,6.192200917889E-3);
#1032=CARTESIAN_POINT('',(3.1E0,2.35E0,0.E0));
#1033=LINE('',#1032,#1031);
#1034=DIRECTION('',(0.E0,2.398966164578E-14,-1.E0));
#1035=VECTOR('',#1034,3.702338252263E-2);
#1036=CARTESIAN_POINT('',(3.1E0,2.1E0,3.702338252263E-2));
#1037=LINE('',#1036,#1035);
#1038=CARTESIAN_POINT('',(3.1E0,2.6E0,3.702338252263E-2));
#1039=DIRECTION('',(1.E0,0.E0,0.E0));
#1040=DIRECTION('',(0.E0,-6.000000000017E-1,7.999999999987E-1));
#1041=AXIS2_PLACEMENT_3D('',#1038,#1039,#1040);
#1043=DIRECTION('',(0.E0,-7.999999999988E-1,-6.000000000017E-1));
#1044=VECTOR('',#1043,7.120281628954E-2);
#1045=CARTESIAN_POINT('',(3.1E0,2.356962253031E0,4.797450722958E-1));
#1046=LINE('',#1045,#1044);
#1047=CARTESIAN_POINT('',(-2.9E0,2.517302156636E0,6.E-1));
#1048=CARTESIAN_POINT('',(-2.933368739959E0,2.517302156636E0,6.E-1));
#1049=CARTESIAN_POINT('',(-2.985583449425E0,2.505683940274E0,
5.912863377291E-1));
#1050=CARTESIAN_POINT('',(-3.044413543148E0,2.472663039351E0,
5.665206620365E-1));
#1051=CARTESIAN_POINT('',(-3.085554180560E0,2.425490573380E0,
5.311413125580E-1));
#1052=CARTESIAN_POINT('',(-3.1E0,2.383657244998E0,4.997663162712E-1));
#1053=CARTESIAN_POINT('',(-3.1E0,2.356962253031E0,4.797450722958E-1));
#1055=DIRECTION('',(1.E0,0.E0,0.E0));
#1056=VECTOR('',#1055,5.8E0);
#1057=CARTESIAN_POINT('',(-2.9E0,2.517302156636E0,6.E-1));
#1058=LINE('',#1057,#1056);
#1059=CARTESIAN_POINT('',(3.1E0,2.356962253031E0,4.797450722958E-1));
#1060=CARTESIAN_POINT('',(3.1E0,2.383657244998E0,4.997663162712E-1));
#1061=CARTESIAN_POINT('',(3.085554180560E0,2.425490573380E0,5.311413125580E-1));
#1062=CARTESIAN_POINT('',(3.044413543148E0,2.472663039351E0,5.665206620365E-1));
#1063=CARTESIAN_POINT('',(2.985583449425E0,2.505683940274E0,5.912863377291E-1));
#1064=CARTESIAN_POINT('',(2.933368739959E0,2.517302156636E0,6.E-1));
#1065=CARTESIAN_POINT('',(2.9E0,2.517302156636E0,6.E-1));
#1067=DIRECTION('',(0.E0,6.507913734578E-1,-7.592566023637E-1));
#1068=VECTOR('',#1067,2.5E-1);
#1069=CARTESIAN_POINT('',(-2.9E0,2.517302156636E0,6.E-1));
#1070=LINE('',#1069,#1068);
#1071=DIRECTION('',(1.E0,0.E0,0.E0));
#1072=VECTOR('',#1071,5.8E0);
#1073=CARTESIAN_POINT('',(-2.9E0,2.68E0,4.101858494091E-1));
#1074=LINE('',#1073,#1072);
#1075=DIRECTION('',(0.E0,-6.507913734579E-1,7.592566023637E-1));
#1076=VECTOR('',#1075,2.5E-1);
#1077=CARTESIAN_POINT('',(2.9E0,2.68E0,4.101858494091E-1));
#1078=LINE('',#1077,#1076);
#1079=DIRECTION('',(1.E0,0.E0,0.E0));
#1080=VECTOR('',#1079,6.2E0);
#1081=CARTESIAN_POINT('',(-3.1E0,2.299999999999E0,4.370233825220E-1));
#1082=LINE('',#1081,#1080);
#1083=DIRECTION('',(0.E0,0.E0,-1.E0));
#1084=VECTOR('',#1083,4.5E0);
#1085=CARTESIAN_POINT('',(3.45E0,1.85E0,0.E0));
#1086=LINE('',#1085,#1084);
#1087=CARTESIAN_POINT('',(-3.2E0,1.85E0,-4.5E0));
#1088=DIRECTION('',(0.E0,0.E0,1.E0));
#1089=DIRECTION('',(0.E0,1.E0,0.E0));
#1090=AXIS2_PLACEMENT_3D('',#1087,#1088,#1089);
#1092=DIRECTION('',(-1.E0,0.E0,0.E0));
#1093=VECTOR('',#1092,6.4E0);
#1094=CARTESIAN_POINT('',(3.2E0,2.1E0,-4.5E0));
#1095=LINE('',#1094,#1093);
#1096=CARTESIAN_POINT('',(3.2E0,1.85E0,-4.5E0));
#1097=DIRECTION('',(0.E0,0.E0,1.E0));
#1098=DIRECTION('',(1.E0,0.E0,0.E0));
#1099=AXIS2_PLACEMENT_3D('',#1096,#1097,#1098);
#1101=DIRECTION('',(0.E0,1.E0,0.E0));
#1102=VECTOR('',#1101,7.632932830921E-1);
#1103=CARTESIAN_POINT('',(3.45E0,1.086706716908E0,-4.5E0));
#1104=LINE('',#1103,#1102);
#1105=CARTESIAN_POINT('',(3.25E0,1.086706716908E0,-4.5E0));
#1106=DIRECTION('',(0.E0,0.E0,1.E0));
#1107=DIRECTION('',(7.329931224363E-1,-6.802360490750E-1,0.E0));
#1108=AXIS2_PLACEMENT_3D('',#1105,#1106,#1107);
#1110=DIRECTION('',(6.999285823596E-1,7.142128391426E-1,0.E0));
#1111=VECTOR('',#1110,8.759876865752E-1);
#1112=CARTESIAN_POINT('',(2.783469804858E0,3.250178544101E-1,-4.5E0));
#1113=LINE('',#1112,#1111);
#1114=CARTESIAN_POINT('',(2.604916595073E0,5.E-1,-4.5E0));
#1115=DIRECTION('',(0.E0,0.E0,1.E0));
#1116=DIRECTION('',(0.E0,-1.E0,0.E0));
#1117=AXIS2_PLACEMENT_3D('',#1114,#1115,#1116);
#1119=DIRECTION('',(1.E0,0.E0,0.E0));
#1120=VECTOR('',#1119,5.209833190145E0);
#1121=CARTESIAN_POINT('',(-2.604916595073E0,2.5E-1,-4.5E0));
#1122=LINE('',#1121,#1120);
#1123=CARTESIAN_POINT('',(-2.604916595073E0,5.E-1,-4.5E0));
#1124=DIRECTION('',(0.E0,0.E0,1.E0));
#1125=DIRECTION('',(-7.142128391426E-1,-6.999285823596E-1,0.E0));
#1126=AXIS2_PLACEMENT_3D('',#1123,#1124,#1125);
#1128=DIRECTION('',(6.999285823596E-1,-7.142128391426E-1,0.E0));
#1129=VECTOR('',#1128,8.759876865752E-1);
#1130=CARTESIAN_POINT('',(-3.396598624487E0,9.506595070929E-1,-4.5E0));
#1131=LINE('',#1130,#1129);
#1132=CARTESIAN_POINT('',(-3.25E0,1.086706716908E0,-4.5E0));
#1133=DIRECTION('',(0.E0,0.E0,1.E0));
#1134=DIRECTION('',(-1.E0,2.664535259100E-14,0.E0));
#1135=AXIS2_PLACEMENT_3D('',#1132,#1133,#1134);
#1137=DIRECTION('',(0.E0,-1.E0,0.E0));
#1138=VECTOR('',#1137,7.632932830921E-1);
#1139=CARTESIAN_POINT('',(-3.45E0,1.85E0,-4.5E0));
#1140=LINE('',#1139,#1138);
#1141=DIRECTION('',(0.E0,1.E0,0.E0));
#1142=VECTOR('',#1141,4.017708499987E-1);
#1143=CARTESIAN_POINT('',(1.69780585E0,1.28307465E0,-4.5E0));
#1144=LINE('',#1143,#1142);
#1145=CARTESIAN_POINT('',(1.59412305E0,1.684845499999E0,-4.5E0));
#1146=DIRECTION('',(0.E0,0.E0,1.E0));
#1147=DIRECTION('',(1.E0,0.E0,0.E0));
#1148=AXIS2_PLACEMENT_3D('',#1145,#1146,#1147);
#1150=DIRECTION('',(-1.E0,0.E0,0.E0));
#1151=VECTOR('',#1150,3.20120645E0);
#1152=CARTESIAN_POINT('',(1.59412305E0,1.788528299999E0,-4.5E0));
#1153=LINE('',#1152,#1151);
#1154=CARTESIAN_POINT('',(-1.6070834E0,1.684845499999E0,-4.5E0));
#1155=DIRECTION('',(0.E0,0.E0,1.E0));
#1156=DIRECTION('',(0.E0,1.E0,0.E0));
#1157=AXIS2_PLACEMENT_3D('',#1154,#1155,#1156);
#1159=DIRECTION('',(0.E0,-1.E0,0.E0));
#1160=VECTOR('',#1159,4.017708499982E-1);
#1161=CARTESIAN_POINT('',(-1.7107662E0,1.684845499999E0,-4.5E0));
#1162=LINE('',#1161,#1160);
#1163=CARTESIAN_POINT('',(-1.6070834E0,1.28307465E0,-4.5E0));
#1164=DIRECTION('',(0.E0,0.E0,1.E0));
#1165=DIRECTION('',(-1.E0,0.E0,0.E0));
#1166=AXIS2_PLACEMENT_3D('',#1163,#1164,#1165);
#1168=DIRECTION('',(1.E0,0.E0,0.E0));
#1169=VECTOR('',#1168,1.036827999999E-1);
#1170=CARTESIAN_POINT('',(-1.6070834E0,1.17939185E0,-4.5E0));
#1171=LINE('',#1170,#1169);
#1172=DIRECTION('',(0.E0,1.E0,0.E0));
#1173=VECTOR('',#1172,1.555241999999E-1);
#1174=CARTESIAN_POINT('',(-1.5034006E0,1.17939185E0,-4.5E0));
#1175=LINE('',#1174,#1173);
#1176=DIRECTION('',(1.E0,0.E0,0.E0));
#1177=VECTOR('',#1176,4.0177085E-1);
#1178=CARTESIAN_POINT('',(-1.5034006E0,1.33491605E0,-4.5E0));
#1179=LINE('',#1178,#1177);
#1180=DIRECTION('',(0.E0,-1.E0,0.E0));
#1181=VECTOR('',#1180,1.555241999999E-1);
#1182=CARTESIAN_POINT('',(-1.10162975E0,1.33491605E0,-4.5E0));
#1183=LINE('',#1182,#1181);
#1184=DIRECTION('',(1.E0,0.E0,0.E0));
#1185=VECTOR('',#1184,2.462466499999E-1);
#1186=CARTESIAN_POINT('',(-1.10162975E0,1.17939185E0,-4.5E0));
#1187=LINE('',#1186,#1185);
#1188=DIRECTION('',(0.E0,1.E0,0.E0));
#1189=VECTOR('',#1188,1.555241999999E-1);
#1190=CARTESIAN_POINT('',(-8.553831000002E-1,1.17939185E0,-4.5E0));
#1191=LINE('',#1190,#1189);
#1192=DIRECTION('',(1.E0,0.E0,0.E0));
#1193=VECTOR('',#1192,4.0177085E-1);
#1194=CARTESIAN_POINT('',(-8.553831000002E-1,1.33491605E0,-4.5E0));
#1195=LINE('',#1194,#1193);
#1196=DIRECTION('',(0.E0,-1.E0,0.E0));
#1197=VECTOR('',#1196,1.555241999999E-1);
#1198=CARTESIAN_POINT('',(-4.536122500001E-1,1.33491605E0,-4.5E0));
#1199=LINE('',#1198,#1197);
#1200=DIRECTION('',(1.E0,0.E0,0.E0));
#1201=VECTOR('',#1200,2.462466500001E-1);
#1202=CARTESIAN_POINT('',(-4.536122500001E-1,1.17939185E0,-4.5E0));
#1203=LINE('',#1202,#1201);
#1204=DIRECTION('',(0.E0,1.E0,0.E0));
#1205=VECTOR('',#1204,1.555241999999E-1);
#1206=CARTESIAN_POINT('',(-2.073656E-1,1.17939185E0,-4.5E0));
#1207=LINE('',#1206,#1205);
#1208=DIRECTION('',(1.E0,0.E0,0.E0));
#1209=VECTOR('',#1208,4.0177085E-1);
#1210=CARTESIAN_POINT('',(-2.073656E-1,1.33491605E0,-4.5E0));
#1211=LINE('',#1210,#1209);
#1212=DIRECTION('',(0.E0,-1.E0,0.E0));
#1213=VECTOR('',#1212,1.555241999999E-1);
#1214=CARTESIAN_POINT('',(1.9440525E-1,1.33491605E0,-4.5E0));
#1215=LINE('',#1214,#1213);
#1216=DIRECTION('',(1.E0,0.E0,0.E0));
#1217=VECTOR('',#1216,2.462466499999E-1);
#1218=CARTESIAN_POINT('',(1.9440525E-1,1.17939185E0,-4.5E0));
#1219=LINE('',#1218,#1217);
#1220=DIRECTION('',(0.E0,1.E0,0.E0));
#1221=VECTOR('',#1220,1.555241999999E-1);
#1222=CARTESIAN_POINT('',(4.406518999999E-1,1.17939185E0,-4.5E0));
#1223=LINE('',#1222,#1221);
#1224=DIRECTION('',(1.E0,0.E0,0.E0));
#1225=VECTOR('',#1224,4.0177085E-1);
#1226=CARTESIAN_POINT('',(4.406518999999E-1,1.33491605E0,-4.5E0));
#1227=LINE('',#1226,#1225);
#1228=DIRECTION('',(0.E0,-1.E0,0.E0));
#1229=VECTOR('',#1228,1.555241999999E-1);
#1230=CARTESIAN_POINT('',(8.4242275E-1,1.33491605E0,-4.5E0));
#1231=LINE('',#1230,#1229);
#1232=DIRECTION('',(1.E0,0.E0,0.E0));
#1233=VECTOR('',#1232,2.462466499999E-1);
#1234=CARTESIAN_POINT('',(8.4242275E-1,1.17939185E0,-4.5E0));
#1235=LINE('',#1234,#1233);
#1236=DIRECTION('',(0.E0,1.E0,0.E0));
#1237=VECTOR('',#1236,1.555241999999E-1);
#1238=CARTESIAN_POINT('',(1.0886694E0,1.17939185E0,-4.5E0));
#1239=LINE('',#1238,#1237);
#1240=DIRECTION('',(1.E0,0.E0,0.E0));
#1241=VECTOR('',#1240,4.147312E-1);
#1242=CARTESIAN_POINT('',(1.0886694E0,1.33491605E0,-4.5E0));
#1243=LINE('',#1242,#1241);
#1244=DIRECTION('',(0.E0,-1.E0,0.E0));
#1245=VECTOR('',#1244,1.555241999999E-1);
#1246=CARTESIAN_POINT('',(1.5034006E0,1.33491605E0,-4.5E0));
#1247=LINE('',#1246,#1245);
#1248=DIRECTION('',(1.E0,0.E0,0.E0));
#1249=VECTOR('',#1248,9.072245000016E-2);
#1250=CARTESIAN_POINT('',(1.5034006E0,1.17939185E0,-4.5E0));
#1251=LINE('',#1250,#1249);
#1252=CARTESIAN_POINT('',(1.59412305E0,1.28307465E0,-4.5E0));
#1253=DIRECTION('',(0.E0,0.E0,1.E0));
#1254=DIRECTION('',(0.E0,-1.E0,0.E0));
#1255=AXIS2_PLACEMENT_3D('',#1252,#1253,#1254);
#1257=DIRECTION('',(0.E0,0.E0,-1.E0));
#1258=VECTOR('',#1257,4.5E0);
#1259=CARTESIAN_POINT('',(-3.2E0,2.1E0,0.E0));
#1260=LINE('',#1259,#1258);
#1261=CARTESIAN_POINT('',(-3.45E0,3.E-1,-1.48E0));
#1262=DIRECTION('',(1.E0,0.E0,0.E0));
#1263=DIRECTION('',(0.E0,0.E0,1.E0));
#1264=AXIS2_PLACEMENT_3D('',#1261,#1262,#1263);
#1266=DIRECTION('',(0.E0,-1.E0,0.E0));
#1267=VECTOR('',#1266,6.5E-1);
#1268=CARTESIAN_POINT('',(-3.45E0,9.5E-1,-1.33E0));
#1269=LINE('',#1268,#1267);
#1270=DIRECTION('',(0.E0,0.E0,1.E0));
#1271=VECTOR('',#1270,8.E-2);
#1272=CARTESIAN_POINT('',(-3.45E0,1.1E0,-1.18E0));
#1273=LINE('',#1272,#1271);
#1274=DIRECTION('',(0.E0,0.E0,-1.E0));
#1275=VECTOR('',#1274,4.5E0);
#1276=CARTESIAN_POINT('',(-3.45E0,1.85E0,0.E0));
#1277=LINE('',#1276,#1275);
#1278=DIRECTION('',(0.E0,0.E0,1.E0));
#1279=VECTOR('',#1278,1.2E-1);
#1280=CARTESIAN_POINT('',(-3.45E0,1.1E0,-2.9E0));
#1281=LINE('',#1280,#1279);
#1282=DIRECTION('',(0.E0,-1.E0,0.E0));
#1283=VECTOR('',#1282,2.55E0);
#1284=CARTESIAN_POINT('',(-3.45E0,9.5E-1,-2.63E0));
#1285=LINE('',#1284,#1283);
#1286=CARTESIAN_POINT('',(-3.45E0,-1.6E0,-2.43E0));
#1287=DIRECTION('',(1.E0,0.E0,0.E0));
#1288=DIRECTION('',(0.E0,-1.E0,0.E0));
#1289=AXIS2_PLACEMENT_3D('',#1286,#1287,#1288);
#1291=DIRECTION('',(0.E0,0.E0,1.E0));
#1292=VECTOR('',#1291,5.E-1);
#1293=CARTESIAN_POINT('',(-3.45E0,-1.8E0,-2.43E0));
#1294=LINE('',#1293,#1292);
#1295=CARTESIAN_POINT('',(-3.45E0,-1.6E0,-1.93E0));
#1296=DIRECTION('',(1.E0,0.E0,0.E0));
#1297=DIRECTION('',(0.E0,0.E0,1.E0));
#1298=AXIS2_PLACEMENT_3D('',#1295,#1296,#1297);
#1300=DIRECTION('',(0.E0,-1.E0,0.E0));
#1301=VECTOR('',#1300,1.6E0);
#1302=CARTESIAN_POINT('',(-3.45E0,0.E0,-1.73E0));
#1303=LINE('',#1302,#1301);
#1304=DIRECTION('',(0.E0,0.E0,-1.E0));
#1305=VECTOR('',#1304,1.E-1);
#1306=CARTESIAN_POINT('',(-3.45E0,1.5E-1,-1.48E0));
#1307=LINE('',#1306,#1305);
#1308=CARTESIAN_POINT('',(-3.7E0,-1.65E0,-5.35E0));
#1309=DIRECTION('',(-1.E0,0.E0,0.E0));
#1310=DIRECTION('',(0.E0,-1.E0,0.E0));
#1311=AXIS2_PLACEMENT_3D('',#1308,#1309,#1310);
#1313=DIRECTION('',(0.E0,0.E0,-1.E0));
#1314=VECTOR('',#1313,5.E-1);
#1315=CARTESIAN_POINT('',(-3.7E0,-1.8E0,-5.35E0));
#1316=LINE('',#1315,#1314);
#1317=CARTESIAN_POINT('',(-3.7E0,-1.65E0,-5.85E0));
#1318=DIRECTION('',(-1.E0,0.E0,0.E0));
#1319=DIRECTION('',(0.E0,0.E0,-1.E0));
#1320=AXIS2_PLACEMENT_3D('',#1317,#1318,#1319);
#1322=DIRECTION('',(0.E0,1.E0,0.E0));
#1323=VECTOR('',#1322,6.998589E-1);
#1324=CARTESIAN_POINT('',(-3.7E0,1.20531255E0,7.056682522308E-2));
#1325=LINE('',#1324,#1323);
#1326=DIRECTION('',(0.E0,0.E0,-1.E0));
#1327=VECTOR('',#1326,1.038264487106E0);
#1328=CARTESIAN_POINT('',(-3.7E0,1.086706716908E0,0.E0));
#1329=LINE('',#1328,#1327);
#1330=DIRECTION('',(0.E0,0.E0,1.E0));
#1331=VECTOR('',#1330,8.E-2);
#1332=CARTESIAN_POINT('',(-3.7E0,1.1E0,-1.18E0));
#1333=LINE('',#1332,#1331);
#1334=DIRECTION('',(0.E0,1.E0,0.E0));
#1335=VECTOR('',#1334,6.5E-1);
#1336=CARTESIAN_POINT('',(-3.7E0,3.E-1,-1.33E0));
#1337=LINE('',#1336,#1335);
#1338=CARTESIAN_POINT('',(-3.7E0,3.E-1,-1.48E0));
#1339=DIRECTION('',(-1.E0,0.E0,0.E0));
#1340=DIRECTION('',(0.E0,-1.E0,0.E0));
#1341=AXIS2_PLACEMENT_3D('',#1338,#1339,#1340);
#1343=DIRECTION('',(0.E0,0.E0,1.E0));
#1344=VECTOR('',#1343,1.E-1);
#1345=CARTESIAN_POINT('',(-3.7E0,1.5E-1,-1.58E0));
#1346=LINE('',#1345,#1344);
#1347=DIRECTION('',(0.E0,1.E0,0.E0));
#1348=VECTOR('',#1347,1.6E0);
#1349=CARTESIAN_POINT('',(-3.7E0,-1.6E0,-1.73E0));
#1350=LINE('',#1349,#1348);
#1351=CARTESIAN_POINT('',(-3.7E0,-1.6E0,-1.93E0));
#1352=DIRECTION('',(-1.E0,0.E0,0.E0));
#1353=DIRECTION('',(0.E0,-1.E0,0.E0));
#1354=AXIS2_PLACEMENT_3D('',#1351,#1352,#1353);
#1356=DIRECTION('',(0.E0,0.E0,1.E0));
#1357=VECTOR('',#1356,5.E-1);
#1358=CARTESIAN_POINT('',(-3.7E0,-1.8E0,-2.43E0));
#1359=LINE('',#1358,#1357);
#1360=CARTESIAN_POINT('',(-3.7E0,-1.6E0,-2.43E0));
#1361=DIRECTION('',(-1.E0,0.E0,0.E0));
#1362=DIRECTION('',(0.E0,0.E0,-1.E0));
#1363=AXIS2_PLACEMENT_3D('',#1360,#1361,#1362);
#1365=DIRECTION('',(0.E0,-1.E0,0.E0));
#1366=VECTOR('',#1365,2.55E0);
#1367=CARTESIAN_POINT('',(-3.7E0,9.5E-1,-2.63E0));
#1368=LINE('',#1367,#1366);
#1369=DIRECTION('',(0.E0,0.E0,1.E0));
#1370=VECTOR('',#1369,1.2E-1);
#1371=CARTESIAN_POINT('',(-3.7E0,1.1E0,-2.9E0));
#1372=LINE('',#1371,#1370);
#1373=DIRECTION('',(0.E0,0.E0,1.E0));
#1374=VECTOR('',#1373,1.E-1);
#1375=CARTESIAN_POINT('',(-3.7E0,1.1E0,-5.05E0));
#1376=LINE('',#1375,#1374);
#1377=DIRECTION('',(0.E0,1.E0,0.E0));
#1378=VECTOR('',#1377,2.6E0);
#1379=CARTESIAN_POINT('',(-3.7E0,-1.65E0,-5.2E0));
#1380=LINE('',#1379,#1378);
#1381=DIRECTION('',(-1.E0,0.E0,0.E0));
#1382=VECTOR('',#1381,2.5E-1);
#1383=CARTESIAN_POINT('',(3.7E0,-1.65E0,-5.2E0));
#1384=LINE('',#1383,#1382);
#1385=DIRECTION('',(-1.E0,0.E0,0.E0));
#1386=VECTOR('',#1385,2.5E-1);
#1387=CARTESIAN_POINT('',(3.7E0,9.5E-1,-5.2E0));
#1388=LINE('',#1387,#1386);
#1389=DIRECTION('',(-1.E0,0.E0,0.E0));
#1390=VECTOR('',#1389,2.5E-1);
#1391=CARTESIAN_POINT('',(-3.45E0,-1.65E0,-5.2E0));
#1392=LINE('',#1391,#1390);
#1393=DIRECTION('',(-1.E0,0.E0,0.E0));
#1394=VECTOR('',#1393,2.5E-1);
#1395=CARTESIAN_POINT('',(-3.45E0,9.5E-1,-5.2E0));
#1396=LINE('',#1395,#1394);
#1397=CARTESIAN_POINT('',(3.7E0,9.5E-1,-5.05E0));
#1398=DIRECTION('',(-1.E0,0.E0,0.E0));
#1399=DIRECTION('',(0.E0,1.E0,0.E0));
#1400=AXIS2_PLACEMENT_3D('',#1397,#1398,#1399);
#1402=CARTESIAN_POINT('',(3.45E0,9.5E-1,-5.05E0));
#1403=DIRECTION('',(1.E0,0.E0,0.E0));
#1404=DIRECTION('',(0.E0,0.E0,-1.E0));
#1405=AXIS2_PLACEMENT_3D('',#1402,#1403,#1404);
#1407=DIRECTION('',(-1.E0,0.E0,0.E0));
#1408=VECTOR('',#1407,2.5E-1);
#1409=CARTESIAN_POINT('',(-3.45E0,1.1E0,-4.95E0));
#1410=LINE('',#1409,#1408);
#1411=DIRECTION('',(-1.E0,0.E0,0.E0));
#1412=VECTOR('',#1411,2.5E-1);
#1413=CARTESIAN_POINT('',(-3.45E0,1.1E0,-5.05E0));
#1414=LINE('',#1413,#1412);
#1415=DIRECTION('',(-1.E0,0.E0,0.E0));
#1416=VECTOR('',#1415,2.5E-1);
#1417=CARTESIAN_POINT('',(3.7E0,1.1E0,-5.05E0));
#1418=LINE('',#1417,#1416);
#1419=DIRECTION('',(-1.E0,0.E0,0.E0));
#1420=VECTOR('',#1419,2.5E-1);
#1421=CARTESIAN_POINT('',(3.7E0,1.1E0,-4.95E0));
#1422=LINE('',#1421,#1420);
#1423=CARTESIAN_POINT('',(-3.45E0,9.5E-1,-4.95E0));
#1424=DIRECTION('',(-1.E0,0.E0,0.E0));
#1425=DIRECTION('',(0.E0,0.E0,1.E0));
#1426=AXIS2_PLACEMENT_3D('',#1423,#1424,#1425);
#1428=CARTESIAN_POINT('',(-3.7E0,9.5E-1,-4.95E0));
#1429=DIRECTION('',(1.E0,0.E0,0.E0));
#1430=DIRECTION('',(0.E0,1.E0,0.E0));
#1431=AXIS2_PLACEMENT_3D('',#1428,#1429,#1430);
#1433=CARTESIAN_POINT('',(-3.7E0,1.086706716908E0,-4.888264487106E0));
#1434=CARTESIAN_POINT('',(-3.7E0,1.080903271299E0,-4.875413375020E0));
#1435=CARTESIAN_POINT('',(-3.699782290477E0,1.065553288604E0,
-4.851229165864E0));
#1436=CARTESIAN_POINT('',(-3.697324022072E0,1.033238858243E0,
-4.822682496675E0));
#1437=CARTESIAN_POINT('',(-3.690821859347E0,9.928931487803E-1,
-4.804035408590E0));
#1438=CARTESIAN_POINT('',(-3.683277820407E0,9.642558217136E-1,-4.8E0));
#1439=CARTESIAN_POINT('',(-3.678732169953E0,9.5E-1,-4.8E0));
#1441=DIRECTION('',(1.E0,0.E0,0.E0));
#1442=VECTOR('',#1441,3.549165950726E-1);
#1443=CARTESIAN_POINT('',(2.25E0,0.E0,-4.8E0));
#1444=LINE('',#1443,#1442);
#1445=CARTESIAN_POINT('',(2.604916595073E0,5.E-1,-4.8E0));
#1446=DIRECTION('',(0.E0,0.E0,1.E0));
#1447=DIRECTION('',(0.E0,-1.E0,0.E0));
#1448=AXIS2_PLACEMENT_3D('',#1445,#1446,#1447);
#1450=DIRECTION('',(6.999285823596E-1,7.142128391426E-1,0.E0));
#1451=VECTOR('',#1450,8.787090581196E-1);
#1452=CARTESIAN_POINT('',(2.962023014644E0,1.500357088202E-1,-4.8E0));
#1453=LINE('',#1452,#1451);
#1454=DIRECTION('',(-1.E0,0.E0,0.E0));
#1455=VECTOR('',#1454,2.287321699526E-1);
#1456=CARTESIAN_POINT('',(3.678732169953E0,9.5E-1,-4.8E0));
#1457=LINE('',#1456,#1455);
#1458=CARTESIAN_POINT('',(3.2E0,1.85E0,-4.8E0));
#1459=DIRECTION('',(0.E0,0.E0,-1.E0));
#1460=DIRECTION('',(0.E0,1.E0,0.E0));
#1461=AXIS2_PLACEMENT_3D('',#1458,#1459,#1460);
#1463=DIRECTION('',(-1.E0,0.E0,0.E0));
#1464=VECTOR('',#1463,8.25E-1);
#1465=CARTESIAN_POINT('',(3.2E0,2.1E0,-4.8E0));
#1466=LINE('',#1465,#1464);
#1467=DIRECTION('',(0.E0,-1.E0,0.E0));
#1468=VECTOR('',#1467,2.5E-1);
#1469=CARTESIAN_POINT('',(2.375E0,2.35E0,-4.8E0));
#1470=LINE('',#1469,#1468);
#1471=DIRECTION('',(-1.E0,0.E0,0.E0));
#1472=VECTOR('',#1471,6.25E-1);
#1473=CARTESIAN_POINT('',(2.375E0,2.35E0,-4.8E0));
#1474=LINE('',#1473,#1472);
#1475=DIRECTION('',(1.E0,0.E0,0.E0));
#1476=VECTOR('',#1475,3.549165950726E-1);
#1477=CARTESIAN_POINT('',(-2.604916595073E0,0.E0,-4.8E0));
#1478=LINE('',#1477,#1476);
#1479=DIRECTION('',(0.E0,-1.E0,0.E0));
#1480=VECTOR('',#1479,4.E-2);
#1481=CARTESIAN_POINT('',(-2.25E0,0.E0,-4.8E0));
#1482=LINE('',#1481,#1480);
#1483=DIRECTION('',(-1.E0,0.E0,0.E0));
#1484=VECTOR('',#1483,6.25E-1);
#1485=CARTESIAN_POINT('',(-1.75E0,2.35E0,-4.8E0));
#1486=LINE('',#1485,#1484);
#1487=DIRECTION('',(0.E0,-1.E0,0.E0));
#1488=VECTOR('',#1487,2.5E-1);
#1489=CARTESIAN_POINT('',(-2.375E0,2.35E0,-4.8E0));
#1490=LINE('',#1489,#1488);
#1491=DIRECTION('',(-1.E0,0.E0,0.E0));
#1492=VECTOR('',#1491,8.25E-1);
#1493=CARTESIAN_POINT('',(-2.375E0,2.1E0,-4.8E0));
#1494=LINE('',#1493,#1492);
#1495=CARTESIAN_POINT('',(-3.2E0,1.85E0,-4.8E0));
#1496=DIRECTION('',(0.E0,0.E0,-1.E0));
#1497=DIRECTION('',(-1.E0,0.E0,0.E0));
#1498=AXIS2_PLACEMENT_3D('',#1495,#1496,#1497);
#1500=DIRECTION('',(-1.E0,0.E0,0.E0));
#1501=VECTOR('',#1500,2.287321699526E-1);
#1502=CARTESIAN_POINT('',(-3.45E0,9.5E-1,-4.8E0));
#1503=LINE('',#1502,#1501);
#1504=DIRECTION('',(6.999285823596E-1,-7.142128391426E-1,0.E0));
#1505=VECTOR('',#1504,8.787090581196E-1);
#1506=CARTESIAN_POINT('',(-3.5770566E0,7.776210000001E-1,-4.8E0));
#1507=LINE('',#1506,#1505);
#1508=CARTESIAN_POINT('',(-2.604916595073E0,5.E-1,-4.8E0));
#1509=DIRECTION('',(0.E0,0.E0,1.E0));
#1510=DIRECTION('',(-7.142128391426E-1,-6.999285823596E-1,0.E0));
#1511=AXIS2_PLACEMENT_3D('',#1508,#1509,#1510);
#1513=DIRECTION('',(0.E0,0.E0,-1.E0));
#1514=VECTOR('',#1513,7.5E-1);
#1515=CARTESIAN_POINT('',(1.75E0,-4.E-2,-4.05E0));
#1516=LINE('',#1515,#1514);
#1517=DIRECTION('',(0.E0,1.E0,0.E0));
#1518=VECTOR('',#1517,2.39E0);
#1519=CARTESIAN_POINT('',(1.75E0,-4.E-2,-4.8E0));
#1520=LINE('',#1519,#1518);
#1521=DIRECTION('',(0.E0,-1.E0,0.E0));
#1522=VECTOR('',#1521,2.27E0);
#1523=CARTESIAN_POINT('',(1.75E0,2.35E0,-4.55E0));
#1524=LINE('',#1523,#1522);
#1525=CARTESIAN_POINT('',(2.E0,-4.E-2,-4.31E0));
#1526=DIRECTION('',(0.E0,-1.E0,0.E0));
#1527=DIRECTION('',(-1.E0,0.E0,0.E0));
#1528=AXIS2_PLACEMENT_3D('',#1525,#1526,#1527);
#1530=DIRECTION('',(-7.071067811865E-1,0.E0,7.071067811865E-1));
#1531=VECTOR('',#1530,1.215934613409E-1);
#1532=CARTESIAN_POINT('',(2.25E0,-4.E-2,-4.55E0));
#1533=LINE('',#1532,#1531);
#1534=DIRECTION('',(0.E0,0.E0,1.E0));
#1535=VECTOR('',#1534,2.5E-1);
#1536=CARTESIAN_POINT('',(2.25E0,-4.E-2,-4.8E0));
#1537=LINE('',#1536,#1535);
#1538=DIRECTION('',(1.E0,0.E0,0.E0));
#1539=VECTOR('',#1538,5.E-1);
#1540=CARTESIAN_POINT('',(1.75E0,-4.E-2,-4.8E0));
#1541=LINE('',#1540,#1539);
#1542=DIRECTION('',(-7.071067811866E-1,0.E0,7.071067811865E-1));
#1543=VECTOR('',#1542,1.357355969646E-1);
#1544=CARTESIAN_POINT('',(1.845979561062E0,-4.E-2,-4.145979561062E0));
#1545=LINE('',#1544,#1543);
#1546=CARTESIAN_POINT('',(2.E0,-4.E-2,-4.31E0));
#1547=DIRECTION('',(0.E0,-1.E0,0.E0));
#1548=DIRECTION('',(-6.845352841684E-1,0.E0,7.289797286129E-1));
#1549=AXIS2_PLACEMENT_3D('',#1546,#1547,#1548);
#1551=CARTESIAN_POINT('',(-2.E0,-4.E-2,-4.31E0));
#1552=DIRECTION('',(0.E0,-1.E0,0.E0));
#1553=DIRECTION('',(-7.289797286129E-1,0.E0,-6.845352841684E-1));
#1554=AXIS2_PLACEMENT_3D('',#1551,#1552,#1553);
#1556=CARTESIAN_POINT('',(-2.E0,-4.E-2,-4.31E0));
#1557=DIRECTION('',(0.E0,-1.E0,0.E0));
#1558=DIRECTION('',(1.E0,0.E0,0.E0));
#1559=AXIS2_PLACEMENT_3D('',#1556,#1557,#1558);
#1561=DIRECTION('',(-7.071067811866E-1,0.E0,-7.071067811865E-1));
#1562=VECTOR('',#1561,1.357355969646E-1);
#1563=CARTESIAN_POINT('',(-1.75E0,-4.E-2,-4.05E0));
#1564=LINE('',#1563,#1562);
#1565=DIRECTION('',(1.E0,0.E0,0.E0));
#1566=VECTOR('',#1565,5.E-1);
#1567=CARTESIAN_POINT('',(-2.25E0,-4.E-2,-4.8E0));
#1568=LINE('',#1567,#1566);
#1569=DIRECTION('',(0.E0,0.E0,-1.E0));
#1570=VECTOR('',#1569,2.5E-1);
#1571=CARTESIAN_POINT('',(-2.25E0,-4.E-2,-4.55E0));
#1572=LINE('',#1571,#1570);
#1573=DIRECTION('',(-7.071067811865E-1,0.E0,-7.071067811865E-1));
#1574=VECTOR('',#1573,1.215934613409E-1);
#1575=CARTESIAN_POINT('',(-2.164020438938E0,-4.E-2,-4.464020438938E0));
#1576=LINE('',#1575,#1574);
#1577=CARTESIAN_POINT('',(2.E0,-5.E-1,-4.31E0));
#1578=DIRECTION('',(0.E0,-1.E0,0.E0));
#1579=DIRECTION('',(-1.E0,0.E0,0.E0));
#1580=AXIS2_PLACEMENT_3D('',#1577,#1578,#1579);
#1582=DIRECTION('',(0.E0,-1.E0,1.906579242310E-9));
#1583=VECTOR('',#1582,4.6E-1);
#1584=CARTESIAN_POINT('',(1.775E0,-4.E-2,-4.31E0));
#1585=LINE('',#1584,#1583);
#1586=CARTESIAN_POINT('',(1.825E0,-5.E-1,-4.31E0));
#1587=DIRECTION('',(0.E0,0.E0,-1.E0));
#1588=DIRECTION('',(7.238654120556E-13,-1.E0,0.E0));
#1589=AXIS2_PLACEMENT_3D('',#1586,#1587,#1588);
#1591=CARTESIAN_POINT('',(-2.E0,-5.5E-1,-4.31E0));
#1592=DIRECTION('',(0.E0,-1.E0,0.E0));
#1593=DIRECTION('',(-1.E0,0.E0,0.E0));
#1594=AXIS2_PLACEMENT_3D('',#1591,#1592,#1593);
#1596=CARTESIAN_POINT('',(-2.E0,-5.5E-1,-4.31E0));
#1597=DIRECTION('',(0.E0,-1.E0,0.E0));
#1598=DIRECTION('',(1.E0,0.E0,0.E0));
#1599=AXIS2_PLACEMENT_3D('',#1596,#1597,#1598);
#1601=CARTESIAN_POINT('',(2.E0,-5.5E-1,-4.31E0));
#1602=DIRECTION('',(0.E0,-1.E0,0.E0));
#1603=DIRECTION('',(-1.E0,0.E0,0.E0));
#1604=AXIS2_PLACEMENT_3D('',#1601,#1602,#1603);
#1606=CARTESIAN_POINT('',(2.E0,-5.5E-1,-4.31E0));
#1607=DIRECTION('',(0.E0,-1.E0,0.E0));
#1608=DIRECTION('',(1.E0,0.E0,0.E0));
#1609=AXIS2_PLACEMENT_3D('',#1606,#1607,#1608);
#1611=CARTESIAN_POINT('',(-2.175E0,-5.E-1,-4.31E0));
#1612=DIRECTION('',(0.E0,0.E0,-1.E0));
#1613=DIRECTION('',(7.371880883511E-13,-1.E0,0.E0));
#1614=AXIS2_PLACEMENT_3D('',#1611,#1612,#1613);
#1616=CARTESIAN_POINT('',(-1.825E0,-5.E-1,-4.31E0));
#1617=DIRECTION('',(0.E0,0.E0,1.E0));
#1618=DIRECTION('',(-7.283063041541E-13,-1.E0,0.E0));
#1619=AXIS2_PLACEMENT_3D('',#1616,#1617,#1618);
#1621=CARTESIAN_POINT('',(-2.E0,-5.E-1,-4.31E0));
#1622=DIRECTION('',(0.E0,-1.E0,0.E0));
#1623=DIRECTION('',(1.E0,0.E0,0.E0));
#1624=AXIS2_PLACEMENT_3D('',#1621,#1622,#1623);
#1626=DIRECTION('',(0.E0,-1.E0,-1.906581173132E-9));
#1627=VECTOR('',#1626,4.6E-1);
#1628=CARTESIAN_POINT('',(-1.775E0,-4.E-2,-4.31E0));
#1629=LINE('',#1628,#1627);
#1630=CARTESIAN_POINT('',(-2.E0,-5.E-1,-4.31E0));
#1631=DIRECTION('',(0.E0,-1.E0,0.E0));
#1632=DIRECTION('',(-1.E0,0.E0,0.E0));
#1633=AXIS2_PLACEMENT_3D('',#1630,#1631,#1632);
#1635=DIRECTION('',(0.E0,-1.E0,1.754056455638E-9));
#1636=VECTOR('',#1635,5.E-1);
#1637=CARTESIAN_POINT('',(-2.225E0,0.E0,-4.31E0));
#1638=LINE('',#1637,#1636);
#1639=DIRECTION('',(0.E0,-1.E0,0.E0));
#1640=VECTOR('',#1639,4.E-2);
#1641=CARTESIAN_POINT('',(-2.164020438938E0,0.E0,-4.464020438938E0));
#1642=LINE('',#1641,#1640);
#1643=DIRECTION('',(0.E0,-1.E0,0.E0));
#1644=VECTOR('',#1643,4.E-2);
#1645=CARTESIAN_POINT('',(-1.845979561062E0,0.E0,-4.145979561062E0));
#1646=LINE('',#1645,#1644);
#1647=DIRECTION('',(0.E0,-1.E0,0.E0));
#1648=VECTOR('',#1647,4.E-2);
#1649=CARTESIAN_POINT('',(-1.75E0,0.E0,-4.05E0));
#1650=LINE('',#1649,#1648);
#1651=DIRECTION('',(0.E0,-1.E0,0.E0));
#1652=VECTOR('',#1651,4.E-2);
#1653=CARTESIAN_POINT('',(-2.25E0,0.E0,-4.55E0));
#1654=LINE('',#1653,#1652);
#1655=CARTESIAN_POINT('',(2.E0,0.E0,-4.31E0));
#1656=DIRECTION('',(0.E0,-1.E0,0.E0));
#1657=DIRECTION('',(7.289797286129E-1,0.E0,-6.845352841684E-1));
#1658=AXIS2_PLACEMENT_3D('',#1655,#1656,#1657);
#1660=CARTESIAN_POINT('',(2.E0,0.E0,-4.31E0));
#1661=DIRECTION('',(0.E0,-1.E0,0.E0));
#1662=DIRECTION('',(1.E0,0.E0,0.E0));
#1663=AXIS2_PLACEMENT_3D('',#1660,#1661,#1662);
#1665=DIRECTION('',(-7.071067811866E-1,0.E0,7.071067811865E-1));
#1666=VECTOR('',#1665,1.357355969646E-1);
#1667=CARTESIAN_POINT('',(1.845979561062E0,0.E0,-4.145979561062E0));
#1668=LINE('',#1667,#1666);
#1669=DIRECTION('',(0.E0,0.E0,1.E0));
#1670=VECTOR('',#1669,3.3E-1);
#1671=CARTESIAN_POINT('',(1.75E0,0.E0,-4.05E0));
#1672=LINE('',#1671,#1670);
#1673=DIRECTION('',(-1.E0,0.E0,0.E0));
#1674=VECTOR('',#1673,3.5E0);
#1675=CARTESIAN_POINT('',(1.75E0,0.E0,-3.72E0));
#1676=LINE('',#1675,#1674);
#1677=DIRECTION('',(0.E0,0.E0,1.E0));
#1678=VECTOR('',#1677,3.3E-1);
#1679=CARTESIAN_POINT('',(-1.75E0,0.E0,-4.05E0));
#1680=LINE('',#1679,#1678);
#1681=DIRECTION('',(-7.071067811866E-1,0.E0,-7.071067811865E-1));
#1682=VECTOR('',#1681,1.357355969646E-1);
#1683=CARTESIAN_POINT('',(-1.75E0,0.E0,-4.05E0));
#1684=LINE('',#1683,#1682);
#1685=CARTESIAN_POINT('',(-2.E0,0.E0,-4.31E0));
#1686=DIRECTION('',(0.E0,-1.E0,0.E0));
#1687=DIRECTION('',(6.845352841684E-1,0.E0,7.289797286129E-1));
#1688=AXIS2_PLACEMENT_3D('',#1685,#1686,#1687);
#1690=CARTESIAN_POINT('',(-2.E0,0.E0,-4.31E0));
#1691=DIRECTION('',(0.E0,-1.E0,0.E0));
#1692=DIRECTION('',(-1.E0,0.E0,0.E0));
#1693=AXIS2_PLACEMENT_3D('',#1690,#1691,#1692);
#1695=DIRECTION('',(-7.071067811865E-1,0.E0,-7.071067811865E-1));
#1696=VECTOR('',#1695,1.215934613409E-1);
#1697=CARTESIAN_POINT('',(-2.164020438938E0,0.E0,-4.464020438938E0));
#1698=LINE('',#1697,#1696);
#1699=DIRECTION('',(0.E0,0.E0,1.E0));
#1700=VECTOR('',#1699,2.5E-1);
#1701=CARTESIAN_POINT('',(-2.25E0,0.E0,-4.8E0));
#1702=LINE('',#1701,#1700);
#1703=DIRECTION('',(0.E0,0.E0,-1.E0));
#1704=VECTOR('',#1703,1.75E0);
#1705=CARTESIAN_POINT('',(-2.604916595073E0,0.E0,-3.05E0));
#1706=LINE('',#1705,#1704);
#1707=DIRECTION('',(1.E0,0.E0,0.E0));
#1708=VECTOR('',#1707,1.854916595073E0);
#1709=CARTESIAN_POINT('',(-2.604916595073E0,0.E0,-3.05E0));
#1710=LINE('',#1709,#1708);
#1711=DIRECTION('',(0.E0,0.E0,1.E0));
#1712=VECTOR('',#1711,1.8E0);
#1713=CARTESIAN_POINT('',(-6.E-1,0.E0,-2.9E0));
#1714=LINE('',#1713,#1712);
#1715=DIRECTION('',(1.E0,0.E0,0.E0));
#1716=VECTOR('',#1715,1.854916595073E0);
#1717=CARTESIAN_POINT('',(-2.604916595073E0,0.E0,-9.5E-1));
#1718=LINE('',#1717,#1716);
#1719=DIRECTION('',(0.E0,0.E0,-1.E0));
#1720=VECTOR('',#1719,9.5E-1);
#1721=CARTESIAN_POINT('',(-2.604916595073E0,0.E0,0.E0));
#1722=LINE('',#1721,#1720);
#1723=DIRECTION('',(1.E0,0.E0,0.E0));
#1724=VECTOR('',#1723,4.916595072618E-3);
#1725=CARTESIAN_POINT('',(-2.604916595073E0,0.E0,0.E0));
#1726=LINE('',#1725,#1724);
#1727=DIRECTION('',(0.E0,0.E0,-1.E0));
#1728=VECTOR('',#1727,1.737041707837E-2);
#1729=CARTESIAN_POINT('',(-2.6E0,0.E0,1.737041707837E-2));
#1730=LINE('',#1729,#1728);
#1731=DIRECTION('',(1.E0,0.E0,0.E0));
#1732=VECTOR('',#1731,5.2E0);
#1733=CARTESIAN_POINT('',(-2.6E0,0.E0,1.737041707837E-2));
#1734=LINE('',#1733,#1732);
#1735=DIRECTION('',(0.E0,0.E0,-1.E0));
#1736=VECTOR('',#1735,1.737041707837E-2);
#1737=CARTESIAN_POINT('',(2.6E0,0.E0,1.737041707837E-2));
#1738=LINE('',#1737,#1736);
#1739=DIRECTION('',(-1.E0,0.E0,0.E0));
#1740=VECTOR('',#1739,4.916595072618E-3);
#1741=CARTESIAN_POINT('',(2.604916595073E0,0.E0,0.E0));
#1742=LINE('',#1741,#1740);
#1743=DIRECTION('',(-1.E0,0.E0,0.E0));
#1744=VECTOR('',#1743,1.854916595073E0);
#1745=CARTESIAN_POINT('',(2.604916595073E0,0.E0,-9.5E-1));
#1746=LINE('',#1745,#1744);
#1747=DIRECTION('',(0.E0,0.E0,-1.E0));
#1748=VECTOR('',#1747,1.8E0);
#1749=CARTESIAN_POINT('',(6.E-1,0.E0,-1.1E0));
#1750=LINE('',#1749,#1748);
#1751=DIRECTION('',(-1.E0,0.E0,0.E0));
#1752=VECTOR('',#1751,1.854916595073E0);
#1753=CARTESIAN_POINT('',(2.604916595073E0,0.E0,-3.05E0));
#1754=LINE('',#1753,#1752);
#1755=DIRECTION('',(0.E0,0.E0,1.E0));
#1756=VECTOR('',#1755,2.5E-1);
#1757=CARTESIAN_POINT('',(2.25E0,0.E0,-4.8E0));
#1758=LINE('',#1757,#1756);
#1759=DIRECTION('',(-7.071067811865E-1,0.E0,7.071067811865E-1));
#1760=VECTOR('',#1759,1.215934613409E-1);
#1761=CARTESIAN_POINT('',(2.25E0,0.E0,-4.55E0));
#1762=LINE('',#1761,#1760);
#1763=CARTESIAN_POINT('',(2.E0,-5.E-1,-4.31E0));
#1764=DIRECTION('',(0.E0,-1.E0,0.E0));
#1765=DIRECTION('',(1.E0,0.E0,0.E0));
#1766=AXIS2_PLACEMENT_3D('',#1763,#1764,#1765);
#1768=DIRECTION('',(0.E0,-1.E0,-1.754054679282E-9));
#1769=VECTOR('',#1768,5.E-1);
#1770=CARTESIAN_POINT('',(2.225E0,0.E0,-4.31E0));
#1771=LINE('',#1770,#1769);
#1772=CARTESIAN_POINT('',(2.175E0,-5.E-1,-4.31E0));
#1773=DIRECTION('',(0.E0,0.E0,1.E0));
#1774=DIRECTION('',(-7.283063041541E-13,-1.E0,0.E0));
#1775=AXIS2_PLACEMENT_3D('',#1772,#1773,#1774);
#1777=DIRECTION('',(0.E0,-1.E0,0.E0));
#1778=VECTOR('',#1777,4.E-2);
#1779=CARTESIAN_POINT('',(2.164020438938E0,0.E0,-4.464020438938E0));
#1780=LINE('',#1779,#1778);
#1781=DIRECTION('',(0.E0,-1.E0,0.E0));
#1782=VECTOR('',#1781,4.E-2);
#1783=CARTESIAN_POINT('',(2.25E0,0.E0,-4.55E0));
#1784=LINE('',#1783,#1782);
#1785=DIRECTION('',(-1.665334536938E-14,-1.E0,0.E0));
#1786=VECTOR('',#1785,4.E-2);
#1787=CARTESIAN_POINT('',(1.845979561062E0,0.E0,-4.145979561062E0));
#1788=LINE('',#1787,#1786);
#1789=DIRECTION('',(1.665334536938E-14,-1.E0,0.E0));
#1790=VECTOR('',#1789,4.E-2);
#1791=CARTESIAN_POINT('',(1.75E0,0.E0,-4.05E0));
#1792=LINE('',#1791,#1790);
#1793=DIRECTION('',(0.E0,-1.E0,0.E0));
#1794=VECTOR('',#1793,4.E-2);
#1795=CARTESIAN_POINT('',(2.25E0,0.E0,-4.8E0));
#1796=LINE('',#1795,#1794);
#1797=DIRECTION('',(0.E0,1.E0,0.E0));
#1798=VECTOR('',#1797,8.E-2);
#1799=CARTESIAN_POINT('',(1.75E0,0.E0,-3.72E0));
#1800=LINE('',#1799,#1798);
#1801=DIRECTION('',(-1.E0,-1.171285290980E-14,2.486899575160E-14));
#1802=VECTOR('',#1801,2.5E-1);
#1803=CARTESIAN_POINT('',(-1.175E0,7.999999999862E-2,-4.190000000001E0));
#1804=LINE('',#1803,#1802);
#1805=DIRECTION('',(0.E0,-3.832775146658E-12,1.E0));
#1806=VECTOR('',#1805,3.599999999987E-1);
#1807=CARTESIAN_POINT('',(-1.425E0,8.E-2,-4.55E0));
#1808=LINE('',#1807,#1806);
#1809=DIRECTION('',(0.E0,0.E0,-1.E0));
#1810=VECTOR('',#1809,8.3E-1);
#1811=CARTESIAN_POINT('',(-1.75E0,8.E-2,-3.72E0));
#1812=LINE('',#1811,#1810);
#1813=DIRECTION('',(-1.E0,0.E0,0.E0));
#1814=VECTOR('',#1813,3.5E0);
#1815=CARTESIAN_POINT('',(1.75E0,8.E-2,-3.72E0));
#1816=LINE('',#1815,#1814);
#1817=DIRECTION('',(0.E0,0.E0,1.E0));
#1818=VECTOR('',#1817,8.3E-1);
#1819=CARTESIAN_POINT('',(1.75E0,8.E-2,-4.55E0));
#1820=LINE('',#1819,#1818);
#1821=DIRECTION('',(0.E0,2.101405469393E-12,1.E0));
#1822=VECTOR('',#1821,3.599999999991E-1);
#1823=CARTESIAN_POINT('',(1.425E0,8.E-2,-4.55E0));
#1824=LINE('',#1823,#1822);
#1825=DIRECTION('',(-1.E0,1.227351553723E-13,5.329070518201E-14));
#1826=VECTOR('',#1825,2.5E-1);
#1827=CARTESIAN_POINT('',(1.425E0,8.000000000076E-2,-4.190000000001E0));
#1828=LINE('',#1827,#1826);
#1829=DIRECTION('',(0.E0,2.186638216180E-12,1.E0));
#1830=VECTOR('',#1829,3.599999999991E-1);
#1831=CARTESIAN_POINT('',(1.175E0,8.E-2,-4.55E0));
#1832=LINE('',#1831,#1830);
#1833=DIRECTION('',(0.E0,1.442364746159E-12,1.E0));
#1834=VECTOR('',#1833,3.6E-1);
#1835=CARTESIAN_POINT('',(7.75E-1,8.E-2,-4.55E0));
#1836=LINE('',#1835,#1834);
#1837=DIRECTION('',(-1.E0,-9.903189379656E-14,-1.101341240428E-13));
#1838=VECTOR('',#1837,2.5E-1);
#1839=CARTESIAN_POINT('',(7.75E-1,8.000000000052E-2,-4.19E0));
#1840=LINE('',#1839,#1838);
#1841=DIRECTION('',(0.E0,1.373592597689E-12,1.E0));
#1842=VECTOR('',#1841,3.6E-1);
#1843=CARTESIAN_POINT('',(5.25E-1,8.E-2,-4.55E0));
#1844=LINE('',#1843,#1842);
#1845=DIRECTION('',(0.E0,-5.389708741039E-12,1.E0));
#1846=VECTOR('',#1845,3.6E-1);
#1847=CARTESIAN_POINT('',(1.25E-1,8.E-2,-4.55E0));
#1848=LINE('',#1847,#1846);
#1849=DIRECTION('',(-1.E0,0.E0,0.E0));
#1850=VECTOR('',#1849,2.5E-1);
#1851=CARTESIAN_POINT('',(1.25E-1,7.999999999806E-2,-4.19E0));
#1852=LINE('',#1851,#1850);
#1853=DIRECTION('',(0.E0,-5.389708741039E-12,1.E0));
#1854=VECTOR('',#1853,3.6E-1);
#1855=CARTESIAN_POINT('',(-1.25E-1,8.E-2,-4.55E0));
#1856=LINE('',#1855,#1854);
#1857=DIRECTION('',(0.E0,2.749922203535E-12,1.E0));
#1858=VECTOR('',#1857,3.599999999992E-1);
#1859=CARTESIAN_POINT('',(-5.25E-1,8.E-2,-4.55E0));
#1860=LINE('',#1859,#1858);
#1861=DIRECTION('',(-1.E0,1.223465773137E-13,4.973799150321E-14));
#1862=VECTOR('',#1861,2.5E-1);
#1863=CARTESIAN_POINT('',(-5.25E-1,8.000000000099E-2,-4.190000000001E0));
#1864=LINE('',#1863,#1862);
#1865=DIRECTION('',(0.E0,2.834885104448E-12,1.E0));
#1866=VECTOR('',#1865,3.599999999992E-1);
#1867=CARTESIAN_POINT('',(-7.75E-1,8.E-2,-4.55E0));
#1868=LINE('',#1867,#1866);
#1869=DIRECTION('',(0.E0,-3.824641221026E-12,1.E0));
#1870=VECTOR('',#1869,3.599999999987E-1);
#1871=CARTESIAN_POINT('',(-1.175E0,8.E-2,-4.55E0));
#1872=LINE('',#1871,#1870);
#1873=CARTESIAN_POINT('',(-1.425E0,1.8E-1,-4.419128784750E0));
#1874=DIRECTION('',(-1.E0,0.E0,9.538963164271E-14));
#1875=DIRECTION('',(0.E0,-1.E0,8.181899602278E-12));
#1876=AXIS2_PLACEMENT_3D('',#1873,#1874,#1875);
#1878=DIRECTION('',(-1.E0,0.E0,0.E0));
#1879=VECTOR('',#1878,2.5E-1);
#1880=CARTESIAN_POINT('',(-1.175E0,-7.E-2,-4.419128784748E0));
#1881=LINE('',#1880,#1879);
#1882=DIRECTION('',(0.E0,0.E0,1.E0));
#1883=VECTOR('',#1882,8.708712152522E-1);
#1884=CARTESIAN_POINT('',(-1.175E0,-7.E-2,-5.29E0));
#1885=LINE('',#1884,#1883);
#1886=DIRECTION('',(1.E0,0.E0,0.E0));
#1887=VECTOR('',#1886,2.5E-1);
#1888=CARTESIAN_POINT('',(-1.425E0,-7.E-2,-5.29E0));
#1889=LINE('',#1888,#1887);
#1890=DIRECTION('',(0.E0,0.E0,-1.E0));
#1891=VECTOR('',#1890,8.708712152522E-1);
#1892=CARTESIAN_POINT('',(-1.425E0,-7.E-2,-4.419128784748E0));
#1893=LINE('',#1892,#1891);
#1894=CARTESIAN_POINT('',(-1.175E0,1.8E-1,-4.419128784750E0));
#1895=DIRECTION('',(1.E0,0.E0,-9.538963164271E-14));
#1896=DIRECTION('',(8.704148513061E-14,-3.999999999970E-1,9.165151389925E-1));
#1897=AXIS2_PLACEMENT_3D('',#1894,#1895,#1896);
#1899=DIRECTION('',(0.E0,1.E0,0.E0));
#1900=VECTOR('',#1899,1.5E-1);
#1901=CARTESIAN_POINT('',(-1.175E0,-7.E-2,-5.29E0));
#1902=LINE('',#1901,#1900);
#1903=DIRECTION('',(0.E0,0.E0,-1.E0));
#1904=VECTOR('',#1903,7.4E-1);
#1905=CARTESIAN_POINT('',(-1.425E0,8.E-2,-4.55E0));
#1906=LINE('',#1905,#1904);
#1907=DIRECTION('',(1.E0,0.E0,0.E0));
#1908=VECTOR('',#1907,2.5E-1);
#1909=CARTESIAN_POINT('',(-1.425E0,8.E-2,-5.29E0));
#1910=LINE('',#1909,#1908);
#1911=DIRECTION('',(0.E0,0.E0,1.E0));
#1912=VECTOR('',#1911,7.4E-1);
#1913=CARTESIAN_POINT('',(-1.175E0,8.E-2,-5.29E0));
#1914=LINE('',#1913,#1912);
#1915=DIRECTION('',(0.E0,-1.E0,0.E0));
#1916=VECTOR('',#1915,6.E-1);
#1917=CARTESIAN_POINT('',(-7.5E-1,2.35E0,-4.55E0));
#1918=LINE('',#1917,#1916);
#1919=DIRECTION('',(1.E0,0.E0,0.E0));
#1920=VECTOR('',#1919,1.5E0);
#1921=CARTESIAN_POINT('',(-7.5E-1,1.75E0,-4.55E0));
#1922=LINE('',#1921,#1920);
#1923=DIRECTION('',(0.E0,-1.E0,0.E0));
#1924=VECTOR('',#1923,6.E-1);
#1925=CARTESIAN_POINT('',(7.5E-1,2.35E0,-4.55E0));
#1926=LINE('',#1925,#1924);
#1927=DIRECTION('',(1.E0,0.E0,0.E0));
#1928=VECTOR('',#1927,4.E-1);
#1929=CARTESIAN_POINT('',(-1.175E0,8.E-2,-4.55E0));
#1930=LINE('',#1929,#1928);
#1931=DIRECTION('',(-1.E0,0.E0,0.E0));
#1932=VECTOR('',#1931,2.5E-1);
#1933=CARTESIAN_POINT('',(-5.25E-1,8.E-2,-4.55E0));
#1934=LINE('',#1933,#1932);
#1935=DIRECTION('',(1.E0,0.E0,0.E0));
#1936=VECTOR('',#1935,4.E-1);
#1937=CARTESIAN_POINT('',(-5.25E-1,8.E-2,-4.55E0));
#1938=LINE('',#1937,#1936);
#1939=DIRECTION('',(-1.E0,0.E0,0.E0));
#1940=VECTOR('',#1939,2.5E-1);
#1941=CARTESIAN_POINT('',(1.25E-1,8.E-2,-4.55E0));
#1942=LINE('',#1941,#1940);
#1943=DIRECTION('',(1.E0,0.E0,0.E0));
#1944=VECTOR('',#1943,4.E-1);
#1945=CARTESIAN_POINT('',(1.25E-1,8.E-2,-4.55E0));
#1946=LINE('',#1945,#1944);
#1947=DIRECTION('',(-1.E0,0.E0,0.E0));
#1948=VECTOR('',#1947,2.5E-1);
#1949=CARTESIAN_POINT('',(7.75E-1,8.E-2,-4.55E0));
#1950=LINE('',#1949,#1948);
#1951=DIRECTION('',(1.E0,0.E0,0.E0));
#1952=VECTOR('',#1951,4.E-1);
#1953=CARTESIAN_POINT('',(7.75E-1,8.E-2,-4.55E0));
#1954=LINE('',#1953,#1952);
#1955=DIRECTION('',(-1.E0,0.E0,0.E0));
#1956=VECTOR('',#1955,2.5E-1);
#1957=CARTESIAN_POINT('',(1.425E0,8.E-2,-4.55E0));
#1958=LINE('',#1957,#1956);
#1959=DIRECTION('',(1.E0,0.E0,0.E0));
#1960=VECTOR('',#1959,3.25E-1);
#1961=CARTESIAN_POINT('',(1.425E0,8.E-2,-4.55E0));
#1962=LINE('',#1961,#1960);
#1963=DIRECTION('',(0.E0,-1.E0,0.E0));
#1964=VECTOR('',#1963,9.5E-1);
#1965=CARTESIAN_POINT('',(1.7E0,2.35E0,-4.55E0));
#1966=LINE('',#1965,#1964);
#1967=DIRECTION('',(-1.E0,0.E0,0.E0));
#1968=VECTOR('',#1967,2.9E0);
#1969=CARTESIAN_POINT('',(1.45E0,1.15E0,-4.55E0));
#1970=LINE('',#1969,#1968);
#1971=DIRECTION('',(0.E0,-1.E0,0.E0));
#1972=VECTOR('',#1971,9.5E-1);
#1973=CARTESIAN_POINT('',(-1.7E0,2.35E0,-4.55E0));
#1974=LINE('',#1973,#1972);
#1975=DIRECTION('',(0.E0,-1.E0,0.E0));
#1976=VECTOR('',#1975,2.27E0);
#1977=CARTESIAN_POINT('',(-1.75E0,2.35E0,-4.55E0));
#1978=LINE('',#1977,#1976);
#1979=DIRECTION('',(1.E0,0.E0,0.E0));
#1980=VECTOR('',#1979,3.25E-1);
#1981=CARTESIAN_POINT('',(-1.75E0,8.E-2,-4.55E0));
#1982=LINE('',#1981,#1980);
#1983=DIRECTION('',(-1.E0,0.E0,0.E0));
#1984=VECTOR('',#1983,2.5E-1);
#1985=CARTESIAN_POINT('',(-1.175E0,8.E-2,-4.55E0));
#1986=LINE('',#1985,#1984);
#1987=CARTESIAN_POINT('',(-7.5E-1,2.1E0,-4.6E0));
#1988=DIRECTION('',(1.E0,0.E0,0.E0));
#1989=DIRECTION('',(0.E0,0.E0,-1.E0));
#1990=AXIS2_PLACEMENT_3D('',#1987,#1988,#1989);
#1992=DIRECTION('',(0.E0,0.E0,1.E0));
#1993=VECTOR('',#1992,5.E-2);
#1994=CARTESIAN_POINT('',(-7.5E-1,2.35E0,-4.6E0));
#1995=LINE('',#1994,#1993);
#1996=CARTESIAN_POINT('',(-1.7E0,2.1E0,-4.6E0));
#1997=DIRECTION('',(-1.E0,0.E0,0.E0));
#1998=DIRECTION('',(0.E0,1.E0,0.E0));
#1999=AXIS2_PLACEMENT_3D('',#1996,#1997,#1998);
#2001=DIRECTION('',(0.E0,0.E0,1.E0));
#2002=VECTOR('',#2001,3.E-1);
#2003=CARTESIAN_POINT('',(-1.7E0,1.4E0,-4.85E0));
#2004=LINE('',#2003,#2002);
#2005=CARTESIAN_POINT('',(-1.45E0,1.4E0,-4.55E0));
#2006=DIRECTION('',(0.E0,0.E0,1.E0));
#2007=DIRECTION('',(-1.E0,0.E0,0.E0));
#2008=AXIS2_PLACEMENT_3D('',#2005,#2006,#2007);
#2010=DIRECTION('',(0.E0,0.E0,1.E0));
#2011=VECTOR('',#2010,3.E-1);
#2012=CARTESIAN_POINT('',(1.45E0,1.15E0,-4.85E0));
#2013=LINE('',#2012,#2011);
#2014=DIRECTION('',(0.E0,0.E0,1.E0));
#2015=VECTOR('',#2014,3.E-1);
#2016=CARTESIAN_POINT('',(-1.45E0,1.15E0,-4.85E0));
#2017=LINE('',#2016,#2015);
#2018=CARTESIAN_POINT('',(1.45E0,1.4E0,-4.55E0));
#2019=DIRECTION('',(0.E0,0.E0,1.E0));
#2020=DIRECTION('',(0.E0,-1.E0,0.E0));
#2021=AXIS2_PLACEMENT_3D('',#2018,#2019,#2020);
#2023=CARTESIAN_POINT('',(1.7E0,2.1E0,-4.6E0));
#2024=DIRECTION('',(1.E0,0.E0,0.E0));
#2025=DIRECTION('',(0.E0,0.E0,-1.E0));
#2026=AXIS2_PLACEMENT_3D('',#2023,#2024,#2025);
#2028=DIRECTION('',(0.E0,0.E0,1.E0));
#2029=VECTOR('',#2028,3.E-1);
#2030=CARTESIAN_POINT('',(1.7E0,1.4E0,-4.85E0));
#2031=LINE('',#2030,#2029);
#2032=DIRECTION('',(0.E0,0.E0,1.E0));
#2033=VECTOR('',#2032,5.E-2);
#2034=CARTESIAN_POINT('',(1.7E0,2.35E0,-4.6E0));
#2035=LINE('',#2034,#2033);
#2036=CARTESIAN_POINT('',(7.5E-1,2.1E0,-4.6E0));
#2037=DIRECTION('',(-1.E0,0.E0,0.E0));
#2038=DIRECTION('',(0.E0,1.E0,0.E0));
#2039=AXIS2_PLACEMENT_3D('',#2036,#2037,#2038);
#2041=DIRECTION('',(0.E0,0.E0,1.E0));
#2042=VECTOR('',#2041,3.E-1);
#2043=CARTESIAN_POINT('',(7.5E-1,1.75E0,-4.85E0));
#2044=LINE('',#2043,#2042);
#2045=DIRECTION('',(0.E0,0.E0,1.E0));
#2046=VECTOR('',#2045,3.E-1);
#2047=CARTESIAN_POINT('',(-7.5E-1,1.75E0,-4.85E0));
#2048=LINE('',#2047,#2046);
#2049=DIRECTION('',(1.E0,0.E0,0.E0));
#2050=VECTOR('',#2049,9.5E-1);
#2051=CARTESIAN_POINT('',(-1.7E0,2.1E0,-4.85E0));
#2052=LINE('',#2051,#2050);
#2053=DIRECTION('',(0.E0,-1.E0,0.E0));
#2054=VECTOR('',#2053,7.E-1);
#2055=CARTESIAN_POINT('',(-1.7E0,2.1E0,-4.85E0));
#2056=LINE('',#2055,#2054);
#2057=CARTESIAN_POINT('',(-1.45E0,1.4E0,-4.85E0));
#2058=DIRECTION('',(0.E0,0.E0,-1.E0));
#2059=DIRECTION('',(0.E0,-1.E0,0.E0));
#2060=AXIS2_PLACEMENT_3D('',#2057,#2058,#2059);
#2062=DIRECTION('',(1.E0,0.E0,0.E0));
#2063=VECTOR('',#2062,2.9E0);
#2064=CARTESIAN_POINT('',(-1.45E0,1.15E0,-4.85E0));
#2065=LINE('',#2064,#2063);
#2066=CARTESIAN_POINT('',(1.45E0,1.4E0,-4.85E0));
#2067=DIRECTION('',(0.E0,0.E0,-1.E0));
#2068=DIRECTION('',(1.E0,0.E0,0.E0));
#2069=AXIS2_PLACEMENT_3D('',#2066,#2067,#2068);
#2071=DIRECTION('',(0.E0,1.E0,0.E0));
#2072=VECTOR('',#2071,7.E-1);
#2073=CARTESIAN_POINT('',(1.7E0,1.4E0,-4.85E0));
#2074=LINE('',#2073,#2072);
#2075=DIRECTION('',(1.E0,0.E0,0.E0));
#2076=VECTOR('',#2075,9.5E-1);
#2077=CARTESIAN_POINT('',(7.5E-1,2.1E0,-4.85E0));
#2078=LINE('',#2077,#2076);
#2079=DIRECTION('',(0.E0,-1.E0,0.E0));
#2080=VECTOR('',#2079,3.5E-1);
#2081=CARTESIAN_POINT('',(7.5E-1,2.1E0,-4.85E0));
#2082=LINE('',#2081,#2080);
#2083=DIRECTION('',(-1.E0,0.E0,0.E0));
#2084=VECTOR('',#2083,1.5E0);
#2085=CARTESIAN_POINT('',(7.5E-1,1.75E0,-4.85E0));
#2086=LINE('',#2085,#2084);
#2087=DIRECTION('',(0.E0,1.E0,0.E0));
#2088=VECTOR('',#2087,3.5E-1);
#2089=CARTESIAN_POINT('',(-7.5E-1,1.75E0,-4.85E0));
#2090=LINE('',#2089,#2088);
#2091=DIRECTION('',(0.E0,0.E0,-1.E0));
#2092=VECTOR('',#2091,7.4E-1);
#2093=CARTESIAN_POINT('',(-7.75E-1,8.E-2,-4.55E0));
#2094=LINE('',#2093,#2092);
#2095=DIRECTION('',(1.E0,0.E0,0.E0));
#2096=VECTOR('',#2095,2.5E-1);
#2097=CARTESIAN_POINT('',(-7.75E-1,8.E-2,-5.29E0));
#2098=LINE('',#2097,#2096);
#2099=DIRECTION('',(0.E0,0.E0,1.E0));
#2100=VECTOR('',#2099,7.4E-1);
#2101=CARTESIAN_POINT('',(-5.25E-1,8.E-2,-5.29E0));
#2102=LINE('',#2101,#2100);
#2103=CARTESIAN_POINT('',(-7.75E-1,1.8E-1,-4.419128784752E0));
#2104=DIRECTION('',(-1.E0,0.E0,0.E0));
#2105=DIRECTION('',(0.E0,-1.E0,1.524114168205E-11));
#2106=AXIS2_PLACEMENT_3D('',#2103,#2104,#2105);
#2108=CARTESIAN_POINT('',(-5.25E-1,1.8E-1,-4.419128784752E0));
#2109=DIRECTION('',(1.E0,0.E0,0.E0));
#2110=DIRECTION('',(0.E0,-3.999999999944E-1,9.165151389936E-1));
#2111=AXIS2_PLACEMENT_3D('',#2108,#2109,#2110);
#2113=DIRECTION('',(0.E0,1.E0,0.E0));
#2114=VECTOR('',#2113,1.5E-1);
#2115=CARTESIAN_POINT('',(-5.25E-1,-7.E-2,-5.29E0));
#2116=LINE('',#2115,#2114);
#2117=DIRECTION('',(0.E0,1.E0,0.E0));
#2118=VECTOR('',#2117,1.5E-1);
#2119=CARTESIAN_POINT('',(-7.75E-1,-7.E-2,-5.29E0));
#2120=LINE('',#2119,#2118);
#2121=DIRECTION('',(-1.E0,0.E0,0.E0));
#2122=VECTOR('',#2121,2.5E-1);
#2123=CARTESIAN_POINT('',(-5.25E-1,-7.E-2,-4.419128784748E0));
#2124=LINE('',#2123,#2122);
#2125=DIRECTION('',(0.E0,0.E0,1.E0));
#2126=VECTOR('',#2125,8.708712152522E-1);
#2127=CARTESIAN_POINT('',(-5.25E-1,-7.E-2,-5.29E0));
#2128=LINE('',#2127,#2126);
#2129=DIRECTION('',(1.E0,0.E0,0.E0));
#2130=VECTOR('',#2129,2.5E-1);
#2131=CARTESIAN_POINT('',(-7.75E-1,-7.E-2,-5.29E0));
#2132=LINE('',#2131,#2130);
#2133=DIRECTION('',(0.E0,0.E0,-1.E0));
#2134=VECTOR('',#2133,8.708712152522E-1);
#2135=CARTESIAN_POINT('',(-7.75E-1,-7.E-2,-4.419128784748E0));
#2136=LINE('',#2135,#2134);
#2137=DIRECTION('',(0.E0,0.E0,-1.E0));
#2138=VECTOR('',#2137,7.4E-1);
#2139=CARTESIAN_POINT('',(-1.25E-1,8.E-2,-4.55E0));
#2140=LINE('',#2139,#2138);
#2141=DIRECTION('',(1.E0,0.E0,0.E0));
#2142=VECTOR('',#2141,2.5E-1);
#2143=CARTESIAN_POINT('',(-1.25E-1,8.E-2,-5.29E0));
#2144=LINE('',#2143,#2142);
#2145=DIRECTION('',(0.E0,0.E0,1.E0));
#2146=VECTOR('',#2145,7.4E-1);
#2147=CARTESIAN_POINT('',(1.25E-1,8.E-2,-5.29E0));
#2148=LINE('',#2147,#2146);
#2149=CARTESIAN_POINT('',(-1.25E-1,1.8E-1,-4.419128784745E0));
#2150=DIRECTION('',(-1.E0,0.E0,0.E0));
#2151=DIRECTION('',(0.E0,-1.E0,-1.016431383505E-11));
#2152=AXIS2_PLACEMENT_3D('',#2149,#2150,#2151);
#2154=CARTESIAN_POINT('',(1.25E-1,1.8E-1,-4.419128784745E0));
#2155=DIRECTION('',(1.E0,0.E0,0.E0));
#2156=DIRECTION('',(0.E0,-4.000000000037E-1,9.165151389895E-1));
#2157=AXIS2_PLACEMENT_3D('',#2154,#2155,#2156);
#2159=DIRECTION('',(0.E0,1.E0,0.E0));
#2160=VECTOR('',#2159,1.5E-1);
#2161=CARTESIAN_POINT('',(1.25E-1,-7.E-2,-5.29E0));
#2162=LINE('',#2161,#2160);
#2163=DIRECTION('',(0.E0,1.E0,0.E0));
#2164=VECTOR('',#2163,1.5E-1);
#2165=CARTESIAN_POINT('',(-1.25E-1,-7.E-2,-5.29E0));
#2166=LINE('',#2165,#2164);
#2167=DIRECTION('',(-1.E0,0.E0,0.E0));
#2168=VECTOR('',#2167,2.5E-1);
#2169=CARTESIAN_POINT('',(1.25E-1,-7.E-2,-4.419128784748E0));
#2170=LINE('',#2169,#2168);
#2171=DIRECTION('',(0.E0,0.E0,1.E0));
#2172=VECTOR('',#2171,8.708712152522E-1);
#2173=CARTESIAN_POINT('',(1.25E-1,-7.E-2,-5.29E0));
#2174=LINE('',#2173,#2172);
#2175=DIRECTION('',(1.E0,0.E0,0.E0));
#2176=VECTOR('',#2175,2.5E-1);
#2177=CARTESIAN_POINT('',(-1.25E-1,-7.E-2,-5.29E0));
#2178=LINE('',#2177,#2176);
#2179=DIRECTION('',(0.E0,0.E0,-1.E0));
#2180=VECTOR('',#2179,8.708712152522E-1);
#2181=CARTESIAN_POINT('',(-1.25E-1,-7.E-2,-4.419128784748E0));
#2182=LINE('',#2181,#2180);
#2183=DIRECTION('',(0.E0,0.E0,-1.E0));
#2184=VECTOR('',#2183,7.4E-1);
#2185=CARTESIAN_POINT('',(5.25E-1,8.E-2,-4.55E0));
#2186=LINE('',#2185,#2184);
#2187=DIRECTION('',(1.E0,0.E0,0.E0));
#2188=VECTOR('',#2187,2.5E-1);
#2189=CARTESIAN_POINT('',(5.25E-1,8.E-2,-5.29E0));
#2190=LINE('',#2189,#2188);
#2191=DIRECTION('',(0.E0,0.E0,1.E0));
#2192=VECTOR('',#2191,7.4E-1);
#2193=CARTESIAN_POINT('',(7.75E-1,8.E-2,-5.29E0));
#2194=LINE('',#2193,#2192);
#2195=CARTESIAN_POINT('',(5.25E-1,1.8E-1,-4.419128784748E0));
#2196=DIRECTION('',(-1.E0,0.E0,-1.908059456999E-13));
#2197=DIRECTION('',(0.E0,-1.E0,2.465583293088E-12));
#2198=AXIS2_PLACEMENT_3D('',#2195,#2196,#2197);
#2200=CARTESIAN_POINT('',(7.75E-1,1.8E-1,-4.419128784748E0));
#2201=DIRECTION('',(1.E0,0.E0,1.908059456999E-13));
#2202=DIRECTION('',(-1.749711486809E-13,-3.999999999992E-1,9.165151389915E-1));
#2203=AXIS2_PLACEMENT_3D('',#2200,#2201,#2202);
#2205=DIRECTION('',(0.E0,1.E0,0.E0));
#2206=VECTOR('',#2205,1.5E-1);
#2207=CARTESIAN_POINT('',(7.75E-1,-7.E-2,-5.29E0));
#2208=LINE('',#2207,#2206);
#2209=DIRECTION('',(0.E0,1.E0,0.E0));
#2210=VECTOR('',#2209,1.5E-1);
#2211=CARTESIAN_POINT('',(5.25E-1,-7.E-2,-5.29E0));
#2212=LINE('',#2211,#2210);
#2213=DIRECTION('',(-1.E0,0.E0,0.E0));
#2214=VECTOR('',#2213,2.5E-1);
#2215=CARTESIAN_POINT('',(7.75E-1,-7.E-2,-4.419128784748E0));
#2216=LINE('',#2215,#2214);
#2217=DIRECTION('',(0.E0,0.E0,1.E0));
#2218=VECTOR('',#2217,8.708712152522E-1);
#2219=CARTESIAN_POINT('',(7.75E-1,-7.E-2,-5.29E0));
#2220=LINE('',#2219,#2218);
#2221=DIRECTION('',(1.E0,0.E0,0.E0));
#2222=VECTOR('',#2221,2.5E-1);
#2223=CARTESIAN_POINT('',(5.25E-1,-7.E-2,-5.29E0));
#2224=LINE('',#2223,#2222);
#2225=DIRECTION('',(0.E0,0.E0,-1.E0));
#2226=VECTOR('',#2225,8.708712152522E-1);
#2227=CARTESIAN_POINT('',(5.25E-1,-7.E-2,-4.419128784748E0));
#2228=LINE('',#2227,#2226);
#2229=DIRECTION('',(0.E0,0.E0,-1.E0));
#2230=VECTOR('',#2229,7.4E-1);
#2231=CARTESIAN_POINT('',(1.175E0,8.E-2,-4.55E0));
#2232=LINE('',#2231,#2230);
#2233=DIRECTION('',(1.E0,0.E0,0.E0));
#2234=VECTOR('',#2233,2.5E-1);
#2235=CARTESIAN_POINT('',(1.175E0,8.E-2,-5.29E0));
#2236=LINE('',#2235,#2234);
#2237=DIRECTION('',(0.E0,0.E0,1.E0));
#2238=VECTOR('',#2237,7.4E-1);
#2239=CARTESIAN_POINT('',(1.425E0,8.E-2,-5.29E0));
#2240=LINE('',#2239,#2238);
#2241=CARTESIAN_POINT('',(1.175E0,1.8E-1,-4.419128784752E0));
#2242=DIRECTION('',(-1.E0,0.E0,0.E0));
#2243=DIRECTION('',(0.E0,-1.E0,1.524114168205E-11));
#2244=AXIS2_PLACEMENT_3D('',#2241,#2242,#2243);
#2246=CARTESIAN_POINT('',(1.425E0,1.8E-1,-4.419128784752E0));
#2247=DIRECTION('',(1.E0,0.E0,0.E0));
#2248=DIRECTION('',(0.E0,-3.999999999944E-1,9.165151389936E-1));
#2249=AXIS2_PLACEMENT_3D('',#2246,#2247,#2248);
#2251=DIRECTION('',(0.E0,1.E0,0.E0));
#2252=VECTOR('',#2251,1.5E-1);
#2253=CARTESIAN_POINT('',(1.425E0,-7.E-2,-5.29E0));
#2254=LINE('',#2253,#2252);
#2255=DIRECTION('',(0.E0,1.E0,0.E0));
#2256=VECTOR('',#2255,1.5E-1);
#2257=CARTESIAN_POINT('',(1.175E0,-7.E-2,-5.29E0));
#2258=LINE('',#2257,#2256);
#2259=DIRECTION('',(-1.E0,0.E0,0.E0));
#2260=VECTOR('',#2259,2.5E-1);
#2261=CARTESIAN_POINT('',(1.425E0,-7.E-2,-4.419128784748E0));
#2262=LINE('',#2261,#2260);
#2263=DIRECTION('',(0.E0,0.E0,1.E0));
#2264=VECTOR('',#2263,8.708712152522E-1);
#2265=CARTESIAN_POINT('',(1.425E0,-7.E-2,-5.29E0));
#2266=LINE('',#2265,#2264);
#2267=DIRECTION('',(1.E0,0.E0,0.E0));
#2268=VECTOR('',#2267,2.5E-1);
#2269=CARTESIAN_POINT('',(1.175E0,-7.E-2,-5.29E0));
#2270=LINE('',#2269,#2268);
#2271=DIRECTION('',(0.E0,0.E0,-1.E0));
#2272=VECTOR('',#2271,8.708712152522E-1);
#2273=CARTESIAN_POINT('',(1.175E0,-7.E-2,-4.419128784748E0));
#2274=LINE('',#2273,#2272);
#2275=DIRECTION('',(0.E0,-1.E0,0.E0));
#2276=VECTOR('',#2275,2.39E0);
#2277=CARTESIAN_POINT('',(-1.75E0,2.35E0,-4.8E0));
#2278=LINE('',#2277,#2276);
#2279=DIRECTION('',(0.E0,0.E0,1.E0));
#2280=VECTOR('',#2279,7.5E-1);
#2281=CARTESIAN_POINT('',(-1.75E0,-4.E-2,-4.8E0));
#2282=LINE('',#2281,#2280);
#2283=DIRECTION('',(0.E0,1.E0,0.E0));
#2284=VECTOR('',#2283,8.E-2);
#2285=CARTESIAN_POINT('',(-1.75E0,0.E0,-3.72E0));
#2286=LINE('',#2285,#2284);
#2287=DIRECTION('',(0.E0,1.E0,0.E0));
#2288=VECTOR('',#2287,1.5E-1);
#2289=CARTESIAN_POINT('',(-1.425E0,-7.E-2,-5.29E0));
#2290=LINE('',#2289,#2288);
#2291=CARTESIAN_POINT('',(-2.604916595073E0,5.E-1,-3.05E0));
#2292=DIRECTION('',(0.E0,0.E0,1.E0));
#2293=DIRECTION('',(-7.142128391426E-1,-6.999285823596E-1,0.E0));
#2294=AXIS2_PLACEMENT_3D('',#2291,#2292,#2293);
#2296=DIRECTION('',(0.E0,0.E0,-1.E0));
#2297=VECTOR('',#2296,1.75E0);
#2298=CARTESIAN_POINT('',(-2.962023014644E0,1.500357088202E-1,-3.05E0));
#2299=LINE('',#2298,#2297);
#2300=CARTESIAN_POINT('',(-2.604916595073E0,5.E-1,-9.5E-1));
#2301=DIRECTION('',(0.E0,0.E0,1.E0));
#2302=DIRECTION('',(-7.142128391426E-1,-6.999285823596E-1,0.E0));
#2303=AXIS2_PLACEMENT_3D('',#2300,#2301,#2302);
#2305=DIRECTION('',(0.E0,0.E0,-1.E0));
#2306=VECTOR('',#2305,9.5E-1);
#2307=CARTESIAN_POINT('',(-2.962023014644E0,1.500357088202E-1,0.E0));
#2308=LINE('',#2307,#2306);
#2309=CARTESIAN_POINT('',(-2.604916595073E0,5.E-1,0.E0));
#2310=DIRECTION('',(0.E0,0.E0,1.E0));
#2311=DIRECTION('',(-7.142128391426E-1,-6.999285823596E-1,0.E0));
#2312=AXIS2_PLACEMENT_3D('',#2309,#2310,#2311);
#2314=DIRECTION('',(0.E0,1.E0,0.E0));
#2315=VECTOR('',#2314,1.367067169079E-1);
#2316=CARTESIAN_POINT('',(-3.45E0,9.5E-1,-3.05E0));
#2317=LINE('',#2316,#2315);
#2318=DIRECTION('',(0.E0,1.E0,0.E0));
#2319=VECTOR('',#2318,2.5E-1);
#2320=CARTESIAN_POINT('',(-7.5E-1,0.E0,-3.05E0));
#2321=LINE('',#2320,#2319);
#2322=DIRECTION('',(-1.E0,0.E0,0.E0));
#2323=VECTOR('',#2322,2.287321699526E-1);
#2324=CARTESIAN_POINT('',(-3.45E0,9.5E-1,-3.05E0));
#2325=LINE('',#2324,#2323);
#2326=CARTESIAN_POINT('',(-3.25E0,1.086706716908E0,-3.05E0));
#2327=DIRECTION('',(0.E0,0.E0,1.E0));
#2328=DIRECTION('',(-1.E0,-4.884981308351E-14,0.E0));
#2329=AXIS2_PLACEMENT_3D('',#2326,#2327,#2328);
#2331=DIRECTION('',(0.E0,0.E0,-1.E0));
#2332=VECTOR('',#2331,1.45E0);
#2333=CARTESIAN_POINT('',(-3.45E0,1.086706716908E0,-3.05E0));
#2334=LINE('',#2333,#2332);
#2335=CARTESIAN_POINT('',(-3.25E0,1.086706716908E0,-9.5E-1));
#2336=DIRECTION('',(0.E0,0.E0,1.E0));
#2337=DIRECTION('',(-1.E0,2.664535259100E-14,0.E0));
#2338=AXIS2_PLACEMENT_3D('',#2335,#2336,#2337);
#2340=DIRECTION('',(0.E0,0.E0,-1.E0));
#2341=VECTOR('',#2340,9.5E-1);
#2342=CARTESIAN_POINT('',(-3.45E0,1.086706716908E0,0.E0));
#2343=LINE('',#2342,#2341);
#2344=DIRECTION('',(6.999285823596E-1,-7.142128391426E-1,0.E0));
#2345=VECTOR('',#2344,8.759876865752E-1);
#2346=CARTESIAN_POINT('',(-3.396598624487E0,9.506595070929E-1,-3.05E0));
#2347=LINE('',#2346,#2345);
#2348=DIRECTION('',(0.E0,0.E0,-1.E0));
#2349=VECTOR('',#2348,1.45E0);
#2350=CARTESIAN_POINT('',(-3.396598624487E0,9.506595070929E-1,-3.05E0));
#2351=LINE('',#2350,#2349);
#2352=DIRECTION('',(6.999285823596E-1,-7.142128391426E-1,0.E0));
#2353=VECTOR('',#2352,8.759876865752E-1);
#2354=CARTESIAN_POINT('',(-3.396598624487E0,9.506595070929E-1,-9.5E-1));
#2355=LINE('',#2354,#2353);
#2356=DIRECTION('',(0.E0,0.E0,-1.E0));
#2357=VECTOR('',#2356,9.5E-1);
#2358=CARTESIAN_POINT('',(-3.396598624487E0,9.506595070929E-1,0.E0));
#2359=LINE('',#2358,#2357);
#2360=CARTESIAN_POINT('',(-2.604916595073E0,5.E-1,-3.05E0));
#2361=DIRECTION('',(0.E0,0.E0,1.E0));
#2362=DIRECTION('',(-7.142128391426E-1,-6.999285823596E-1,0.E0));
#2363=AXIS2_PLACEMENT_3D('',#2360,#2361,#2362);
#2365=DIRECTION('',(0.E0,0.E0,-1.E0));
#2366=VECTOR('',#2365,1.45E0);
#2367=CARTESIAN_POINT('',(-2.783469804858E0,3.250178544101E-1,-3.05E0));
#2368=LINE('',#2367,#2366);
#2369=CARTESIAN_POINT('',(-2.604916595073E0,5.E-1,-9.5E-1));
#2370=DIRECTION('',(0.E0,0.E0,1.E0));
#2371=DIRECTION('',(-7.142128391426E-1,-6.999285823596E-1,0.E0));
#2372=AXIS2_PLACEMENT_3D('',#2369,#2370,#2371);
#2374=DIRECTION('',(0.E0,0.E0,-1.E0));
#2375=VECTOR('',#2374,9.5E-1);
#2376=CARTESIAN_POINT('',(-2.783469804858E0,3.250178544101E-1,0.E0));
#2377=LINE('',#2376,#2375);
#2378=DIRECTION('',(0.E0,0.E0,1.E0));
#2379=VECTOR('',#2378,1.8E0);
#2380=CARTESIAN_POINT('',(-6.E-1,2.5E-1,-2.9E0));
#2381=LINE('',#2380,#2379);
#2382=DIRECTION('',(1.E0,0.E0,0.E0));
#2383=VECTOR('',#2382,1.854916595073E0);
#2384=CARTESIAN_POINT('',(-2.604916595073E0,2.5E-1,-3.05E0));
#2385=LINE('',#2384,#2383);
#2386=DIRECTION('',(0.E0,0.E0,-1.E0));
#2387=VECTOR('',#2386,1.45E0);
#2388=CARTESIAN_POINT('',(-2.604916595073E0,2.5E-1,-3.05E0));
#2389=LINE('',#2388,#2387);
#2390=DIRECTION('',(-1.E0,0.E0,0.E0));
#2391=VECTOR('',#2390,1.854916595073E0);
#2392=CARTESIAN_POINT('',(2.604916595073E0,2.5E-1,-3.05E0));
#2393=LINE('',#2392,#2391);
#2394=DIRECTION('',(0.E0,0.E0,-1.E0));
#2395=VECTOR('',#2394,1.8E0);
#2396=CARTESIAN_POINT('',(6.E-1,2.5E-1,-1.1E0));
#2397=LINE('',#2396,#2395);
#2398=DIRECTION('',(-1.E0,0.E0,0.E0));
#2399=VECTOR('',#2398,1.854916595073E0);
#2400=CARTESIAN_POINT('',(2.604916595073E0,2.5E-1,-9.5E-1));
#2401=LINE('',#2400,#2399);
#2402=DIRECTION('',(-1.E0,0.E0,0.E0));
#2403=VECTOR('',#2402,4.916595072623E-3);
#2404=CARTESIAN_POINT('',(2.604916595073E0,2.5E-1,0.E0));
#2405=LINE('',#2404,#2403);
#2406=DIRECTION('',(0.E0,0.E0,-1.E0));
#2407=VECTOR('',#2406,1.737041707837E-2);
#2408=CARTESIAN_POINT('',(2.6E0,2.5E-1,1.737041707837E-2));
#2409=LINE('',#2408,#2407);
#2410=DIRECTION('',(0.E0,0.E0,-1.E0));
#2411=VECTOR('',#2410,1.737041707837E-2);
#2412=CARTESIAN_POINT('',(-2.6E0,2.5E-1,1.737041707837E-2));
#2413=LINE('',#2412,#2411);
#2414=DIRECTION('',(1.E0,0.E0,0.E0));
#2415=VECTOR('',#2414,4.916595072624E-3);
#2416=CARTESIAN_POINT('',(-2.604916595073E0,2.5E-1,0.E0));
#2417=LINE('',#2416,#2415);
#2418=DIRECTION('',(0.E0,0.E0,-1.E0));
#2419=VECTOR('',#2418,9.5E-1);
#2420=CARTESIAN_POINT('',(-2.604916595073E0,2.5E-1,0.E0));
#2421=LINE('',#2420,#2419);
#2422=DIRECTION('',(1.E0,0.E0,0.E0));
#2423=VECTOR('',#2422,1.854916595073E0);
#2424=CARTESIAN_POINT('',(-2.604916595073E0,2.5E-1,-9.5E-1));
#2425=LINE('',#2424,#2423);
#2426=DIRECTION('',(0.E0,1.E0,0.E0));
#2427=VECTOR('',#2426,2.5E-1);
#2428=CARTESIAN_POINT('',(-6.E-1,0.E0,-1.1E0));
#2429=LINE('',#2428,#2427);
#2430=DIRECTION('',(0.E0,1.E0,0.E0));
#2431=VECTOR('',#2430,2.5E-1);
#2432=CARTESIAN_POINT('',(-6.E-1,0.E0,-2.9E0));
#2433=LINE('',#2432,#2431);
#2434=CARTESIAN_POINT('',(-7.5E-1,0.E0,-1.1E0));
#2435=DIRECTION('',(0.E0,1.E0,0.E0));
#2436=DIRECTION('',(0.E0,0.E0,1.E0));
#2437=AXIS2_PLACEMENT_3D('',#2434,#2435,#2436);
#2439=CARTESIAN_POINT('',(-7.5E-1,2.5E-1,-1.1E0));
#2440=DIRECTION('',(0.E0,-1.E0,0.E0));
#2441=DIRECTION('',(1.E0,0.E0,0.E0));
#2442=AXIS2_PLACEMENT_3D('',#2439,#2440,#2441);
#2444=DIRECTION('',(1.E0,0.E0,0.E0));
#2445=VECTOR('',#2444,2.287321699526E-1);
#2446=CARTESIAN_POINT('',(-3.678732169953E0,9.5E-1,-9.5E-1));
#2447=LINE('',#2446,#2445);
#2448=DIRECTION('',(0.E0,1.E0,0.E0));
#2449=VECTOR('',#2448,2.5E-1);
#2450=CARTESIAN_POINT('',(-7.5E-1,0.E0,-9.5E-1));
#2451=LINE('',#2450,#2449);
#2452=DIRECTION('',(0.E0,1.E0,-1.055756413918E-14));
#2453=VECTOR('',#2452,1.367067169079E-1);
#2454=CARTESIAN_POINT('',(-3.45E0,9.5E-1,-9.5E-1));
#2455=LINE('',#2454,#2453);
#2456=CARTESIAN_POINT('',(-3.7E0,9.5E-1,-1.1E0));
#2457=DIRECTION('',(1.E0,0.E0,0.E0));
#2458=DIRECTION('',(0.E0,1.E0,0.E0));
#2459=AXIS2_PLACEMENT_3D('',#2456,#2457,#2458);
#2461=CARTESIAN_POINT('',(-3.7E0,1.086706716908E0,-1.038264487106E0));
#2462=CARTESIAN_POINT('',(-3.7E0,1.080916693934E0,-1.025443098015E0));
#2463=CARTESIAN_POINT('',(-3.699783077294E0,1.065596912111E0,
-1.001285084105E0));
#2464=CARTESIAN_POINT('',(-3.697332499971E0,1.033288580437E0,
-9.727025554605E-1));
#2465=CARTESIAN_POINT('',(-3.690807255709E0,9.928144422073E-1,
-9.540060363321E-1));
#2466=CARTESIAN_POINT('',(-3.683266173762E0,9.642192961380E-1,-9.5E-1));
#2467=CARTESIAN_POINT('',(-3.678732169953E0,9.5E-1,-9.5E-1));
#2469=CARTESIAN_POINT('',(-3.45E0,9.5E-1,-1.1E0));
#2470=DIRECTION('',(-1.E0,0.E0,0.E0));
#2471=DIRECTION('',(0.E0,-1.406282497859E-14,1.E0));
#2472=AXIS2_PLACEMENT_3D('',#2469,#2470,#2471);
#2474=CARTESIAN_POINT('',(-3.25E0,1.086706716908E0,-9.5E-1));
#2475=DIRECTION('',(0.E0,0.E0,1.E0));
#2476=DIRECTION('',(-9.527381554502E-1,-3.037927042398E-1,0.E0));
#2477=AXIS2_PLACEMENT_3D('',#2474,#2475,#2476);
#2479=CARTESIAN_POINT('',(-3.25E0,1.086706716908E0,-4.8E0));
#2480=DIRECTION('',(0.E0,0.E0,1.E0));
#2481=DIRECTION('',(-9.527381554502E-1,-3.037927042398E-1,0.E0));
#2482=AXIS2_PLACEMENT_3D('',#2479,#2480,#2481);
#2484=DIRECTION('',(0.E0,0.E0,1.E0));
#2485=VECTOR('',#2484,1.926528974212E0);
#2486=CARTESIAN_POINT('',(-3.7E0,1.086706716908E0,-4.888264487106E0));
#2487=LINE('',#2486,#2485);
#2488=CARTESIAN_POINT('',(-3.25E0,1.086706716908E0,-3.05E0));
#2489=DIRECTION('',(0.E0,0.E0,1.E0));
#2490=DIRECTION('',(-9.527381554502E-1,-3.037927042398E-1,0.E0));
#2491=AXIS2_PLACEMENT_3D('',#2488,#2489,#2490);
#2493=DIRECTION('',(6.999285823596E-1,-7.142128391426E-1,0.E0));
#2494=VECTOR('',#2493,8.787090581196E-1);
#2495=CARTESIAN_POINT('',(-3.5770566E0,7.776210000001E-1,-9.5E-1));
#2496=LINE('',#2495,#2494);
#2497=DIRECTION('',(0.E0,0.E0,-1.E0));
#2498=VECTOR('',#2497,9.5E-1);
#2499=CARTESIAN_POINT('',(-3.5770566E0,7.776210000001E-1,0.E0));
#2500=LINE('',#2499,#2498);
#2501=DIRECTION('',(0.E0,0.E0,-1.E0));
#2502=VECTOR('',#2501,1.75E0);
#2503=CARTESIAN_POINT('',(-3.5770566E0,7.776210000001E-1,-3.05E0));
#2504=LINE('',#2503,#2502);
#2505=DIRECTION('',(6.999285823596E-1,-7.142128391426E-1,0.E0));
#2506=VECTOR('',#2505,8.787090581196E-1);
#2507=CARTESIAN_POINT('',(-3.5770566E0,7.776210000001E-1,-3.05E0));
#2508=LINE('',#2507,#2506);
#2509=CARTESIAN_POINT('',(-3.45E0,9.5E-1,-2.9E0));
#2510=DIRECTION('',(-1.E0,0.E0,0.E0));
#2511=DIRECTION('',(0.E0,1.E0,0.E0));
#2512=AXIS2_PLACEMENT_3D('',#2509,#2510,#2511);
#2514=CARTESIAN_POINT('',(-3.678732169953E0,9.5E-1,-3.05E0));
#2515=CARTESIAN_POINT('',(-3.683266173762E0,9.642192961380E-1,-3.05E0));
#2516=CARTESIAN_POINT('',(-3.690807255708E0,9.928144422073E-1,
-3.045993963668E0));
#2517=CARTESIAN_POINT('',(-3.697332499971E0,1.033288580437E0,
-3.027297444539E0));
#2518=CARTESIAN_POINT('',(-3.699783077294E0,1.065596912111E0,
-2.998714915895E0));
#2519=CARTESIAN_POINT('',(-3.7E0,1.080916693934E0,-2.974556901985E0));
#2520=CARTESIAN_POINT('',(-3.7E0,1.086706716908E0,-2.961735512894E0));
#2522=CARTESIAN_POINT('',(-3.7E0,9.5E-1,-2.9E0));
#2523=DIRECTION('',(1.E0,0.E0,0.E0));
#2524=DIRECTION('',(0.E0,9.113781127195E-1,-4.115700859585E-1));
#2525=AXIS2_PLACEMENT_3D('',#2522,#2523,#2524);
#2527=DIRECTION('',(1.E0,0.E0,0.E0));
#2528=VECTOR('',#2527,2.5E-1);
#2529=CARTESIAN_POINT('',(-3.7E0,1.1E0,-1.1E0));
#2530=LINE('',#2529,#2528);
#2531=DIRECTION('',(-1.E0,0.E0,0.E0));
#2532=VECTOR('',#2531,2.5E-1);
#2533=CARTESIAN_POINT('',(-3.45E0,1.1E0,-1.18E0));
#2534=LINE('',#2533,#2532);
#2535=DIRECTION('',(1.E0,0.E0,0.E0));
#2536=VECTOR('',#2535,2.5E-1);
#2537=CARTESIAN_POINT('',(-3.7E0,1.1E0,-2.78E0));
#2538=LINE('',#2537,#2536);
#2539=DIRECTION('',(-1.E0,0.E0,0.E0));
#2540=VECTOR('',#2539,2.5E-1);
#2541=CARTESIAN_POINT('',(-3.45E0,1.1E0,-2.9E0));
#2542=LINE('',#2541,#2540);
#2543=DIRECTION('',(-1.E0,0.E0,0.E0));
#2544=VECTOR('',#2543,2.5E-1);
#2545=CARTESIAN_POINT('',(3.7E0,1.1E0,-1.18E0));
#2546=LINE('',#2545,#2544);
#2547=DIRECTION('',(1.E0,0.E0,0.E0));
#2548=VECTOR('',#2547,2.5E-1);
#2549=CARTESIAN_POINT('',(3.45E0,1.1E0,-1.1E0));
#2550=LINE('',#2549,#2548);
#2551=DIRECTION('',(1.E0,0.E0,0.E0));
#2552=VECTOR('',#2551,2.5E-1);
#2553=CARTESIAN_POINT('',(3.45E0,1.1E0,-2.78E0));
#2554=LINE('',#2553,#2552);
#2555=DIRECTION('',(-1.E0,0.E0,0.E0));
#2556=VECTOR('',#2555,2.5E-1);
#2557=CARTESIAN_POINT('',(3.7E0,1.1E0,-2.9E0));
#2558=LINE('',#2557,#2556);
#2559=CARTESIAN_POINT('',(-3.45E0,9.5E-1,-1.18E0));
#2560=DIRECTION('',(-1.E0,0.E0,0.E0));
#2561=DIRECTION('',(0.E0,1.E0,0.E0));
#2562=AXIS2_PLACEMENT_3D('',#2559,#2560,#2561);
#2564=CARTESIAN_POINT('',(-3.7E0,9.5E-1,-1.18E0));
#2565=DIRECTION('',(1.E0,0.E0,0.E0));
#2566=DIRECTION('',(0.E0,0.E0,-1.E0));
#2567=AXIS2_PLACEMENT_3D('',#2564,#2565,#2566);
#2569=DIRECTION('',(-1.E0,0.E0,0.E0));
#2570=VECTOR('',#2569,2.5E-1);
#2571=CARTESIAN_POINT('',(-3.45E0,3.E-1,-1.33E0));
#2572=LINE('',#2571,#2570);
#2573=DIRECTION('',(-1.E0,0.E0,0.E0));
#2574=VECTOR('',#2573,2.5E-1);
#2575=CARTESIAN_POINT('',(-3.45E0,9.5E-1,-1.33E0));
#2576=LINE('',#2575,#2574);
#2577=CARTESIAN_POINT('',(-3.45E0,9.5E-1,-2.78E0));
#2578=DIRECTION('',(-1.E0,0.E0,0.E0));
#2579=DIRECTION('',(0.E0,0.E0,1.E0));
#2580=AXIS2_PLACEMENT_3D('',#2577,#2578,#2579);
#2582=CARTESIAN_POINT('',(-3.7E0,9.5E-1,-2.78E0));
#2583=DIRECTION('',(1.E0,0.E0,0.E0));
#2584=DIRECTION('',(0.E0,1.E0,0.E0));
#2585=AXIS2_PLACEMENT_3D('',#2582,#2583,#2584);
#2587=DIRECTION('',(1.E0,0.E0,0.E0));
#2588=VECTOR('',#2587,2.5E-1);
#2589=CARTESIAN_POINT('',(-3.7E0,9.5E-1,-2.63E0));
#2590=LINE('',#2589,#2588);
#2591=DIRECTION('',(-1.E0,0.E0,0.E0));
#2592=VECTOR('',#2591,2.5E-1);
#2593=CARTESIAN_POINT('',(-3.45E0,-1.6E0,-2.63E0));
#2594=LINE('',#2593,#2592);
#2595=DIRECTION('',(-1.E0,0.E0,0.E0));
#2596=VECTOR('',#2595,2.5E-1);
#2597=CARTESIAN_POINT('',(-3.45E0,-1.8E0,-1.93E0));
#2598=LINE('',#2597,#2596);
#2599=DIRECTION('',(-1.E0,0.E0,0.E0));
#2600=VECTOR('',#2599,2.5E-1);
#2601=CARTESIAN_POINT('',(-3.45E0,-1.8E0,-2.43E0));
#2602=LINE('',#2601,#2600);
#2603=DIRECTION('',(1.E0,0.E0,0.E0));
#2604=VECTOR('',#2603,2.5E-1);
#2605=CARTESIAN_POINT('',(-3.7E0,0.E0,-1.73E0));
#2606=LINE('',#2605,#2604);
#2607=DIRECTION('',(-1.E0,0.E0,0.E0));
#2608=VECTOR('',#2607,2.5E-1);
#2609=CARTESIAN_POINT('',(-3.45E0,-1.6E0,-1.73E0));
#2610=LINE('',#2609,#2608);
#2611=CARTESIAN_POINT('',(-3.7E0,0.E0,-1.58E0));
#2612=DIRECTION('',(1.E0,0.E0,0.E0));
#2613=DIRECTION('',(0.E0,0.E0,-1.E0));
#2614=AXIS2_PLACEMENT_3D('',#2611,#2612,#2613);
#2616=CARTESIAN_POINT('',(-3.45E0,0.E0,-1.58E0));
#2617=DIRECTION('',(-1.E0,0.E0,0.E0));
#2618=DIRECTION('',(0.E0,1.E0,0.E0));
#2619=AXIS2_PLACEMENT_3D('',#2616,#2617,#2618);
#2621=DIRECTION('',(-1.E0,0.E0,0.E0));
#2622=VECTOR('',#2621,2.5E-1);
#2623=CARTESIAN_POINT('',(-3.45E0,1.5E-1,-1.48E0));
#2624=LINE('',#2623,#2622);
#2625=DIRECTION('',(1.E0,0.E0,0.E0));
#2626=VECTOR('',#2625,2.5E-1);
#2627=CARTESIAN_POINT('',(-3.7E0,1.5E-1,-1.58E0));
#2628=LINE('',#2627,#2626);
#2629=CARTESIAN_POINT('',(3.678732169953E0,9.5E-1,-9.5E-1));
#2630=CARTESIAN_POINT('',(3.683266173762E0,9.642192961380E-1,-9.5E-1));
#2631=CARTESIAN_POINT('',(3.690807255708E0,9.928144422073E-1,
-9.540060363321E-1));
#2632=CARTESIAN_POINT('',(3.697332499971E0,1.033288580437E0,
-9.727025554605E-1));
#2633=CARTESIAN_POINT('',(3.699783077294E0,1.065596912111E0,-1.001285084105E0));
#2634=CARTESIAN_POINT('',(3.7E0,1.080916693934E0,-1.025443098015E0));
#2635=CARTESIAN_POINT('',(3.7E0,1.086706716908E0,-1.038264487106E0));
#2637=CARTESIAN_POINT('',(3.7E0,9.5E-1,-1.1E0));
#2638=DIRECTION('',(-1.E0,0.E0,0.E0));
#2639=DIRECTION('',(0.E0,9.113781127195E-1,4.115700859585E-1));
#2640=AXIS2_PLACEMENT_3D('',#2637,#2638,#2639);
#2642=CARTESIAN_POINT('',(3.45E0,9.5E-1,-1.1E0));
#2643=DIRECTION('',(1.E0,0.E0,0.E0));
#2644=DIRECTION('',(0.E0,1.E0,0.E0));
#2645=AXIS2_PLACEMENT_3D('',#2642,#2643,#2644);
#2647=CARTESIAN_POINT('',(3.25E0,1.086706716908E0,-9.5E-1));
#2648=DIRECTION('',(0.E0,0.E0,1.E0));
#2649=DIRECTION('',(7.267924444446E-1,-6.868571486839E-1,0.E0));
#2650=AXIS2_PLACEMENT_3D('',#2647,#2648,#2649);
#2652=DIRECTION('',(0.E0,0.E0,-1.E0));
#2653=VECTOR('',#2652,9.5E-1);
#2654=CARTESIAN_POINT('',(3.5770566E0,7.776210000001E-1,0.E0));
#2655=LINE('',#2654,#2653);
#2656=CARTESIAN_POINT('',(3.25E0,1.086706716908E0,-4.8E0));
#2657=DIRECTION('',(0.E0,0.E0,1.E0));
#2658=DIRECTION('',(7.267924444446E-1,-6.868571486839E-1,0.E0));
#2659=AXIS2_PLACEMENT_3D('',#2656,#2657,#2658);
#2661=DIRECTION('',(0.E0,0.E0,-1.E0));
#2662=VECTOR('',#2661,1.75E0);
#2663=CARTESIAN_POINT('',(3.5770566E0,7.776210000001E-1,-3.05E0));
#2664=LINE('',#2663,#2662);
#2665=CARTESIAN_POINT('',(3.25E0,1.086706716908E0,-3.05E0));
#2666=DIRECTION('',(0.E0,0.E0,1.E0));
#2667=DIRECTION('',(7.267924444446E-1,-6.868571486839E-1,0.E0));
#2668=AXIS2_PLACEMENT_3D('',#2665,#2666,#2667);
#2670=DIRECTION('',(1.E0,0.E0,0.E0));
#2671=VECTOR('',#2670,2.287321699526E-1);
#2672=CARTESIAN_POINT('',(3.45E0,9.5E-1,-9.5E-1));
#2673=LINE('',#2672,#2671);
#2674=DIRECTION('',(0.E0,1.E0,0.E0));
#2675=VECTOR('',#2674,1.367067169079E-1);
#2676=CARTESIAN_POINT('',(3.45E0,9.5E-1,-9.5E-1));
#2677=LINE('',#2676,#2675);
#2678=DIRECTION('',(0.E0,1.E0,0.E0));
#2679=VECTOR('',#2678,2.5E-1);
#2680=CARTESIAN_POINT('',(7.5E-1,0.E0,-9.5E-1));
#2681=LINE('',#2680,#2679);
#2682=DIRECTION('',(0.E0,0.E0,-1.E0));
#2683=VECTOR('',#2682,9.5E-1);
#2684=CARTESIAN_POINT('',(3.396598624487E0,9.506595070929E-1,0.E0));
#2685=LINE('',#2684,#2683);
#2686=CARTESIAN_POINT('',(3.25E0,1.086706716908E0,-9.5E-1));
#2687=DIRECTION('',(0.E0,0.E0,1.E0));
#2688=DIRECTION('',(7.329931224363E-1,-6.802360490750E-1,0.E0));
#2689=AXIS2_PLACEMENT_3D('',#2686,#2687,#2688);
#2691=CARTESIAN_POINT('',(3.25E0,1.086706716908E0,-3.05E0));
#2692=DIRECTION('',(0.E0,0.E0,1.E0));
#2693=DIRECTION('',(7.329931224363E-1,-6.802360490750E-1,0.E0));
#2694=AXIS2_PLACEMENT_3D('',#2691,#2692,#2693);
#2696=DIRECTION('',(0.E0,0.E0,-1.E0));
#2697=VECTOR('',#2696,1.45E0);
#2698=CARTESIAN_POINT('',(3.396598624487E0,9.506595070929E-1,-3.05E0));
#2699=LINE('',#2698,#2697);
#2700=DIRECTION('',(0.E0,0.E0,-1.E0));
#2701=VECTOR('',#2700,9.5E-1);
#2702=CARTESIAN_POINT('',(2.783469804858E0,3.250178544101E-1,0.E0));
#2703=LINE('',#2702,#2701);
#2704=DIRECTION('',(6.999285823596E-1,7.142128391426E-1,0.E0));
#2705=VECTOR('',#2704,8.759876865752E-1);
#2706=CARTESIAN_POINT('',(2.783469804858E0,3.250178544101E-1,-9.5E-1));
#2707=LINE('',#2706,#2705);
#2708=DIRECTION('',(0.E0,0.E0,-1.E0));
#2709=VECTOR('',#2708,1.45E0);
#2710=CARTESIAN_POINT('',(2.783469804858E0,3.250178544101E-1,-3.05E0));
#2711=LINE('',#2710,#2709);
#2712=DIRECTION('',(6.999285823596E-1,7.142128391426E-1,0.E0));
#2713=VECTOR('',#2712,8.759876865752E-1);
#2714=CARTESIAN_POINT('',(2.783469804858E0,3.250178544101E-1,-3.05E0));
#2715=LINE('',#2714,#2713);
#2716=DIRECTION('',(0.E0,0.E0,-1.E0));
#2717=VECTOR('',#2716,9.5E-1);
#2718=CARTESIAN_POINT('',(2.604916595073E0,2.5E-1,0.E0));
#2719=LINE('',#2718,#2717);
#2720=CARTESIAN_POINT('',(2.604916595073E0,5.E-1,-9.5E-1));
#2721=DIRECTION('',(0.E0,0.E0,1.E0));
#2722=DIRECTION('',(0.E0,-1.E0,0.E0));
#2723=AXIS2_PLACEMENT_3D('',#2720,#2721,#2722);
#2725=CARTESIAN_POINT('',(2.604916595073E0,5.E-1,-3.05E0));
#2726=DIRECTION('',(0.E0,0.E0,1.E0));
#2727=DIRECTION('',(0.E0,-1.E0,0.E0));
#2728=AXIS2_PLACEMENT_3D('',#2725,#2726,#2727);
#2730=DIRECTION('',(0.E0,0.E0,-1.E0));
#2731=VECTOR('',#2730,1.45E0);
#2732=CARTESIAN_POINT('',(2.604916595073E0,2.5E-1,-3.05E0));
#2733=LINE('',#2732,#2731);
#2734=DIRECTION('',(-1.E0,0.E0,0.E0));
#2735=VECTOR('',#2734,2.287321699526E-1);
#2736=CARTESIAN_POINT('',(3.678732169953E0,9.5E-1,-3.05E0));
#2737=LINE('',#2736,#2735);
#2738=DIRECTION('',(0.E0,1.E0,0.E0));
#2739=VECTOR('',#2738,2.5E-1);
#2740=CARTESIAN_POINT('',(7.5E-1,0.E0,-3.05E0));
#2741=LINE('',#2740,#2739);
#2742=DIRECTION('',(0.E0,1.E0,0.E0));
#2743=VECTOR('',#2742,1.367067169079E-1);
#2744=CARTESIAN_POINT('',(3.45E0,9.5E-1,-3.05E0));
#2745=LINE('',#2744,#2743);
#2746=CARTESIAN_POINT('',(3.7E0,1.086706716908E0,-2.961735512894E0));
#2747=CARTESIAN_POINT('',(3.7E0,1.080916693934E0,-2.974556901985E0));
#2748=CARTESIAN_POINT('',(3.699783077294E0,1.065596912111E0,-2.998714915895E0));
#2749=CARTESIAN_POINT('',(3.697332499971E0,1.033288580437E0,-3.027297444539E0));
#2750=CARTESIAN_POINT('',(3.690807255709E0,9.928144422073E-1,
-3.045993963668E0));
#2751=CARTESIAN_POINT('',(3.683266173762E0,9.642192961380E-1,-3.05E0));
#2752=CARTESIAN_POINT('',(3.678732169953E0,9.5E-1,-3.05E0));
#2754=CARTESIAN_POINT('',(3.45E0,9.5E-1,-2.9E0));
#2755=DIRECTION('',(1.E0,0.E0,0.E0));
#2756=DIRECTION('',(0.E0,3.034609600642E-14,-1.E0));
#2757=AXIS2_PLACEMENT_3D('',#2754,#2755,#2756);
#2759=CARTESIAN_POINT('',(3.7E0,9.5E-1,-2.9E0));
#2760=DIRECTION('',(-1.E0,0.E0,0.E0));
#2761=DIRECTION('',(0.E0,1.E0,0.E0));
#2762=AXIS2_PLACEMENT_3D('',#2759,#2760,#2761);
#2764=DIRECTION('',(6.999285823596E-1,7.142128391426E-1,0.E0));
#2765=VECTOR('',#2764,8.787090581196E-1);
#2766=CARTESIAN_POINT('',(2.962023014644E0,1.500357088202E-1,-9.5E-1));
#2767=LINE('',#2766,#2765);
#2768=DIRECTION('',(0.E0,0.E0,-1.E0));
#2769=VECTOR('',#2768,9.5E-1);
#2770=CARTESIAN_POINT('',(2.962023014644E0,1.500357088202E-1,0.E0));
#2771=LINE('',#2770,#2769);
#2772=DIRECTION('',(0.E0,0.E0,-1.E0));
#2773=VECTOR('',#2772,1.75E0);
#2774=CARTESIAN_POINT('',(2.962023014644E0,1.500357088202E-1,-3.05E0));
#2775=LINE('',#2774,#2773);
#2776=DIRECTION('',(6.999285823596E-1,7.142128391426E-1,0.E0));
#2777=VECTOR('',#2776,8.787090581196E-1);
#2778=CARTESIAN_POINT('',(2.962023014644E0,1.500357088202E-1,-3.05E0));
#2779=LINE('',#2778,#2777);
#2780=DIRECTION('',(0.E0,0.E0,-1.E0));
#2781=VECTOR('',#2780,9.5E-1);
#2782=CARTESIAN_POINT('',(2.604916595073E0,0.E0,0.E0));
#2783=LINE('',#2782,#2781);
#2784=CARTESIAN_POINT('',(2.604916595073E0,5.E-1,0.E0));
#2785=DIRECTION('',(0.E0,0.E0,1.E0));
#2786=DIRECTION('',(0.E0,-1.E0,0.E0));
#2787=AXIS2_PLACEMENT_3D('',#2784,#2785,#2786);
#2789=CARTESIAN_POINT('',(2.604916595073E0,5.E-1,-9.5E-1));
#2790=DIRECTION('',(0.E0,0.E0,1.E0));
#2791=DIRECTION('',(0.E0,-1.E0,0.E0));
#2792=AXIS2_PLACEMENT_3D('',#2789,#2790,#2791);
#2794=DIRECTION('',(0.E0,0.E0,-1.E0));
#2795=VECTOR('',#2794,1.75E0);
#2796=CARTESIAN_POINT('',(2.604916595073E0,0.E0,-3.05E0));
#2797=LINE('',#2796,#2795);
#2798=CARTESIAN_POINT('',(2.604916595073E0,5.E-1,-3.05E0));
#2799=DIRECTION('',(0.E0,0.E0,1.E0));
#2800=DIRECTION('',(0.E0,-1.E0,0.E0));
#2801=AXIS2_PLACEMENT_3D('',#2798,#2799,#2800);
#2803=CARTESIAN_POINT('',(7.5E-1,0.E0,-2.9E0));
#2804=DIRECTION('',(0.E0,1.E0,0.E0));
#2805=DIRECTION('',(0.E0,0.E0,-1.E0));
#2806=AXIS2_PLACEMENT_3D('',#2803,#2804,#2805);
#2808=CARTESIAN_POINT('',(7.5E-1,2.5E-1,-2.9E0));
#2809=DIRECTION('',(0.E0,-1.E0,0.E0));
#2810=DIRECTION('',(-1.E0,0.E0,0.E0));
#2811=AXIS2_PLACEMENT_3D('',#2808,#2809,#2810);
#2813=DIRECTION('',(0.E0,1.E0,0.E0));
#2814=VECTOR('',#2813,2.5E-1);
#2815=CARTESIAN_POINT('',(6.E-1,0.E0,-1.1E0));
#2816=LINE('',#2815,#2814);
#2817=DIRECTION('',(0.E0,1.E0,0.E0));
#2818=VECTOR('',#2817,2.5E-1);
#2819=CARTESIAN_POINT('',(6.E-1,0.E0,-2.9E0));
#2820=LINE('',#2819,#2818);
#2821=CARTESIAN_POINT('',(7.5E-1,0.E0,-1.1E0));
#2822=DIRECTION('',(0.E0,1.E0,0.E0));
#2823=DIRECTION('',(-1.E0,0.E0,0.E0));
#2824=AXIS2_PLACEMENT_3D('',#2821,#2822,#2823);
#2826=CARTESIAN_POINT('',(7.5E-1,2.5E-1,-1.1E0));
#2827=DIRECTION('',(0.E0,-1.E0,0.E0));
#2828=DIRECTION('',(0.E0,0.E0,1.E0));
#2829=AXIS2_PLACEMENT_3D('',#2826,#2827,#2828);
#2831=CARTESIAN_POINT('',(3.678732169953E0,9.5E-1,-4.8E0));
#2832=CARTESIAN_POINT('',(3.683277820407E0,9.642558217136E-1,-4.8E0));
#2833=CARTESIAN_POINT('',(3.690821859347E0,9.928931487803E-1,
-4.804035408590E0));
#2834=CARTESIAN_POINT('',(3.697324022072E0,1.033238858243E0,-4.822682496675E0));
#2835=CARTESIAN_POINT('',(3.699782290477E0,1.065553288604E0,-4.851229165864E0));
#2836=CARTESIAN_POINT('',(3.7E0,1.080903271299E0,-4.875413375020E0));
#2837=CARTESIAN_POINT('',(3.7E0,1.086706716908E0,-4.888264487106E0));
#2839=CARTESIAN_POINT('',(3.7E0,9.5E-1,-4.95E0));
#2840=DIRECTION('',(-1.E0,0.E0,0.E0));
#2841=DIRECTION('',(0.E0,9.113781127195E-1,4.115700859585E-1));
#2842=AXIS2_PLACEMENT_3D('',#2839,#2840,#2841);
#2844=CARTESIAN_POINT('',(3.45E0,9.5E-1,-4.95E0));
#2845=DIRECTION('',(1.E0,0.E0,0.E0));
#2846=DIRECTION('',(0.E0,1.E0,0.E0));
#2847=AXIS2_PLACEMENT_3D('',#2844,#2845,#2846);
#2849=CARTESIAN_POINT('',(3.45E0,9.5E-1,-2.78E0));
#2850=DIRECTION('',(1.E0,0.E0,0.E0));
#2851=DIRECTION('',(0.E0,1.E0,0.E0));
#2852=AXIS2_PLACEMENT_3D('',#2849,#2850,#2851);
#2854=CARTESIAN_POINT('',(3.7E0,9.5E-1,-2.78E0));
#2855=DIRECTION('',(-1.E0,0.E0,0.E0));
#2856=DIRECTION('',(0.E0,0.E0,1.E0));
#2857=AXIS2_PLACEMENT_3D('',#2854,#2855,#2856);
#2859=DIRECTION('',(1.E0,0.E0,0.E0));
#2860=VECTOR('',#2859,2.5E-1);
#2861=CARTESIAN_POINT('',(3.45E0,9.5E-1,-2.63E0));
#2862=LINE('',#2861,#2860);
#2863=DIRECTION('',(-1.E0,0.E0,0.E0));
#2864=VECTOR('',#2863,2.5E-1);
#2865=CARTESIAN_POINT('',(3.7E0,-1.6E0,-2.63E0));
#2866=LINE('',#2865,#2864);
#2867=DIRECTION('',(-1.E0,0.E0,0.E0));
#2868=VECTOR('',#2867,2.5E-1);
#2869=CARTESIAN_POINT('',(3.7E0,-1.8E0,-1.93E0));
#2870=LINE('',#2869,#2868);
#2871=DIRECTION('',(-1.E0,0.E0,0.E0));
#2872=VECTOR('',#2871,2.5E-1);
#2873=CARTESIAN_POINT('',(3.7E0,-1.8E0,-2.43E0));
#2874=LINE('',#2873,#2872);
#2875=DIRECTION('',(1.E0,0.E0,0.E0));
#2876=VECTOR('',#2875,2.5E-1);
#2877=CARTESIAN_POINT('',(3.45E0,0.E0,-1.73E0));
#2878=LINE('',#2877,#2876);
#2879=DIRECTION('',(-1.E0,0.E0,0.E0));
#2880=VECTOR('',#2879,2.5E-1);
#2881=CARTESIAN_POINT('',(3.7E0,-1.6E0,-1.73E0));
#2882=LINE('',#2881,#2880);
#2883=CARTESIAN_POINT('',(3.45E0,0.E0,-1.58E0));
#2884=DIRECTION('',(1.E0,0.E0,0.E0));
#2885=DIRECTION('',(0.E0,0.E0,-1.E0));
#2886=AXIS2_PLACEMENT_3D('',#2883,#2884,#2885);
#2888=CARTESIAN_POINT('',(3.7E0,0.E0,-1.58E0));
#2889=DIRECTION('',(-1.E0,0.E0,0.E0));
#2890=DIRECTION('',(0.E0,1.E0,0.E0));
#2891=AXIS2_PLACEMENT_3D('',#2888,#2889,#2890);
#2893=DIRECTION('',(-1.E0,0.E0,0.E0));
#2894=VECTOR('',#2893,2.5E-1);
#2895=CARTESIAN_POINT('',(3.7E0,1.5E-1,-1.48E0));
#2896=LINE('',#2895,#2894);
#2897=DIRECTION('',(1.E0,0.E0,0.E0));
#2898=VECTOR('',#2897,2.5E-1);
#2899=CARTESIAN_POINT('',(3.45E0,1.5E-1,-1.58E0));
#2900=LINE('',#2899,#2898);
#2901=CARTESIAN_POINT('',(-7.5E-1,0.E0,-2.9E0));
#2902=DIRECTION('',(0.E0,1.E0,0.E0));
#2903=DIRECTION('',(1.E0,0.E0,0.E0));
#2904=AXIS2_PLACEMENT_3D('',#2901,#2902,#2903);
#2906=CARTESIAN_POINT('',(-7.5E-1,2.5E-1,-2.9E0));
#2907=DIRECTION('',(0.E0,-1.E0,0.E0));
#2908=DIRECTION('',(0.E0,0.E0,-1.E0));
#2909=AXIS2_PLACEMENT_3D('',#2906,#2907,#2908);
#2911=DIRECTION('',(0.E0,6.616216370849E-1,7.498378553668E-1));
#2912=VECTOR('',#2911,2.5E-1);
#2913=CARTESIAN_POINT('',(2.6E0,-1.700324289266E-1,2.802162087413E-1));
#2914=LINE('',#2913,#2912);
#2915=DIRECTION('',(0.E0,1.E0,0.E0));
#2916=VECTOR('',#2915,2.5E-1);
#2917=CARTESIAN_POINT('',(2.6E0,0.E0,0.E0));
#2918=LINE('',#2917,#2916);
#2919=CARTESIAN_POINT('',(2.4E0,-4.627019655414E-3,4.676756725830E-1));
#2920=DIRECTION('',(0.E0,6.616216370849E-1,7.498378553668E-1));
#2921=DIRECTION('',(0.E0,-7.498378553668E-1,6.616216370849E-1));
#2922=AXIS2_PLACEMENT_3D('',#2919,#2920,#2921);
#2924=CARTESIAN_POINT('',(-2.4E0,-4.627019655416E-3,4.676756725830E-1));
#2925=DIRECTION('',(0.E0,6.616216370849E-1,7.498378553668E-1));
#2926=DIRECTION('',(-1.E0,0.E0,0.E0));
#2927=AXIS2_PLACEMENT_3D('',#2924,#2925,#2926);
#2929=DIRECTION('',(0.E0,-7.498378553668E-1,6.616216370849E-1));
#2930=VECTOR('',#2929,1.139417509884E-1);
#2931=CARTESIAN_POINT('',(-2.6E0,8.081081854244E-2,3.922893447618E-1));
#2932=LINE('',#2931,#2930);
#2933=DIRECTION('',(1.E0,0.E0,0.E0));
#2934=VECTOR('',#2933,5.2E0);
#2935=CARTESIAN_POINT('',(-2.6E0,8.081081854244E-2,3.922893447618E-1));
#2936=LINE('',#2935,#2934);
#2937=DIRECTION('',(0.E0,-7.498378553668E-1,6.616216370849E-1));
#2938=VECTOR('',#2937,1.139417509884E-1);
#2939=CARTESIAN_POINT('',(2.6E0,8.081081854244E-2,3.922893447618E-1));
#2940=LINE('',#2939,#2938);
#2941=DIRECTION('',(0.E0,6.616216370849E-1,7.498378553668E-1));
#2942=VECTOR('',#2941,2.5E-1);
#2943=CARTESIAN_POINT('',(2.4E0,-3.2E-1,4.125405361583E-1));
#2944=LINE('',#2943,#2942);
#2945=DIRECTION('',(0.E0,-6.616216370849E-1,-7.498378553668E-1));
#2946=VECTOR('',#2945,2.5E-1);
#2947=CARTESIAN_POINT('',(-2.4E0,-1.545945907288E-1,6.E-1));
#2948=LINE('',#2947,#2946);
#2949=DIRECTION('',(1.E0,0.E0,0.E0));
#2950=VECTOR('',#2949,4.8E0);
#2951=CARTESIAN_POINT('',(-2.4E0,-1.545945907288E-1,6.E-1));
#2952=LINE('',#2951,#2950);
#2953=CARTESIAN_POINT('',(2.4E0,-1.700324289266E-1,2.802162087413E-1));
#2954=DIRECTION('',(0.E0,-6.616216370849E-1,-7.498378553668E-1));
#2955=DIRECTION('',(1.E0,0.E0,0.E0));
#2956=AXIS2_PLACEMENT_3D('',#2953,#2954,#2955);
#2958=DIRECTION('',(0.E0,7.498378553668E-1,-6.616216370849E-1));
#2959=VECTOR('',#2958,1.139417509884E-1);
#2960=CARTESIAN_POINT('',(2.6E0,-1.700324289266E-1,2.802162087413E-1));
#2961=LINE('',#2960,#2959);
#2962=DIRECTION('',(0.E0,7.498378553668E-1,-6.616216370849E-1));
#2963=VECTOR('',#2962,1.139417509884E-1);
#2964=CARTESIAN_POINT('',(-2.6E0,-1.700324289266E-1,2.802162087413E-1));
#2965=LINE('',#2964,#2963);
#2966=CARTESIAN_POINT('',(-2.4E0,-1.700324289266E-1,2.802162087413E-1));
#2967=DIRECTION('',(0.E0,-6.616216370849E-1,-7.498378553668E-1));
#2968=DIRECTION('',(0.E0,-7.498378553668E-1,6.616216370849E-1));
#2969=AXIS2_PLACEMENT_3D('',#2966,#2967,#2968);
#2971=DIRECTION('',(1.E0,0.E0,0.E0));
#2972=VECTOR('',#2971,4.8E0);
#2973=CARTESIAN_POINT('',(-2.4E0,-3.2E-1,4.125405361583E-1));
#2974=LINE('',#2973,#2972);
#2975=CARTESIAN_POINT('',(-2.6E0,-2.5E-1,1.737041707837E-2));
#2976=DIRECTION('',(1.E0,0.E0,0.E0));
#2977=DIRECTION('',(0.E0,1.E0,0.E0));
#2978=AXIS2_PLACEMENT_3D('',#2975,#2976,#2977);
#2980=DIRECTION('',(1.E0,0.E0,0.E0));
#2981=VECTOR('',#2980,5.2E0);
#2982=CARTESIAN_POINT('',(-2.6E0,-8.459459072878E-2,2.048298809201E-1));
#2983=LINE('',#2982,#2981);
#2984=CARTESIAN_POINT('',(2.6E0,-2.5E-1,1.737041707837E-2));
#2985=DIRECTION('',(1.E0,0.E0,0.E0));
#2986=DIRECTION('',(0.E0,1.E0,0.E0));
#2987=AXIS2_PLACEMENT_3D('',#2984,#2985,#2986);
#2989=DIRECTION('',(0.E0,-6.616216370849E-1,-7.498378553668E-1));
#2990=VECTOR('',#2989,2.5E-1);
#2991=CARTESIAN_POINT('',(-2.6E0,-4.627019655413E-3,4.676756725830E-1));
#2992=LINE('',#2991,#2990);
#2993=DIRECTION('',(0.E0,-1.E0,0.E0));
#2994=VECTOR('',#2993,2.5E-1);
#2995=CARTESIAN_POINT('',(-2.6E0,2.5E-1,0.E0));
#2996=LINE('',#2995,#2994);
#2997=CARTESIAN_POINT('',(-2.6E0,-2.5E-1,1.737041707837E-2));
#2998=DIRECTION('',(1.E0,0.E0,0.E0));
#2999=DIRECTION('',(0.E0,1.E0,0.E0));
#3000=AXIS2_PLACEMENT_3D('',#2997,#2998,#2999);
#3002=DIRECTION('',(1.E0,0.E0,0.E0));
#3003=VECTOR('',#3002,5.2E0);
#3004=CARTESIAN_POINT('',(-2.6E0,2.5E-1,1.737041707837E-2));
#3005=LINE('',#3004,#3003);
#3006=CARTESIAN_POINT('',(2.6E0,-2.5E-1,1.737041707837E-2));
#3007=DIRECTION('',(1.E0,0.E0,0.E0));
#3008=DIRECTION('',(0.E0,1.E0,0.E0));
#3009=AXIS2_PLACEMENT_3D('',#3006,#3007,#3008);
#3011=DIRECTION('',(0.E0,0.E0,-1.E0));
#3012=VECTOR('',#3011,1.2E0);
#3013=CARTESIAN_POINT('',(3.45E0,1.85E0,-4.8E0));
#3014=LINE('',#3013,#3012);
#3015=CARTESIAN_POINT('',(2.525E0,2.1E0,-5.85E0));
#3016=DIRECTION('',(0.E0,-1.E0,0.E0));
#3017=DIRECTION('',(-1.E0,0.E0,0.E0));
#3018=AXIS2_PLACEMENT_3D('',#3015,#3016,#3017);
#3020=DIRECTION('',(0.E0,0.E0,-1.E0));
#3021=VECTOR('',#3020,1.2E0);
#3022=CARTESIAN_POINT('',(3.2E0,2.1E0,-4.8E0));
#3023=LINE('',#3022,#3021);
#3024=DIRECTION('',(0.E0,1.E0,0.E0));
#3025=VECTOR('',#3024,2.5E-1);
#3026=CARTESIAN_POINT('',(2.375E0,2.1E0,-5.85E0));
#3027=LINE('',#3026,#3025);
#3028=DIRECTION('',(0.E0,0.E0,-1.E0));
#3029=VECTOR('',#3028,1.05E0);
#3030=CARTESIAN_POINT('',(2.375E0,2.1E0,-4.8E0));
#3031=LINE('',#3030,#3029);
#3032=DIRECTION('',(0.E0,-1.E0,0.E0));
#3033=VECTOR('',#3032,2.5E-1);
#3034=CARTESIAN_POINT('',(-2.375E0,2.35E0,-5.85E0));
#3035=LINE('',#3034,#3033);
#3036=DIRECTION('',(0.E0,0.E0,-1.E0));
#3037=VECTOR('',#3036,1.05E0);
#3038=CARTESIAN_POINT('',(-2.375E0,2.35E0,-4.8E0));
#3039=LINE('',#3038,#3037);
#3040=CARTESIAN_POINT('',(-2.525E0,2.1E0,-5.85E0));
#3041=DIRECTION('',(0.E0,-1.E0,0.E0));
#3042=DIRECTION('',(0.E0,0.E0,-1.E0));
#3043=AXIS2_PLACEMENT_3D('',#3040,#3041,#3042);
#3045=DIRECTION('',(0.E0,0.E0,-1.E0));
#3046=VECTOR('',#3045,1.05E0);
#3047=CARTESIAN_POINT('',(-2.375E0,2.1E0,-4.8E0));
#3048=LINE('',#3047,#3046);
#3049=DIRECTION('',(0.E0,0.E0,-1.E0));
#3050=VECTOR('',#3049,1.2E0);
#3051=CARTESIAN_POINT('',(-3.2E0,2.1E0,-4.8E0));
#3052=LINE('',#3051,#3050);
#3053=CARTESIAN_POINT('',(-3.45E0,-1.65E0,-5.35E0));
#3054=DIRECTION('',(1.E0,0.E0,0.E0));
#3055=DIRECTION('',(0.E0,0.E0,1.E0));
#3056=AXIS2_PLACEMENT_3D('',#3053,#3054,#3055);
#3058=DIRECTION('',(0.E0,1.E0,0.E0));
#3059=VECTOR('',#3058,2.6E0);
#3060=CARTESIAN_POINT('',(-3.45E0,-1.65E0,-5.2E0));
#3061=LINE('',#3060,#3059);
#3062=DIRECTION('',(0.E0,0.E0,-1.E0));
#3063=VECTOR('',#3062,1.E-1);
#3064=CARTESIAN_POINT('',(-3.45E0,1.1E0,-4.95E0));
#3065=LINE('',#3064,#3063);
#3066=DIRECTION('',(0.E0,1.E0,0.E0));
#3067=VECTOR('',#3066,9.E-1);
#3068=CARTESIAN_POINT('',(-3.45E0,9.5E-1,-4.8E0));
#3069=LINE('',#3068,#3067);
#3070=DIRECTION('',(0.E0,0.E0,-1.E0));
#3071=VECTOR('',#3070,1.2E0);
#3072=CARTESIAN_POINT('',(-3.45E0,1.85E0,-4.8E0));
#3073=LINE('',#3072,#3071);
#3074=CARTESIAN_POINT('',(-3.45E0,-1.65E0,-5.85E0));
#3075=DIRECTION('',(1.E0,0.E0,0.E0));
#3076=DIRECTION('',(0.E0,-1.E0,0.E0));
#3077=AXIS2_PLACEMENT_3D('',#3074,#3075,#3076);
#3079=CARTESIAN_POINT('',(-3.45E0,9.5E-1,-5.05E0));
#3080=DIRECTION('',(-1.E0,0.E0,0.E0));
#3081=DIRECTION('',(0.E0,1.E0,0.E0));
#3082=AXIS2_PLACEMENT_3D('',#3079,#3080,#3081);
#3084=CARTESIAN_POINT('',(-3.7E0,9.5E-1,-5.05E0));
#3085=DIRECTION('',(1.E0,0.E0,0.E0));
#3086=DIRECTION('',(0.E0,0.E0,-1.E0));
#3087=AXIS2_PLACEMENT_3D('',#3084,#3085,#3086);
#3089=DIRECTION('',(-1.E0,0.E0,0.E0));
#3090=VECTOR('',#3089,2.5E-1);
#3091=CARTESIAN_POINT('',(-3.45E0,-1.8E0,-5.35E0));
#3092=LINE('',#3091,#3090);
#3093=DIRECTION('',(0.E0,0.E0,-1.E0));
#3094=VECTOR('',#3093,5.E-1);
#3095=CARTESIAN_POINT('',(-3.45E0,-1.8E0,-5.35E0));
#3096=LINE('',#3095,#3094);
#3097=DIRECTION('',(-1.E0,0.E0,0.E0));
#3098=VECTOR('',#3097,2.5E-1);
#3099=CARTESIAN_POINT('',(-3.45E0,-1.8E0,-5.85E0));
#3100=LINE('',#3099,#3098);
#3101=DIRECTION('',(0.E0,0.E0,-1.E0));
#3102=VECTOR('',#3101,5.901206799200E0);
#3103=CARTESIAN_POINT('',(-3.7E0,1.85E0,-9.879320080019E-2));
#3104=LINE('',#3103,#3102);
#3105=DIRECTION('',(0.E0,0.E0,1.E0));
#3106=VECTOR('',#3105,6.E0);
#3107=CARTESIAN_POINT('',(-3.2E0,2.35E0,-6.E0));
#3108=LINE('',#3107,#3106);
#3109=DIRECTION('',(0.E0,0.E0,1.E0));
#3110=VECTOR('',#3109,9.879320080019E-2);
#3111=CARTESIAN_POINT('',(-3.696946789008E0,1.90517145E0,-9.879320080019E-2));
#3112=LINE('',#3111,#3110);
#3113=CARTESIAN_POINT('',(-3.2E0,1.85E0,-9.879320080019E-2));
#3114=DIRECTION('',(0.E0,0.E0,1.E0));
#3115=DIRECTION('',(-9.938935780150E-1,1.103429000003E-1,0.E0));
#3116=AXIS2_PLACEMENT_3D('',#3113,#3114,#3115);
#3118=DIRECTION('',(0.E0,1.E0,0.E0));
#3119=VECTOR('',#3118,5.517145000013E-2);
#3120=CARTESIAN_POINT('',(-3.7E0,1.85E0,-9.879320080019E-2));
#3121=LINE('',#3120,#3119);
#3122=DIRECTION('',(0.E0,1.E0,0.E0));
#3123=VECTOR('',#3122,6.998589E-1);
#3124=CARTESIAN_POINT('',(-3.747408830668E0,1.20531255E0,1.799974058441E-1));
#3125=LINE('',#3124,#3123);
#3126=CARTESIAN_POINT('',(-4.E0,1.70517145E0,4.168016270928E-1));
#3127=CARTESIAN_POINT('',(-4.E0,1.738504973200E0,4.168016270928E-1));
#3128=CARTESIAN_POINT('',(-3.989444202840E0,1.790702850515E0,
4.069055672552E-1));
#3129=CARTESIAN_POINT('',(-3.959412626644E0,1.849538177238E0,
3.787509645719E-1));
#3130=CARTESIAN_POINT('',(-3.916489536835E0,1.890702693562E0,
3.385105678754E-1));
#3131=CARTESIAN_POINT('',(-3.878408942316E0,1.90517145E0,3.028100105138E-1));
#3132=CARTESIAN_POINT('',(-3.854090896996E0,1.90517145E0,2.800118430269E-1));
#3134=DIRECTION('',(0.E0,1.E0,0.E0));
#3135=VECTOR('',#3134,2.998589E-1);
#3136=CARTESIAN_POINT('',(-4.E0,1.40531255E0,4.168016270928E-1));
#3137=LINE('',#3136,#3135);
#3138=CARTESIAN_POINT('',(-3.854090896996E0,1.20531255E0,2.800118430269E-1));
#3139=CARTESIAN_POINT('',(-3.878408942316E0,1.20531255E0,3.028100105138E-1));
#3140=CARTESIAN_POINT('',(-3.916489536835E0,1.219781306439E0,
3.385105678754E-1));
#3141=CARTESIAN_POINT('',(-3.959412626644E0,1.260945822762E0,
3.787509645719E-1));
#3142=CARTESIAN_POINT('',(-3.989444202840E0,1.319781149485E0,
4.069055672552E-1));
#3143=CARTESIAN_POINT('',(-4.E0,1.371979026800E0,4.168016270928E-1));
#3144=CARTESIAN_POINT('',(-4.E0,1.40531255E0,4.168016270928E-1));
#3146=CARTESIAN_POINT('',(-3.684689429033E0,1.90517145E0,4.624441931430E-1));
#3147=CARTESIAN_POINT('',(-3.708888456775E0,1.90517145E0,4.853695878463E-1));
#3148=CARTESIAN_POINT('',(-3.746783184513E0,1.890703113456E0,
5.212698562302E-1));
#3149=CARTESIAN_POINT('',(-3.789497093511E0,1.849539033631E0,
5.617356647545E-1));
#3150=CARTESIAN_POINT('',(-3.819382582655E0,1.790703802314E0,
5.900482334176E-1));
#3151=CARTESIAN_POINT('',(-3.829887225159E0,1.738505616646E0,6.E-1));
#3152=CARTESIAN_POINT('',(-3.829887225159E0,1.70517145E0,6.E-1));
#3154=DIRECTION('',(0.E0,1.E0,0.E0));
#3155=VECTOR('',#3154,6.998589E-1);
#3156=CARTESIAN_POINT('',(-3.574902140835E0,1.20531255E0,3.584351832712E-1));
#3157=LINE('',#3156,#3155);
#3158=CARTESIAN_POINT('',(-3.829887225159E0,1.40531255E0,6.E-1));
#3159=CARTESIAN_POINT('',(-3.829887225159E0,1.371978383354E0,6.E-1));
#3160=CARTESIAN_POINT('',(-3.819382582655E0,1.319780197686E0,
5.900482334176E-1));
#3161=CARTESIAN_POINT('',(-3.789497093511E0,1.260944966369E0,
5.617356647545E-1));
#3162=CARTESIAN_POINT('',(-3.746783184513E0,1.219780886545E0,
5.212698562302E-1));
#3163=CARTESIAN_POINT('',(-3.708888456775E0,1.20531255E0,4.853695878463E-1));
#3164=CARTESIAN_POINT('',(-3.684689429033E0,1.20531255E0,4.624441931430E-1));
#3166=DIRECTION('',(0.E0,1.E0,0.E0));
#3167=VECTOR('',#3166,6.998589E-1);
#3168=CARTESIAN_POINT('',(-3.45E0,1.20531255E0,6.805410970947E-2));
#3169=LINE('',#3168,#3167);
#3170=DIRECTION('',(6.804510993646E-1,0.E0,7.327934916288E-1));
#3171=VECTOR('',#3170,2.5E-1);
#3172=CARTESIAN_POINT('',(-4.E0,1.70517145E0,4.168016270928E-1));
#3173=LINE('',#3172,#3171);
#3174=DIRECTION('',(0.E0,1.E0,0.E0));
#3175=VECTOR('',#3174,2.998589E-1);
#3176=CARTESIAN_POINT('',(-3.829887225159E0,1.40531255E0,6.E-1));
#3177=LINE('',#3176,#3175);
#3178=DIRECTION('',(-6.804510993646E-1,0.E0,-7.327934916288E-1));
#3179=VECTOR('',#3178,2.5E-1);
#3180=CARTESIAN_POINT('',(-3.829887225159E0,1.40531255E0,6.E-1));
#3181=LINE('',#3180,#3179);
#3182=DIRECTION('',(0.E0,1.E0,0.E0));
#3183=VECTOR('',#3182,4.017708512427E-1);
#3184=CARTESIAN_POINT('',(1.69780585E0,1.283074649685E0,-1.1E0));
#3185=LINE('',#3184,#3183);
#3186=DIRECTION('',(0.E0,9.277199923307E-11,-1.E0));
#3187=VECTOR('',#3186,3.4E0);
#3188=CARTESIAN_POINT('',(1.69780585E0,1.283074649685E0,-1.1E0));
#3189=LINE('',#3188,#3187);
#3190=CARTESIAN_POINT('',(1.59780585E0,1.28307465E0,-1.1E0));
#3191=DIRECTION('',(0.E0,1.E0,0.E0));
#3192=DIRECTION('',(0.E0,0.E0,1.E0));
#3193=AXIS2_PLACEMENT_3D('',#3190,#3191,#3192);
#3195=DIRECTION('',(1.E0,0.E0,0.E0));
#3196=VECTOR('',#3195,1.036827999999E-1);
#3197=CARTESIAN_POINT('',(-1.6070834E0,1.27939185E0,-1.E0));
#3198=LINE('',#3197,#3196);
#3199=CARTESIAN_POINT('',(-1.6070834E0,1.28307465E0,-1.E0));
#3200=DIRECTION('',(0.E0,0.E0,1.E0));
#3201=DIRECTION('',(-1.E0,0.E0,0.E0));
#3202=AXIS2_PLACEMENT_3D('',#3199,#3200,#3201);
#3204=DIRECTION('',(0.E0,-1.E0,0.E0));
#3205=VECTOR('',#3204,4.017708499982E-1);
#3206=CARTESIAN_POINT('',(-1.6107662E0,1.684845499999E0,-1.E0));
#3207=LINE('',#3206,#3205);
#3208=CARTESIAN_POINT('',(-1.6070834E0,1.684845499999E0,-1.E0));
#3209=DIRECTION('',(0.E0,0.E0,1.E0));
#3210=DIRECTION('',(0.E0,1.E0,0.E0));
#3211=AXIS2_PLACEMENT_3D('',#3208,#3209,#3210);
#3213=DIRECTION('',(-1.E0,0.E0,0.E0));
#3214=VECTOR('',#3213,3.20120645E0);
#3215=CARTESIAN_POINT('',(1.59412305E0,1.688528299999E0,-1.E0));
#3216=LINE('',#3215,#3214);
#3217=CARTESIAN_POINT('',(1.59412305E0,1.684845499999E0,-1.E0));
#3218=DIRECTION('',(0.E0,0.E0,1.E0));
#3219=DIRECTION('',(1.E0,0.E0,0.E0));
#3220=AXIS2_PLACEMENT_3D('',#3217,#3218,#3219);
#3222=DIRECTION('',(0.E0,1.E0,0.E0));
#3223=VECTOR('',#3222,4.017708499987E-1);
#3224=CARTESIAN_POINT('',(1.59780585E0,1.28307465E0,-1.E0));
#3225=LINE('',#3224,#3223);
#3226=CARTESIAN_POINT('',(1.59412305E0,1.28307465E0,-1.E0));
#3227=DIRECTION('',(0.E0,0.E0,1.E0));
#3228=DIRECTION('',(0.E0,-1.E0,0.E0));
#3229=AXIS2_PLACEMENT_3D('',#3226,#3227,#3228);
#3231=DIRECTION('',(1.E0,0.E0,0.E0));
#3232=VECTOR('',#3231,9.072245000016E-2);
#3233=CARTESIAN_POINT('',(1.5034006E0,1.27939185E0,-1.E0));
#3234=LINE('',#3233,#3232);
#3235=DIRECTION('',(0.E0,-1.E0,0.E0));
#3236=VECTOR('',#3235,5.552419999995E-2);
#3237=CARTESIAN_POINT('',(1.5034006E0,1.33491605E0,-1.E0));
#3238=LINE('',#3237,#3236);
#3239=DIRECTION('',(1.E0,0.E0,0.E0));
#3240=VECTOR('',#3239,4.147312E-1);
#3241=CARTESIAN_POINT('',(1.0886694E0,1.33491605E0,-1.E0));
#3242=LINE('',#3241,#3240);
#3243=DIRECTION('',(0.E0,1.E0,0.E0));
#3244=VECTOR('',#3243,1.555241999999E-1);
#3245=CARTESIAN_POINT('',(1.0886694E0,1.17939185E0,-1.E0));
#3246=LINE('',#3245,#3244);
#3247=DIRECTION('',(1.E0,0.E0,0.E0));
#3248=VECTOR('',#3247,2.462466499999E-1);
#3249=CARTESIAN_POINT('',(8.4242275E-1,1.17939185E0,-1.E0));
#3250=LINE('',#3249,#3248);
#3251=DIRECTION('',(0.E0,-1.E0,0.E0));
#3252=VECTOR('',#3251,1.555241999999E-1);
#3253=CARTESIAN_POINT('',(8.4242275E-1,1.33491605E0,-1.E0));
#3254=LINE('',#3253,#3252);
#3255=DIRECTION('',(1.E0,0.E0,0.E0));
#3256=VECTOR('',#3255,4.0177085E-1);
#3257=CARTESIAN_POINT('',(4.406518999999E-1,1.33491605E0,-1.E0));
#3258=LINE('',#3257,#3256);
#3259=DIRECTION('',(0.E0,1.E0,0.E0));
#3260=VECTOR('',#3259,1.555241999999E-1);
#3261=CARTESIAN_POINT('',(4.406518999999E-1,1.17939185E0,-1.E0));
#3262=LINE('',#3261,#3260);
#3263=DIRECTION('',(1.E0,0.E0,0.E0));
#3264=VECTOR('',#3263,2.462466499999E-1);
#3265=CARTESIAN_POINT('',(1.9440525E-1,1.17939185E0,-1.E0));
#3266=LINE('',#3265,#3264);
#3267=DIRECTION('',(0.E0,-1.E0,0.E0));
#3268=VECTOR('',#3267,1.555241999999E-1);
#3269=CARTESIAN_POINT('',(1.9440525E-1,1.33491605E0,-1.E0));
#3270=LINE('',#3269,#3268);
#3271=DIRECTION('',(1.E0,0.E0,0.E0));
#3272=VECTOR('',#3271,4.0177085E-1);
#3273=CARTESIAN_POINT('',(-2.073656E-1,1.33491605E0,-1.E0));
#3274=LINE('',#3273,#3272);
#3275=DIRECTION('',(0.E0,1.E0,0.E0));
#3276=VECTOR('',#3275,1.555241999999E-1);
#3277=CARTESIAN_POINT('',(-2.073656E-1,1.17939185E0,-1.E0));
#3278=LINE('',#3277,#3276);
#3279=DIRECTION('',(1.E0,0.E0,0.E0));
#3280=VECTOR('',#3279,2.462466500001E-1);
#3281=CARTESIAN_POINT('',(-4.536122500001E-1,1.17939185E0,-1.E0));
#3282=LINE('',#3281,#3280);
#3283=DIRECTION('',(0.E0,-1.E0,0.E0));
#3284=VECTOR('',#3283,1.555241999999E-1);
#3285=CARTESIAN_POINT('',(-4.536122500001E-1,1.33491605E0,-1.E0));
#3286=LINE('',#3285,#3284);
#3287=DIRECTION('',(1.E0,0.E0,0.E0));
#3288=VECTOR('',#3287,4.0177085E-1);
#3289=CARTESIAN_POINT('',(-8.553831000002E-1,1.33491605E0,-1.E0));
#3290=LINE('',#3289,#3288);
#3291=DIRECTION('',(0.E0,1.E0,0.E0));
#3292=VECTOR('',#3291,1.555241999999E-1);
#3293=CARTESIAN_POINT('',(-8.553831000002E-1,1.17939185E0,-1.E0));
#3294=LINE('',#3293,#3292);
#3295=DIRECTION('',(1.E0,0.E0,0.E0));
#3296=VECTOR('',#3295,2.462466499999E-1);
#3297=CARTESIAN_POINT('',(-1.10162975E0,1.17939185E0,-1.E0));
#3298=LINE('',#3297,#3296);
#3299=DIRECTION('',(0.E0,-1.E0,0.E0));
#3300=VECTOR('',#3299,1.555241999999E-1);
#3301=CARTESIAN_POINT('',(-1.10162975E0,1.33491605E0,-1.E0));
#3302=LINE('',#3301,#3300);
#3303=DIRECTION('',(1.E0,0.E0,0.E0));
#3304=VECTOR('',#3303,4.0177085E-1);
#3305=CARTESIAN_POINT('',(-1.5034006E0,1.33491605E0,-1.E0));
#3306=LINE('',#3305,#3304);
#3307=DIRECTION('',(0.E0,1.E0,0.E0));
#3308=VECTOR('',#3307,5.552419999995E-2);
#3309=CARTESIAN_POINT('',(-1.5034006E0,1.27939185E0,-1.E0));
#3310=LINE('',#3309,#3308);
#3311=CARTESIAN_POINT('',(-1.6070834E0,1.27939185E0,-1.1E0));
#3312=DIRECTION('',(1.E0,0.E0,0.E0));
#3313=DIRECTION('',(0.E0,0.E0,1.E0));
#3314=AXIS2_PLACEMENT_3D('',#3311,#3312,#3313);
#3316=CARTESIAN_POINT('',(-1.5034006E0,1.27939185E0,-1.1E0));
#3317=DIRECTION('',(1.E0,0.E0,0.E0));
#3318=DIRECTION('',(0.E0,0.E0,1.E0));
#3319=AXIS2_PLACEMENT_3D('',#3316,#3317,#3318);
#3321=DIRECTION('',(0.E0,0.E0,-1.E0));
#3322=VECTOR('',#3321,3.4E0);
#3323=CARTESIAN_POINT('',(-1.5034006E0,1.17939185E0,-1.1E0));
#3324=LINE('',#3323,#3322);
#3325=DIRECTION('',(0.E0,0.E0,-1.E0));
#3326=VECTOR('',#3325,3.5E0);
#3327=CARTESIAN_POINT('',(-1.5034006E0,1.33491605E0,-1.E0));
#3328=LINE('',#3327,#3326);
#3329=DIRECTION('',(0.E0,0.E0,-1.E0));
#3330=VECTOR('',#3329,3.5E0);
#3331=CARTESIAN_POINT('',(-1.10162975E0,1.33491605E0,-1.E0));
#3332=LINE('',#3331,#3330);
#3333=DIRECTION('',(0.E0,0.E0,-1.E0));
#3334=VECTOR('',#3333,3.5E0);
#3335=CARTESIAN_POINT('',(-1.10162975E0,1.17939185E0,-1.E0));
#3336=LINE('',#3335,#3334);
#3337=DIRECTION('',(0.E0,0.E0,-1.E0));
#3338=VECTOR('',#3337,3.5E0);
#3339=CARTESIAN_POINT('',(-8.553831000002E-1,1.17939185E0,-1.E0));
#3340=LINE('',#3339,#3338);
#3341=DIRECTION('',(0.E0,0.E0,-1.E0));
#3342=VECTOR('',#3341,3.5E0);
#3343=CARTESIAN_POINT('',(-8.553831000002E-1,1.33491605E0,-1.E0));
#3344=LINE('',#3343,#3342);
#3345=DIRECTION('',(0.E0,0.E0,-1.E0));
#3346=VECTOR('',#3345,3.5E0);
#3347=CARTESIAN_POINT('',(-4.536122500001E-1,1.33491605E0,-1.E0));
#3348=LINE('',#3347,#3346);
#3349=DIRECTION('',(0.E0,0.E0,-1.E0));
#3350=VECTOR('',#3349,3.5E0);
#3351=CARTESIAN_POINT('',(-4.536122500001E-1,1.17939185E0,-1.E0));
#3352=LINE('',#3351,#3350);
#3353=DIRECTION('',(0.E0,0.E0,-1.E0));
#3354=VECTOR('',#3353,3.5E0);
#3355=CARTESIAN_POINT('',(-2.073656E-1,1.17939185E0,-1.E0));
#3356=LINE('',#3355,#3354);
#3357=DIRECTION('',(0.E0,0.E0,-1.E0));
#3358=VECTOR('',#3357,3.5E0);
#3359=CARTESIAN_POINT('',(-2.073656E-1,1.33491605E0,-1.E0));
#3360=LINE('',#3359,#3358);
#3361=DIRECTION('',(0.E0,0.E0,-1.E0));
#3362=VECTOR('',#3361,3.5E0);
#3363=CARTESIAN_POINT('',(1.9440525E-1,1.33491605E0,-1.E0));
#3364=LINE('',#3363,#3362);
#3365=DIRECTION('',(0.E0,0.E0,-1.E0));
#3366=VECTOR('',#3365,3.5E0);
#3367=CARTESIAN_POINT('',(1.9440525E-1,1.17939185E0,-1.E0));
#3368=LINE('',#3367,#3366);
#3369=DIRECTION('',(0.E0,0.E0,-1.E0));
#3370=VECTOR('',#3369,3.5E0);
#3371=CARTESIAN_POINT('',(4.406518999999E-1,1.17939185E0,-1.E0));
#3372=LINE('',#3371,#3370);
#3373=DIRECTION('',(0.E0,0.E0,-1.E0));
#3374=VECTOR('',#3373,3.5E0);
#3375=CARTESIAN_POINT('',(4.406518999999E-1,1.33491605E0,-1.E0));
#3376=LINE('',#3375,#3374);
#3377=DIRECTION('',(0.E0,0.E0,-1.E0));
#3378=VECTOR('',#3377,3.5E0);
#3379=CARTESIAN_POINT('',(8.4242275E-1,1.33491605E0,-1.E0));
#3380=LINE('',#3379,#3378);
#3381=DIRECTION('',(0.E0,0.E0,-1.E0));
#3382=VECTOR('',#3381,3.5E0);
#3383=CARTESIAN_POINT('',(8.4242275E-1,1.17939185E0,-1.E0));
#3384=LINE('',#3383,#3382);
#3385=DIRECTION('',(0.E0,0.E0,-1.E0));
#3386=VECTOR('',#3385,3.5E0);
#3387=CARTESIAN_POINT('',(1.0886694E0,1.17939185E0,-1.E0));
#3388=LINE('',#3387,#3386);
#3389=DIRECTION('',(0.E0,0.E0,-1.E0));
#3390=VECTOR('',#3389,3.5E0);
#3391=CARTESIAN_POINT('',(1.0886694E0,1.33491605E0,-1.E0));
#3392=LINE('',#3391,#3390);
#3393=CARTESIAN_POINT('',(1.5034006E0,1.27939185E0,-1.1E0));
#3394=DIRECTION('',(-1.E0,0.E0,0.E0));
#3395=DIRECTION('',(0.E0,-1.E0,0.E0));
#3396=AXIS2_PLACEMENT_3D('',#3393,#3394,#3395);
#3398=DIRECTION('',(0.E0,0.E0,-1.E0));
#3399=VECTOR('',#3398,3.5E0);
#3400=CARTESIAN_POINT('',(1.5034006E0,1.33491605E0,-1.E0));
#3401=LINE('',#3400,#3399);
#3402=CARTESIAN_POINT('',(1.59412305E0,1.27939185E0,-1.1E0));
#3403=DIRECTION('',(1.E0,0.E0,0.E0));
#3404=DIRECTION('',(0.E0,0.E0,1.E0));
#3405=AXIS2_PLACEMENT_3D('',#3402,#3403,#3404);
#3407=CARTESIAN_POINT('',(1.59412305E0,1.28307465E0,-1.1E0));
#3408=DIRECTION('',(0.E0,0.E0,1.E0));
#3409=DIRECTION('',(0.E0,-1.E0,0.E0));
#3410=AXIS2_PLACEMENT_3D('',#3407,#3408,#3409);
#3412=DIRECTION('',(-2.731219825466E-10,0.E0,-1.E0));
#3413=VECTOR('',#3412,3.4E0);
#3414=CARTESIAN_POINT('',(1.594123050929E0,1.17939185E0,-1.1E0));
#3415=LINE('',#3414,#3413);
#3416=DIRECTION('',(1.E0,0.E0,0.E0));
#3417=VECTOR('',#3416,9.072245092877E-2);
#3418=CARTESIAN_POINT('',(1.5034006E0,1.17939185E0,-1.1E0));
#3419=LINE('',#3418,#3417);
#3420=DIRECTION('',(0.E0,0.E0,-1.E0));
#3421=VECTOR('',#3420,3.4E0);
#3422=CARTESIAN_POINT('',(1.5034006E0,1.17939185E0,-1.1E0));
#3423=LINE('',#3422,#3421);
#3424=DIRECTION('',(1.E0,0.E0,0.E0));
#3425=VECTOR('',#3424,1.036828003153E-1);
#3426=CARTESIAN_POINT('',(-1.607083400315E0,1.17939185E0,-1.1E0));
#3427=LINE('',#3426,#3425);
#3428=DIRECTION('',(9.277167269689E-11,0.E0,-1.E0));
#3429=VECTOR('',#3428,3.4E0);
#3430=CARTESIAN_POINT('',(-1.607083400315E0,1.17939185E0,-1.1E0));
#3431=LINE('',#3430,#3429);
#3432=CARTESIAN_POINT('',(-1.6070834E0,1.28307465E0,-1.1E0));
#3433=DIRECTION('',(0.E0,0.E0,1.E0));
#3434=DIRECTION('',(-1.E0,0.E0,0.E0));
#3435=AXIS2_PLACEMENT_3D('',#3432,#3433,#3434);
#3437=DIRECTION('',(0.E0,2.731218519321E-10,-1.E0));
#3438=VECTOR('',#3437,3.4E0);
#3439=CARTESIAN_POINT('',(-1.7107662E0,1.283074649072E0,-1.1E0));
#3440=LINE('',#3439,#3438);
#3441=CARTESIAN_POINT('',(-1.6107662E0,1.28307465E0,-1.1E0));
#3442=DIRECTION('',(0.E0,-1.E0,0.E0));
#3443=DIRECTION('',(0.E0,0.E0,1.E0));
#3444=AXIS2_PLACEMENT_3D('',#3441,#3442,#3443);
#3446=CARTESIAN_POINT('',(-1.6107662E0,1.684845499999E0,-1.1E0));
#3447=DIRECTION('',(0.E0,-1.E0,0.E0));
#3448=DIRECTION('',(0.E0,0.E0,1.E0));
#3449=AXIS2_PLACEMENT_3D('',#3446,#3447,#3448);
#3451=DIRECTION('',(0.E0,-1.E0,0.E0));
#3452=VECTOR('',#3451,4.017708512423E-1);
#3453=CARTESIAN_POINT('',(-1.7107662E0,1.684845500314E0,-1.1E0));
#3454=LINE('',#3453,#3452);
#3455=DIRECTION('',(0.E0,-9.277186861860E-11,-1.E0));
#3456=VECTOR('',#3455,3.4E0);
#3457=CARTESIAN_POINT('',(-1.7107662E0,1.684845500314E0,-1.1E0));
#3458=LINE('',#3457,#3456);
#3459=CARTESIAN_POINT('',(-1.6070834E0,1.684845499999E0,-1.1E0));
#3460=DIRECTION('',(0.E0,0.E0,1.E0));
#3461=DIRECTION('',(0.E0,1.E0,0.E0));
#3462=AXIS2_PLACEMENT_3D('',#3459,#3460,#3461);
#3464=DIRECTION('',(2.731217866249E-10,0.E0,-1.E0));
#3465=VECTOR('',#3464,3.4E0);
#3466=CARTESIAN_POINT('',(-1.607083400929E0,1.788528299999E0,-1.1E0));
#3467=LINE('',#3466,#3465);
#3468=CARTESIAN_POINT('',(-1.6070834E0,1.688528299999E0,-1.1E0));
#3469=DIRECTION('',(-1.E0,0.E0,0.E0));
#3470=DIRECTION('',(0.E0,0.E0,1.E0));
#3471=AXIS2_PLACEMENT_3D('',#3468,#3469,#3470);
#3473=CARTESIAN_POINT('',(1.59412305E0,1.688528299999E0,-1.1E0));
#3474=DIRECTION('',(-1.E0,0.E0,0.E0));
#3475=DIRECTION('',(0.E0,0.E0,1.E0));
#3476=AXIS2_PLACEMENT_3D('',#3473,#3474,#3475);
#3478=DIRECTION('',(-1.E0,0.E0,0.E0));
#3479=VECTOR('',#3478,3.201206451244E0);
#3480=CARTESIAN_POINT('',(1.594123050315E0,1.788528299999E0,-1.1E0));
#3481=LINE('',#3480,#3479);
#3482=DIRECTION('',(-9.277160738965E-11,0.E0,-1.E0));
#3483=VECTOR('',#3482,3.4E0);
#3484=CARTESIAN_POINT('',(1.594123050315E0,1.788528299999E0,-1.1E0));
#3485=LINE('',#3484,#3483);
#3486=CARTESIAN_POINT('',(1.59412305E0,1.684845499999E0,-1.1E0));
#3487=DIRECTION('',(0.E0,0.E0,1.E0));
#3488=DIRECTION('',(1.E0,0.E0,0.E0));
#3489=AXIS2_PLACEMENT_3D('',#3486,#3487,#3488);
#3491=DIRECTION('',(0.E0,-2.731219825466E-10,-1.E0));
#3492=VECTOR('',#3491,3.4E0);
#3493=CARTESIAN_POINT('',(1.69780585E0,1.684845500927E0,-1.1E0));
#3494=LINE('',#3493,#3492);
#3495=CARTESIAN_POINT('',(1.59780585E0,1.684845499999E0,-1.1E0));
#3496=DIRECTION('',(0.E0,1.E0,0.E0));
#3497=DIRECTION('',(0.E0,0.E0,1.E0));
#3498=AXIS2_PLACEMENT_3D('',#3495,#3496,#3497);
#3500=DIRECTION('',(0.E0,-1.E0,0.E0));
#3501=VECTOR('',#3500,2.5E-1);
#3502=CARTESIAN_POINT('',(2.05E0,2.35E0,-1.35E0));
#3503=LINE('',#3502,#3501);
#3504=DIRECTION('',(0.E0,-1.E0,0.E0));
#3505=VECTOR('',#3504,2.5E-1);
#3506=CARTESIAN_POINT('',(2.05E0,2.35E0,-2.25E0));
#3507=LINE('',#3506,#3505);
#3508=CARTESIAN_POINT('',(2.2E0,2.35E0,-2.25E0));
#3509=DIRECTION('',(0.E0,-1.E0,0.E0));
#3510=DIRECTION('',(-1.E0,0.E0,0.E0));
#3511=AXIS2_PLACEMENT_3D('',#3508,#3509,#3510);
#3513=CARTESIAN_POINT('',(2.2E0,2.1E0,-2.25E0));
#3514=DIRECTION('',(0.E0,1.E0,0.E0));
#3515=DIRECTION('',(0.E0,0.E0,-1.E0));
#3516=AXIS2_PLACEMENT_3D('',#3513,#3514,#3515);
#3518=DIRECTION('',(0.E0,-1.E0,0.E0));
#3519=VECTOR('',#3518,2.5E-1);
#3520=CARTESIAN_POINT('',(2.55E0,2.35E0,-2.4E0));
#3521=LINE('',#3520,#3519);
#3522=DIRECTION('',(0.E0,-1.E0,0.E0));
#3523=VECTOR('',#3522,2.5E-1);
#3524=CARTESIAN_POINT('',(2.2E0,2.35E0,-2.4E0));
#3525=LINE('',#3524,#3523);
#3526=CARTESIAN_POINT('',(2.55E0,2.35E0,-2.25E0));
#3527=DIRECTION('',(0.E0,-1.E0,0.E0));
#3528=DIRECTION('',(0.E0,0.E0,-1.E0));
#3529=AXIS2_PLACEMENT_3D('',#3526,#3527,#3528);
#3531=CARTESIAN_POINT('',(2.55E0,2.1E0,-2.25E0));
#3532=DIRECTION('',(0.E0,1.E0,0.E0));
#3533=DIRECTION('',(1.E0,0.E0,0.E0));
#3534=AXIS2_PLACEMENT_3D('',#3531,#3532,#3533);
#3536=DIRECTION('',(0.E0,1.E0,0.E0));
#3537=VECTOR('',#3536,2.5E-1);
#3538=CARTESIAN_POINT('',(2.7E0,2.1E0,-1.35E0));
#3539=LINE('',#3538,#3537);
#3540=DIRECTION('',(0.E0,-1.E0,0.E0));
#3541=VECTOR('',#3540,2.5E-1);
#3542=CARTESIAN_POINT('',(2.7E0,2.35E0,-2.25E0));
#3543=LINE('',#3542,#3541);
#3544=DIRECTION('',(0.E0,1.E0,0.E0));
#3545=VECTOR('',#3544,2.5E-1);
#3546=CARTESIAN_POINT('',(2.775E0,2.1E0,-1.220096189433E0));
#3547=LINE('',#3546,#3545);
#3548=CARTESIAN_POINT('',(2.7E0,2.1E0,-1.090192378865E0));
#3549=DIRECTION('',(0.E0,1.E0,0.E0));
#3550=DIRECTION('',(1.E0,0.E0,0.E0));
#3551=AXIS2_PLACEMENT_3D('',#3548,#3549,#3550);
#3553=CARTESIAN_POINT('',(2.7E0,2.35E0,-1.090192378865E0));
#3554=DIRECTION('',(0.E0,-1.E0,0.E0));
#3555=DIRECTION('',(4.999999999893E-1,0.E0,-8.660254037906E-1));
#3556=AXIS2_PLACEMENT_3D('',#3553,#3554,#3555);
#3558=DIRECTION('',(0.E0,1.E0,0.E0));
#3559=VECTOR('',#3558,2.5E-1);
#3560=CARTESIAN_POINT('',(2.85E0,2.1E0,-1.090192378865E0));
#3561=LINE('',#3560,#3559);
#3562=DIRECTION('',(0.E0,-1.E0,0.E0));
#3563=VECTOR('',#3562,2.5E-1);
#3564=CARTESIAN_POINT('',(2.85E0,2.35E0,-8.5E-1));
#3565=LINE('',#3564,#3563);
#3566=CARTESIAN_POINT('',(2.7E0,2.35E0,-8.5E-1));
#3567=DIRECTION('',(0.E0,-1.E0,0.E0));
#3568=DIRECTION('',(1.E0,0.E0,0.E0));
#3569=AXIS2_PLACEMENT_3D('',#3566,#3567,#3568);
#3571=CARTESIAN_POINT('',(2.7E0,2.1E0,-8.5E-1));
#3572=DIRECTION('',(0.E0,1.E0,0.E0));
#3573=DIRECTION('',(0.E0,0.E0,1.E0));
#3574=AXIS2_PLACEMENT_3D('',#3571,#3572,#3573);
#3576=DIRECTION('',(0.E0,-1.E0,0.E0));
#3577=VECTOR('',#3576,2.5E-1);
#3578=CARTESIAN_POINT('',(2.05E0,2.35E0,-7.E-1));
#3579=LINE('',#3578,#3577);
#3580=DIRECTION('',(0.E0,-1.E0,0.E0));
#3581=VECTOR('',#3580,2.5E-1);
#3582=CARTESIAN_POINT('',(2.7E0,2.35E0,-7.E-1));
#3583=LINE('',#3582,#3581);
#3584=CARTESIAN_POINT('',(2.05E0,2.35E0,-8.5E-1));
#3585=DIRECTION('',(0.E0,-1.E0,0.E0));
#3586=DIRECTION('',(0.E0,0.E0,1.E0));
#3587=AXIS2_PLACEMENT_3D('',#3584,#3585,#3586);
#3589=CARTESIAN_POINT('',(2.05E0,2.1E0,-8.5E-1));
#3590=DIRECTION('',(0.E0,1.E0,0.E0));
#3591=DIRECTION('',(-1.E0,0.E0,0.E0));
#3592=AXIS2_PLACEMENT_3D('',#3589,#3590,#3591);
#3594=DIRECTION('',(0.E0,-1.E0,0.E0));
#3595=VECTOR('',#3594,2.5E-1);
#3596=CARTESIAN_POINT('',(-2.85E0,2.35E0,-1.090192378865E0));
#3597=LINE('',#3596,#3595);
#3598=DIRECTION('',(0.E0,-1.E0,0.E0));
#3599=VECTOR('',#3598,2.5E-1);
#3600=CARTESIAN_POINT('',(-2.85E0,2.35E0,-8.5E-1));
#3601=LINE('',#3600,#3599);
#3602=CARTESIAN_POINT('',(-2.7E0,2.35E0,-1.090192378865E0));
#3603=DIRECTION('',(0.E0,-1.E0,0.E0));
#3604=DIRECTION('',(-1.E0,0.E0,0.E0));
#3605=AXIS2_PLACEMENT_3D('',#3602,#3603,#3604);
#3607=CARTESIAN_POINT('',(-2.7E0,2.1E0,-1.090192378865E0));
#3608=DIRECTION('',(0.E0,1.E0,0.E0));
#3609=DIRECTION('',(-5.E-1,0.E0,-8.660254037844E-1));
#3610=AXIS2_PLACEMENT_3D('',#3607,#3608,#3609);
#3612=DIRECTION('',(0.E0,-1.E0,0.E0));
#3613=VECTOR('',#3612,2.5E-1);
#3614=CARTESIAN_POINT('',(-2.775E0,2.35E0,-1.220096189432E0));
#3615=LINE('',#3614,#3613);
#3616=DIRECTION('',(0.E0,-1.E0,0.E0));
#3617=VECTOR('',#3616,2.5E-1);
#3618=CARTESIAN_POINT('',(-2.7E0,2.35E0,-1.35E0));
#3619=LINE('',#3618,#3617);
#3620=DIRECTION('',(0.E0,-1.E0,0.E0));
#3621=VECTOR('',#3620,2.5E-1);
#3622=CARTESIAN_POINT('',(-2.7E0,2.35E0,-2.25E0));
#3623=LINE('',#3622,#3621);
#3624=CARTESIAN_POINT('',(-2.55E0,2.35E0,-2.25E0));
#3625=DIRECTION('',(0.E0,-1.E0,0.E0));
#3626=DIRECTION('',(-1.E0,0.E0,0.E0));
#3627=AXIS2_PLACEMENT_3D('',#3624,#3625,#3626);
#3629=CARTESIAN_POINT('',(-2.55E0,2.1E0,-2.25E0));
#3630=DIRECTION('',(0.E0,1.E0,0.E0));
#3631=DIRECTION('',(0.E0,0.E0,-1.E0));
#3632=AXIS2_PLACEMENT_3D('',#3629,#3630,#3631);
#3634=DIRECTION('',(0.E0,-1.E0,0.E0));
#3635=VECTOR('',#3634,2.5E-1);
#3636=CARTESIAN_POINT('',(-2.55E0,2.35E0,-2.4E0));
#3637=LINE('',#3636,#3635);
#3638=DIRECTION('',(0.E0,-1.E0,0.E0));
#3639=VECTOR('',#3638,2.5E-1);
#3640=CARTESIAN_POINT('',(-2.2E0,2.35E0,-2.4E0));
#3641=LINE('',#3640,#3639);
#3642=CARTESIAN_POINT('',(-2.2E0,2.35E0,-2.25E0));
#3643=DIRECTION('',(0.E0,-1.E0,0.E0));
#3644=DIRECTION('',(0.E0,0.E0,-1.E0));
#3645=AXIS2_PLACEMENT_3D('',#3642,#3643,#3644);
#3647=CARTESIAN_POINT('',(-2.2E0,2.1E0,-2.25E0));
#3648=DIRECTION('',(0.E0,1.E0,0.E0));
#3649=DIRECTION('',(1.E0,0.E0,0.E0));
#3650=AXIS2_PLACEMENT_3D('',#3647,#3648,#3649);
#3652=DIRECTION('',(0.E0,1.E0,0.E0));
#3653=VECTOR('',#3652,2.5E-1);
#3654=CARTESIAN_POINT('',(-2.05E0,2.1E0,-1.35E0));
#3655=LINE('',#3654,#3653);
#3656=DIRECTION('',(0.E0,-1.E0,0.E0));
#3657=VECTOR('',#3656,2.5E-1);
#3658=CARTESIAN_POINT('',(-2.05E0,2.35E0,-2.25E0));
#3659=LINE('',#3658,#3657);
#3660=DIRECTION('',(0.E0,1.E0,0.E0));
#3661=VECTOR('',#3660,2.5E-1);
#3662=CARTESIAN_POINT('',(-1.975E0,2.1E0,-1.220096189432E0));
#3663=LINE('',#3662,#3661);
#3664=CARTESIAN_POINT('',(-2.05E0,2.1E0,-1.090192378865E0));
#3665=DIRECTION('',(0.E0,1.E0,0.E0));
#3666=DIRECTION('',(1.E0,0.E0,0.E0));
#3667=AXIS2_PLACEMENT_3D('',#3664,#3665,#3666);
#3669=CARTESIAN_POINT('',(-2.05E0,2.35E0,-1.090192378865E0));
#3670=DIRECTION('',(0.E0,-1.E0,0.E0));
#3671=DIRECTION('',(5.E-1,0.E0,-8.660254037844E-1));
#3672=AXIS2_PLACEMENT_3D('',#3669,#3670,#3671);
#3674=DIRECTION('',(0.E0,1.E0,0.E0));
#3675=VECTOR('',#3674,2.5E-1);
#3676=CARTESIAN_POINT('',(-1.9E0,2.1E0,-1.090192378865E0));
#3677=LINE('',#3676,#3675);
#3678=DIRECTION('',(0.E0,-1.E0,0.E0));
#3679=VECTOR('',#3678,2.5E-1);
#3680=CARTESIAN_POINT('',(-1.9E0,2.35E0,-8.5E-1));
#3681=LINE('',#3680,#3679);
#3682=CARTESIAN_POINT('',(-2.05E0,2.35E0,-8.5E-1));
#3683=DIRECTION('',(0.E0,-1.E0,0.E0));
#3684=DIRECTION('',(1.E0,0.E0,0.E0));
#3685=AXIS2_PLACEMENT_3D('',#3682,#3683,#3684);
#3687=CARTESIAN_POINT('',(-2.05E0,2.1E0,-8.5E-1));
#3688=DIRECTION('',(0.E0,1.E0,0.E0));
#3689=DIRECTION('',(0.E0,0.E0,1.E0));
#3690=AXIS2_PLACEMENT_3D('',#3687,#3688,#3689);
#3692=DIRECTION('',(0.E0,-1.E0,0.E0));
#3693=VECTOR('',#3692,2.5E-1);
#3694=CARTESIAN_POINT('',(-2.7E0,2.35E0,-7.E-1));
#3695=LINE('',#3694,#3693);
#3696=DIRECTION('',(0.E0,-1.E0,0.E0));
#3697=VECTOR('',#3696,2.5E-1);
#3698=CARTESIAN_POINT('',(-2.05E0,2.35E0,-7.E-1));
#3699=LINE('',#3698,#3697);
#3700=CARTESIAN_POINT('',(-2.7E0,2.35E0,-8.5E-1));
#3701=DIRECTION('',(0.E0,-1.E0,0.E0));
#3702=DIRECTION('',(0.E0,0.E0,1.E0));
#3703=AXIS2_PLACEMENT_3D('',#3700,#3701,#3702);
#3705=CARTESIAN_POINT('',(-2.7E0,2.1E0,-8.5E-1));
#3706=DIRECTION('',(0.E0,1.E0,0.E0));
#3707=DIRECTION('',(-1.E0,0.E0,0.E0));
#3708=AXIS2_PLACEMENT_3D('',#3705,#3706,#3707);
#3710=CARTESIAN_POINT('',(3.2E0,1.85E0,-9.879320080019E-2));
#3711=DIRECTION('',(0.E0,0.E0,1.E0));
#3712=DIRECTION('',(1.E0,0.E0,0.E0));
#3713=AXIS2_PLACEMENT_3D('',#3710,#3711,#3712);
#3715=DIRECTION('',(0.E0,0.E0,1.E0));
#3716=VECTOR('',#3715,9.879320080019E-2);
#3717=CARTESIAN_POINT('',(3.696946789008E0,1.90517145E0,-9.879320080019E-2));
#3718=LINE('',#3717,#3716);
#3719=DIRECTION('',(0.E0,-1.E0,0.E0));
#3720=VECTOR('',#3719,5.E-2);
#3721=CARTESIAN_POINT('',(-1.000246839840E0,2.35E0,-3.040741889465E0));
#3722=LINE('',#3721,#3720);
#3723=DIRECTION('',(0.E0,-1.E0,0.E0));
#3724=VECTOR('',#3723,5.E-2);
#3725=CARTESIAN_POINT('',(-8.224607030866E-1,2.35E0,-3.040741889465E0));
#3726=LINE('',#3725,#3724);
#3727=DIRECTION('',(0.E0,-1.E0,0.E0));
#3728=VECTOR('',#3727,5.E-2);
#3729=CARTESIAN_POINT('',(-8.481884009612E-1,2.35E0,-2.907975709465E0));
#3730=LINE('',#3729,#3728);
#3731=DIRECTION('',(0.E0,-1.E0,0.E0));
#3732=VECTOR('',#3731,5.E-2);
#3733=CARTESIAN_POINT('',(-1.026783098788E0,2.35E0,-2.907975709465E0));
#3734=LINE('',#3733,#3732);
#3735=DIRECTION('',(0.E0,-1.E0,-3.552713678801E-14));
#3736=VECTOR('',#3735,5.E-2);
#3737=CARTESIAN_POINT('',(-1.081442427457E0,2.35E0,-2.862891564309E0));
#3738=LINE('',#3737,#3736);
#3739=DIRECTION('',(0.E0,-1.E0,0.E0));
#3740=VECTOR('',#3739,5.E-2);
#3741=CARTESIAN_POINT('',(-1.105902960483E0,2.35E0,-2.736664509465E0));
#3742=LINE('',#3741,#3740);
#3743=DIRECTION('',(0.E0,-1.E0,0.E0));
#3744=VECTOR('',#3743,5.E-2);
#3745=CARTESIAN_POINT('',(-8.813854304768E-1,2.35E0,-2.736664509465E0));
#3746=LINE('',#3745,#3744);
#3747=DIRECTION('',(0.E0,-1.E0,0.E0));
#3748=VECTOR('',#3747,5.E-2);
#3749=CARTESIAN_POINT('',(-9.071131283514E-1,2.35E0,-2.603898329465E0));
#3750=LINE('',#3749,#3748);
#3751=DIRECTION('',(0.E0,-1.E0,0.E0));
#3752=VECTOR('',#3751,5.E-2);
#3753=CARTESIAN_POINT('',(-1.168211484819E0,2.35E0,-2.603898329465E0));
#3754=LINE('',#3753,#3752);
#3755=DIRECTION('',(0.E0,-1.E0,0.E0));
#3756=VECTOR('',#3755,5.E-2);
#3757=CARTESIAN_POINT('',(-1.248098195950E0,2.35E0,-2.700751757314E0));
#3758=LINE('',#3757,#3756);
#3759=DIRECTION('',(0.E0,-1.E0,0.E0));
#3760=VECTOR('',#3759,5.E-2);
#3761=CARTESIAN_POINT('',(-1.215100287819E0,2.35E0,-2.871035403830E0));
#3762=LINE('',#3761,#3760);
#3763=DIRECTION('',(0.E0,-1.E0,0.E0));
#3764=VECTOR('',#3763,5.E-2);
#3765=CARTESIAN_POINT('',(-1.089985960213E0,2.35E0,-2.972217409465E0));
#3766=LINE('',#3765,#3764);
#3767=DIRECTION('',(0.E0,-1.E0,0.E0));
#3768=VECTOR('',#3767,5.E-2);
#3769=CARTESIAN_POINT('',(-1.174129939644E0,2.35E0,-3.082460329877E0));
#3770=LINE('',#3769,#3768);
#3771=DIRECTION('',(0.E0,-1.E0,0.E0));
#3772=VECTOR('',#3771,5.E-2);
#3773=CARTESIAN_POINT('',(-1.125188210731E0,2.35E0,-3.335021068973E0));
#3774=LINE('',#3773,#3772);
#3775=DIRECTION('',(0.E0,-1.E0,0.E0));
#3776=VECTOR('',#3775,5.E-2);
#3777=CARTESIAN_POINT('',(-1.087347137037E0,2.35E0,-3.366233169465E0));
#3778=LINE('',#3777,#3776);
#3779=DIRECTION('',(0.E0,-1.E0,0.E0));
#3780=VECTOR('',#3779,5.E-2);
#3781=CARTESIAN_POINT('',(-2.696554430619E-1,2.35E0,-3.366233169465E0));
#3782=LINE('',#3781,#3780);
#3783=DIRECTION('',(0.E0,-1.E0,0.E0));
#3784=VECTOR('',#3783,5.E-2);
#3785=CARTESIAN_POINT('',(-8.693564840857E-2,2.35E0,-2.997500390031E0));
#3786=LINE('',#3785,#3784);
#3787=DIRECTION('',(0.E0,-1.E0,0.E0));
#3788=VECTOR('',#3787,5.E-2);
#3789=CARTESIAN_POINT('',(-1.431331202154E-2,2.35E0,-3.059132204920E0));
#3790=LINE('',#3789,#3788);
#3791=DIRECTION('',(0.E0,-1.E0,0.E0));
#3792=VECTOR('',#3791,5.E-2);
#3793=CARTESIAN_POINT('',(4.519733167406E-2,2.35E0,-3.366233169465E0));
#3794=LINE('',#3793,#3792);
#3795=DIRECTION('',(0.E0,-1.E0,0.E0));
#3796=VECTOR('',#3795,5.E-2);
#3797=CARTESIAN_POINT('',(1.779635116741E-1,2.35E0,-3.366233169465E0));
#3798=LINE('',#3797,#3796);
#3799=DIRECTION('',(0.E0,-1.E0,0.E0));
#3800=VECTOR('',#3799,5.E-2);
#3801=CARTESIAN_POINT('',(3.687613623274E-2,2.35E0,-2.638160569465E0));
#3802=LINE('',#3801,#3800);
#3803=DIRECTION('',(0.E0,-1.E0,0.E0));
#3804=VECTOR('',#3803,5.E-2);
#3805=CARTESIAN_POINT('',(2.381667962327E-1,2.35E0,-2.638160569465E0));
#3806=LINE('',#3805,#3804);
#3807=DIRECTION('',(0.E0,-1.E0,0.E0));
#3808=VECTOR('',#3807,5.E-2);
#3809=CARTESIAN_POINT('',(5.005296575269E-1,2.35E0,-2.958591229288E0));
#3810=LINE('',#3809,#3808);
#3811=DIRECTION('',(0.E0,-1.E0,0.E0));
#3812=VECTOR('',#3811,5.E-2);
#3813=CARTESIAN_POINT('',(2.262957133086E-1,2.35E0,-3.366233169465E0));
#3814=LINE('',#3813,#3812);
#3815=DIRECTION('',(0.E0,-1.E0,0.E0));
#3816=VECTOR('',#3815,5.E-2);
#3817=CARTESIAN_POINT('',(3.890413533086E-1,2.35E0,-3.366233169465E0));
#3818=LINE('',#3817,#3816);
#3819=DIRECTION('',(0.E0,-1.E0,0.E0));
#3820=VECTOR('',#3819,5.E-2);
#3821=CARTESIAN_POINT('',(5.898705321087E-1,2.35E0,-3.067705588120E0));
#3822=LINE('',#3821,#3820);
#3823=DIRECTION('',(0.E0,-1.E0,0.E0));
#3824=VECTOR('',#3823,5.E-2);
#3825=CARTESIAN_POINT('',(8.342995466741E-1,2.35E0,-3.366233169465E0));
#3826=LINE('',#3825,#3824);
#3827=DIRECTION('',(0.E0,-1.E0,0.E0));
#3828=VECTOR('',#3827,5.E-2);
#3829=CARTESIAN_POINT('',(1.005610746674E0,2.35E0,-3.366233169465E0));
#3830=LINE('',#3829,#3828);
#3831=DIRECTION('',(0.E0,-1.E0,0.E0));
#3832=VECTOR('',#3831,5.E-2);
#3833=CARTESIAN_POINT('',(6.671387062331E-1,2.35E0,-2.952848368297E0));
#3834=LINE('',#3833,#3832);
#3835=DIRECTION('',(0.E0,-1.E0,0.E0));
#3836=VECTOR('',#3835,5.E-2);
#3837=CARTESIAN_POINT('',(9.018887063001E-1,2.35E0,-2.603898329465E0));
#3838=LINE('',#3837,#3836);
#3839=DIRECTION('',(0.E0,-1.E0,0.E0));
#3840=VECTOR('',#3839,5.E-2);
#3841=CARTESIAN_POINT('',(7.391430663001E-1,2.35E0,-2.603898329465E0));
#3842=LINE('',#3841,#3840);
#3843=DIRECTION('',(0.E0,-1.E0,0.E0));
#3844=VECTOR('',#3843,5.E-2);
#3845=CARTESIAN_POINT('',(5.777978316513E-1,2.35E0,-2.843734009465E0));
#3846=LINE('',#3845,#3844);
#3847=DIRECTION('',(0.E0,-1.E0,0.E0));
#3848=VECTOR('',#3847,5.E-2);
#3849=CARTESIAN_POINT('',(3.814246903296E-1,2.35E0,-2.603898329465E0));
#3850=LINE('',#3849,#3848);
#3851=DIRECTION('',(0.E0,-1.E0,0.E0));
#3852=VECTOR('',#3851,5.E-2);
#3853=CARTESIAN_POINT('',(-1.025294496704E-1,2.35E0,-2.603898329465E0));
#3854=LINE('',#3853,#3852);
#3855=DIRECTION('',(0.E0,-1.E0,0.E0));
#3856=VECTOR('',#3855,5.E-2);
#3857=CARTESIAN_POINT('',(-5.477514819300E-2,2.35E0,-2.850331423348E0));
#3858=LINE('',#3857,#3856);
#3859=DIRECTION('',(0.E0,-1.E0,0.E0));
#3860=VECTOR('',#3859,5.E-2);
#3861=CARTESIAN_POINT('',(-3.451535359304E-1,2.35E0,-2.603898329465E0));
#3862=LINE('',#3861,#3860);
#3863=DIRECTION('',(0.E0,-1.E0,0.E0));
#3864=VECTOR('',#3863,5.E-2);
#3865=CARTESIAN_POINT('',(-5.507269759304E-1,2.35E0,-2.603898329465E0));
#3866=LINE('',#3865,#3864);
#3867=DIRECTION('',(0.E0,-1.E0,0.E0));
#3868=VECTOR('',#3867,5.E-2);
#3869=CARTESIAN_POINT('',(-1.912430103417E-1,2.35E0,-2.908978699019E0));
#3870=LINE('',#3869,#3868);
#3871=DIRECTION('',(0.E0,-1.E0,0.E0));
#3872=VECTOR('',#3871,5.E-2);
#3873=CARTESIAN_POINT('',(-4.029724971779E-1,2.35E0,-3.336253709465E0));
#3874=LINE('',#3873,#3872);
#3875=DIRECTION('',(0.E0,-1.E0,0.E0));
#3876=VECTOR('',#3875,5.E-2);
#3877=CARTESIAN_POINT('',(-4.971936571779E-1,2.35E0,-3.336253709465E0));
#3878=LINE('',#3877,#3876);
#3879=DIRECTION('',(0.E0,-1.E0,0.E0));
#3880=VECTOR('',#3879,5.E-2);
#3881=CARTESIAN_POINT('',(-6.391109583572E-1,2.35E0,-2.603898329465E0));
#3882=LINE('',#3881,#3880);
#3883=DIRECTION('',(0.E0,-1.E0,0.E0));
#3884=VECTOR('',#3883,5.E-2);
#3885=CARTESIAN_POINT('',(-7.718771383572E-1,2.35E0,-2.603898329465E0));
#3886=LINE('',#3885,#3884);
#3887=DIRECTION('',(0.E0,-1.E0,0.E0));
#3888=VECTOR('',#3887,5.E-2);
#3889=CARTESIAN_POINT('',(-6.498780548873E-1,2.35E0,-3.233466989465E0));
#3890=LINE('',#3889,#3888);
#3891=DIRECTION('',(0.E0,-1.E0,0.E0));
#3892=VECTOR('',#3891,5.E-2);
#3893=CARTESIAN_POINT('',(-1.009631574887E0,2.35E0,-3.233466989465E0));
#3894=LINE('',#3893,#3892);
#3895=DIRECTION('',(0.E0,-1.E0,0.E0));
#3896=VECTOR('',#3895,5.E-2);
#3897=CARTESIAN_POINT('',(-1.038087913534E0,2.35E0,-3.086619828973E0));
#3898=LINE('',#3897,#3896);
#3899=CARTESIAN_POINT('',(-1.000246839840E0,2.3E0,-3.079286909465E0));
#3900=DIRECTION('',(0.E0,-1.E0,0.E0));
#3901=DIRECTION('',(4.032459276128E-14,0.E0,1.E0));
#3902=AXIS2_PLACEMENT_3D('',#3899,#3900,#3901);
#3904=DIRECTION('',(-1.E0,0.E0,0.E0));
#3905=VECTOR('',#3904,1.777861367535E-1);
#3906=CARTESIAN_POINT('',(-8.224607030866E-1,2.3E0,-3.040741889465E0));
#3907=LINE('',#3906,#3905);
#3908=DIRECTION('',(1.902429809971E-1,0.E0,-9.817370361667E-1));
#3909=VECTOR('',#3908,1.352359899942E-1);
#3910=CARTESIAN_POINT('',(-8.481884009612E-1,2.3E0,-2.907975709465E0));
#3911=LINE('',#3910,#3909);
#3912=DIRECTION('',(1.E0,0.E0,0.E0));
#3913=VECTOR('',#3912,1.785946978266E-1);
#3914=CARTESIAN_POINT('',(-1.026783098788E0,2.3E0,-2.907975709465E0));
#3915=LINE('',#3914,#3913);
#3916=CARTESIAN_POINT('',(-1.026783098788E0,2.3E0,-2.852299569465E0));
#3917=DIRECTION('',(0.E0,-1.E0,0.E0));
#3918=DIRECTION('',(-9.817370361667E-1,0.E0,-1.902429809971E-1));
#3919=AXIS2_PLACEMENT_3D('',#3916,#3917,#3918);
#3921=DIRECTION('',(1.902429809971E-1,0.E0,-9.817370361667E-1));
#3922=VECTOR('',#3921,1.285752194263E-1);
#3923=CARTESIAN_POINT('',(-1.105902960483E0,2.3E0,-2.736664509465E0));
#3924=LINE('',#3923,#3922);
#3925=DIRECTION('',(-1.E0,0.E0,0.E0));
#3926=VECTOR('',#3925,2.245175300058E-1);
#3927=CARTESIAN_POINT('',(-8.813854304768E-1,2.3E0,-2.736664509465E0));
#3928=LINE('',#3927,#3926);
#3929=DIRECTION('',(1.902429809971E-1,0.E0,-9.817370361667E-1));
#3930=VECTOR('',#3929,1.352359899942E-1);
#3931=CARTESIAN_POINT('',(-9.071131283514E-1,2.3E0,-2.603898329465E0));
#3932=LINE('',#3931,#3930);
#3933=DIRECTION('',(1.E0,0.E0,0.E0));
#3934=VECTOR('',#3933,2.610983564675E-1);
#3935=CARTESIAN_POINT('',(-1.168211484819E0,2.3E0,-2.603898329465E0));
#3936=LINE('',#3935,#3934);
#3937=CARTESIAN_POINT('',(-1.168211484819E0,2.3E0,-2.685271149465E0));
#3938=DIRECTION('',(0.E0,1.E0,0.E0));
#3939=DIRECTION('',(-9.817370361667E-1,0.E0,-1.902429809971E-1));
#3940=AXIS2_PLACEMENT_3D('',#3937,#3938,#3939);
#3942=DIRECTION('',(-1.902429809971E-1,0.E0,9.817370361667E-1));
#3943=VECTOR('',#3942,1.734513828473E-1);
#3944=CARTESIAN_POINT('',(-1.215100287819E0,2.3E0,-2.871035403830E0));
#3945=LINE('',#3944,#3943);
#3946=DIRECTION('',(-7.775518085501E-1,0.E0,6.288188809351E-1));
#3947=VECTOR('',#3946,1.609080272604E-1);
#3948=CARTESIAN_POINT('',(-1.089985960213E0,2.3E0,-2.972217409465E0));
#3949=LINE('',#3948,#3947);
#3950=DIRECTION('',(6.067244641119E-1,0.E0,7.949122119128E-1));
#3951=VECTOR('',#3950,1.386856545409E-1);
#3952=CARTESIAN_POINT('',(-1.174129939644E0,2.3E0,-3.082460329877E0));
#3953=LINE('',#3952,#3951);
#3954=DIRECTION('',(-1.902429809971E-1,0.E0,9.817370361667E-1));
#3955=VECTOR('',#3954,2.572590518557E-1);
#3956=CARTESIAN_POINT('',(-1.125188210731E0,2.3E0,-3.335021068973E0));
#3957=LINE('',#3956,#3955);
#3958=CARTESIAN_POINT('',(-1.087347137037E0,2.3E0,-3.327688149465E0));
#3959=DIRECTION('',(0.E0,1.E0,0.E0));
#3960=DIRECTION('',(0.E0,0.E0,-1.E0));
#3961=AXIS2_PLACEMENT_3D('',#3958,#3959,#3960);
#3963=DIRECTION('',(-1.E0,0.E0,0.E0));
#3964=VECTOR('',#3963,8.176916939748E-1);
#3965=CARTESIAN_POINT('',(-2.696554430619E-1,2.3E0,-3.366233169465E0));
#3966=LINE('',#3965,#3964);
#3967=DIRECTION('',(-4.440097461062E-1,0.E0,-8.960219558486E-1));
#3968=VECTOR('',#3967,4.115220358466E-1);
#3969=CARTESIAN_POINT('',(-8.693564840857E-2,2.3E0,-2.997500390031E0));
#3970=LINE('',#3969,#3968);
#3971=DIRECTION('',(-7.624425110114E-1,0.E0,6.470559615695E-1));
#3972=VECTOR('',#3971,9.524958975686E-2);
#3973=CARTESIAN_POINT('',(-1.431331202154E-2,2.3E0,-3.059132204920E0));
#3974=LINE('',#3973,#3972);
#3975=DIRECTION('',(-1.902429809971E-1,0.E0,9.817370361667E-1));
#3976=VECTOR('',#3975,3.128138729939E-1);
#3977=CARTESIAN_POINT('',(4.519733167406E-2,2.3E0,-3.366233169465E0));
#3978=LINE('',#3977,#3976);
#3979=DIRECTION('',(-1.E0,0.E0,0.E0));
#3980=VECTOR('',#3979,1.3276618E-1);
#3981=CARTESIAN_POINT('',(1.779635116741E-1,2.3E0,-3.366233169465E0));
#3982=LINE('',#3981,#3980);
#3983=DIRECTION('',(1.902429809971E-1,0.E0,-9.817370361667E-1));
#3984=VECTOR('',#3983,7.416167193232E-1);
#3985=CARTESIAN_POINT('',(3.687613623274E-2,2.3E0,-2.638160569465E0));
#3986=LINE('',#3985,#3984);
#3987=DIRECTION('',(-1.E0,0.E0,0.E0));
#3988=VECTOR('',#3987,2.0129066E-1);
#3989=CARTESIAN_POINT('',(2.381667962327E-1,2.3E0,-2.638160569465E0));
#3990=LINE('',#3989,#3988);
#3991=DIRECTION('',(-6.335159235754E-1,0.E0,7.737296521243E-1));
#3992=VECTOR('',#3991,4.141377533393E-1);
#3993=CARTESIAN_POINT('',(5.005296575269E-1,2.3E0,-2.958591229288E0));
#3994=LINE('',#3993,#3992);
#3995=DIRECTION('',(5.581796259216E-1,0.E0,8.297201366763E-1));
#3996=VECTOR('',#3995,4.913005267176E-1);
#3997=CARTESIAN_POINT('',(2.262957133086E-1,2.3E0,-3.366233169465E0));
#3998=LINE('',#3997,#3996);
#3999=DIRECTION('',(-1.E0,0.E0,0.E0));
#4000=VECTOR('',#3999,1.6274564E-1);
#4001=CARTESIAN_POINT('',(3.890413533086E-1,2.3E0,-3.366233169465E0));
#4002=LINE('',#4001,#4000);
#4003=DIRECTION('',(-5.581796259216E-1,0.E0,-8.297201366763E-1));
#4004=VECTOR('',#4003,3.597931014923E-1);
#4005=CARTESIAN_POINT('',(5.898705321087E-1,2.3E0,-3.067705588120E0));
#4006=LINE('',#4005,#4004);
#4007=DIRECTION('',(-6.335159235754E-1,0.E0,7.737296521243E-1));
#4008=VECTOR('',#4007,3.858293145749E-1);
#4009=CARTESIAN_POINT('',(8.342995466741E-1,2.3E0,-3.366233169465E0));
#4010=LINE('',#4009,#4008);
#4011=DIRECTION('',(-1.E0,0.E0,0.E0));
#4012=VECTOR('',#4011,1.713112E-1);
#4013=CARTESIAN_POINT('',(1.005610746674E0,2.3E0,-3.366233169465E0));
#4014=LINE('',#4013,#4012);
#4015=DIRECTION('',(6.335159235754E-1,0.E0,-7.737296521243E-1));
#4016=VECTOR('',#4015,5.342755057059E-1);
#4017=CARTESIAN_POINT('',(6.671387062331E-1,2.3E0,-2.952848368297E0));
#4018=LINE('',#4017,#4016);
#4019=DIRECTION('',(-5.581796259215E-1,0.E0,-8.297201366763E-1));
#4020=VECTOR('',#4019,4.205635411350E-1);
#4021=CARTESIAN_POINT('',(9.018887063001E-1,2.3E0,-2.603898329465E0));
#4022=LINE('',#4021,#4020);
#4023=DIRECTION('',(1.E0,0.E0,0.E0));
#4024=VECTOR('',#4023,1.6274564E-1);
#4025=CARTESIAN_POINT('',(7.391430663001E-1,2.3E0,-2.603898329465E0));
#4026=LINE('',#4025,#4024);
#4027=DIRECTION('',(5.581796259215E-1,0.E0,8.297201366763E-1));
#4028=VECTOR('',#4027,2.890561159097E-1);
#4029=CARTESIAN_POINT('',(5.777978316513E-1,2.3E0,-2.843734009465E0));
#4030=LINE('',#4029,#4028);
#4031=DIRECTION('',(6.335159235754E-1,0.E0,-7.737296521243E-1));
#4032=VECTOR('',#4031,3.099734892430E-1);
#4033=CARTESIAN_POINT('',(3.814246903296E-1,2.3E0,-2.603898329465E0));
#4034=LINE('',#4033,#4032);
#4035=DIRECTION('',(1.E0,0.E0,0.E0));
#4036=VECTOR('',#4035,4.8395414E-1);
#4037=CARTESIAN_POINT('',(-1.025294496704E-1,2.3E0,-2.603898329465E0));
#4038=LINE('',#4037,#4036);
#4039=DIRECTION('',(-1.902429809971E-1,0.E0,9.817370361667E-1));
#4040=VECTOR('',#4039,2.510174158705E-1);
#4041=CARTESIAN_POINT('',(-5.477514819300E-2,2.3E0,-2.850331423348E0));
#4042=LINE('',#4041,#4040);
#4043=DIRECTION('',(7.624425110114E-1,0.E0,-6.470559615694E-1));
#4044=VECTOR('',#4043,3.808528296149E-1);
#4045=CARTESIAN_POINT('',(-3.451535359304E-1,2.3E0,-2.603898329465E0));
#4046=LINE('',#4045,#4044);
#4047=DIRECTION('',(1.E0,0.E0,0.E0));
#4048=VECTOR('',#4047,2.0557344E-1);
#4049=CARTESIAN_POINT('',(-5.507269759304E-1,2.3E0,-2.603898329465E0));
#4050=LINE('',#4049,#4048);
#4051=DIRECTION('',(-7.624425110114E-1,0.E0,6.470559615694E-1));
#4052=VECTOR('',#4051,4.714899292693E-1);
#4053=CARTESIAN_POINT('',(-1.912430103417E-1,2.3E0,-2.908978699019E0));
#4054=LINE('',#4053,#4052);
#4055=DIRECTION('',(4.440097461062E-1,0.E0,8.960219558486E-1));
#4056=VECTOR('',#4055,4.768577462387E-1);
#4057=CARTESIAN_POINT('',(-4.029724971779E-1,2.3E0,-3.336253709465E0));
#4058=LINE('',#4057,#4056);
#4059=DIRECTION('',(1.E0,0.E0,0.E0));
#4060=VECTOR('',#4059,9.422116E-2);
#4061=CARTESIAN_POINT('',(-4.971936571779E-1,2.3E0,-3.336253709465E0));
#4062=LINE('',#4061,#4060);
#4063=DIRECTION('',(1.902429809971E-1,0.E0,-9.817370361667E-1));
#4064=VECTOR('',#4063,7.459791706133E-1);
#4065=CARTESIAN_POINT('',(-6.391109583572E-1,2.3E0,-2.603898329465E0));
#4066=LINE('',#4065,#4064);
#4067=DIRECTION('',(1.E0,0.E0,0.E0));
#4068=VECTOR('',#4067,1.3276618E-1);
#4069=CARTESIAN_POINT('',(-7.718771383572E-1,2.3E0,-2.603898329465E0));
#4070=LINE('',#4069,#4068);
#4071=DIRECTION('',(-1.902429809971E-1,0.E0,9.817370361667E-1));
#4072=VECTOR('',#4071,6.412803396500E-1);
#4073=CARTESIAN_POINT('',(-6.498780548873E-1,2.3E0,-3.233466989465E0));
#4074=LINE('',#4073,#4072);
#4075=DIRECTION('',(1.E0,0.E0,0.E0));
#4076=VECTOR('',#4075,3.5975352E-1);
#4077=CARTESIAN_POINT('',(-1.009631574887E0,2.3E0,-3.233466989465E0));
#4078=LINE('',#4077,#4076);
#4079=DIRECTION('',(1.902429809971E-1,0.E0,-9.817370361667E-1));
#4080=VECTOR('',#4079,1.495789148039E-1);
#4081=CARTESIAN_POINT('',(-1.038087913534E0,2.3E0,-3.086619828973E0));
#4082=LINE('',#4081,#4080);
#4083=DIRECTION('',(0.E0,1.E0,0.E0));
#4084=VECTOR('',#4083,6.998589E-1);
#4085=CARTESIAN_POINT('',(3.7E0,1.20531255E0,7.056682522308E-2));
#4086=LINE('',#4085,#4084);
#4087=DIRECTION('',(6.804510993646E-1,0.E0,-7.327934916288E-1));
#4088=VECTOR('',#4087,2.5E-1);
#4089=CARTESIAN_POINT('',(3.829887225159E0,1.70517145E0,6.E-1));
#4090=LINE('',#4089,#4088);
#4091=DIRECTION('',(0.E0,1.E0,0.E0));
#4092=VECTOR('',#4091,2.998589E-1);
#4093=CARTESIAN_POINT('',(4.E0,1.40531255E0,4.168016270928E-1));
#4094=LINE('',#4093,#4092);
#4095=DIRECTION('',(-6.804510993646E-1,0.E0,7.327934916288E-1));
#4096=VECTOR('',#4095,2.5E-1);
#4097=CARTESIAN_POINT('',(4.E0,1.40531255E0,4.168016270928E-1));
#4098=LINE('',#4097,#4096);
#4099=CARTESIAN_POINT('',(-3.7E0,1.086706716908E0,0.E0));
#4100=CARTESIAN_POINT('',(-3.5770566E0,7.776210000001E-1,0.E0));
#4101=VERTEX_POINT('',#4099);
#4102=VERTEX_POINT('',#4100);
#4103=CARTESIAN_POINT('',(3.5770566E0,7.776210000001E-1,0.E0));
#4104=CARTESIAN_POINT('',(3.7E0,1.086706716908E0,0.E0));
#4105=VERTEX_POINT('',#4103);
#4106=VERTEX_POINT('',#4104);
#4107=CARTESIAN_POINT('',(-2.962023014644E0,1.500357088202E-1,-4.8E0));
#4108=CARTESIAN_POINT('',(-2.604916595073E0,0.E0,-4.8E0));
#4109=VERTEX_POINT('',#4107);
#4110=VERTEX_POINT('',#4108);
#4111=CARTESIAN_POINT('',(2.604916595073E0,0.E0,-4.8E0));
#4112=CARTESIAN_POINT('',(2.962023014644E0,1.500357088202E-1,-4.8E0));
#4113=VERTEX_POINT('',#4111);
#4114=VERTEX_POINT('',#4112);
#4115=CARTESIAN_POINT('',(-3.2E0,2.1E0,-4.5E0));
#4116=CARTESIAN_POINT('',(-3.45E0,1.85E0,-4.5E0));
#4117=VERTEX_POINT('',#4115);
#4118=VERTEX_POINT('',#4116);
#4119=CARTESIAN_POINT('',(-3.45E0,1.086706716908E0,-4.5E0));
#4120=VERTEX_POINT('',#4119);
#4121=CARTESIAN_POINT('',(-3.396598624487E0,9.506595070929E-1,-4.5E0));
#4122=VERTEX_POINT('',#4121);
#4123=CARTESIAN_POINT('',(-2.783469804858E0,3.250178544101E-1,-4.5E0));
#4124=VERTEX_POINT('',#4123);
#4125=CARTESIAN_POINT('',(-2.604916595073E0,2.5E-1,-4.5E0));
#4126=VERTEX_POINT('',#4125);
#4127=CARTESIAN_POINT('',(2.604916595073E0,2.5E-1,-4.5E0));
#4128=VERTEX_POINT('',#4127);
#4129=CARTESIAN_POINT('',(2.783469804858E0,3.250178544101E-1,-4.5E0));
#4130=VERTEX_POINT('',#4129);
#4131=CARTESIAN_POINT('',(3.396598624487E0,9.506595070929E-1,-4.5E0));
#4132=VERTEX_POINT('',#4131);
#4133=CARTESIAN_POINT('',(3.45E0,1.086706716908E0,-4.5E0));
#4134=VERTEX_POINT('',#4133);
#4135=CARTESIAN_POINT('',(3.45E0,1.85E0,-4.5E0));
#4136=VERTEX_POINT('',#4135);
#4137=CARTESIAN_POINT('',(3.2E0,2.1E0,-4.5E0));
#4138=VERTEX_POINT('',#4137);
#4139=CARTESIAN_POINT('',(-3.45E0,1.086706716908E0,0.E0));
#4140=CARTESIAN_POINT('',(-3.396598624487E0,9.506595070929E-1,0.E0));
#4141=VERTEX_POINT('',#4139);
#4142=VERTEX_POINT('',#4140);
#4143=CARTESIAN_POINT('',(-2.783469804858E0,3.250178544101E-1,0.E0));
#4144=VERTEX_POINT('',#4143);
#4145=CARTESIAN_POINT('',(2.783469804858E0,3.250178544101E-1,0.E0));
#4146=CARTESIAN_POINT('',(3.396598624487E0,9.506595070929E-1,0.E0));
#4147=VERTEX_POINT('',#4145);
#4148=VERTEX_POINT('',#4146);
#4149=CARTESIAN_POINT('',(3.45E0,1.086706716908E0,0.E0));
#4150=VERTEX_POINT('',#4149);
#4151=CARTESIAN_POINT('',(-3.2E0,2.1E0,0.E0));
#4152=VERTEX_POINT('',#4151);
#4153=CARTESIAN_POINT('',(3.2E0,2.1E0,0.E0));
#4154=VERTEX_POINT('',#4153);
#4155=CARTESIAN_POINT('',(-3.1E0,2.299999999999E0,4.370233825220E-1));
#4156=CARTESIAN_POINT('',(-3.1E0,2.1E0,3.702338252263E-2));
#4157=VERTEX_POINT('',#4155);
#4158=VERTEX_POINT('',#4156);
#4159=CARTESIAN_POINT('',(-3.1E0,2.35E0,6.192200917889E-3));
#4160=CARTESIAN_POINT('',(-3.1E0,2.434594590729E0,1.936516647598E-1));
#4161=VERTEX_POINT('',#4159);
#4162=VERTEX_POINT('',#4160);
#4163=CARTESIAN_POINT('',(3.1E0,2.299999999999E0,4.370233825220E-1));
#4164=CARTESIAN_POINT('',(3.1E0,2.1E0,3.702338252263E-2));
#4165=VERTEX_POINT('',#4163);
#4166=VERTEX_POINT('',#4164);
#4167=CARTESIAN_POINT('',(3.1E0,2.35E0,6.192200917889E-3));
#4168=CARTESIAN_POINT('',(3.1E0,2.434594590729E0,1.936516647598E-1));
#4169=VERTEX_POINT('',#4167);
#4170=VERTEX_POINT('',#4168);
#4171=CARTESIAN_POINT('',(-3.1E0,2.1E0,0.E0));
#4172=CARTESIAN_POINT('',(-3.1E0,2.35E0,0.E0));
#4173=VERTEX_POINT('',#4171);
#4174=VERTEX_POINT('',#4172);
#4175=CARTESIAN_POINT('',(3.1E0,2.1E0,0.E0));
#4176=CARTESIAN_POINT('',(3.1E0,2.35E0,0.E0));
#4177=VERTEX_POINT('',#4175);
#4178=VERTEX_POINT('',#4176);
#4179=CARTESIAN_POINT('',(3.2E0,2.35E0,0.E0));
#4180=VERTEX_POINT('',#4179);
#4181=CARTESIAN_POINT('',(-3.2E0,2.35E0,0.E0));
#4182=VERTEX_POINT('',#4181);
#4183=CARTESIAN_POINT('',(2.6E0,0.E0,1.737041707837E-2));
#4184=CARTESIAN_POINT('',(2.6E0,0.E0,0.E0));
#4185=VERTEX_POINT('',#4183);
#4186=VERTEX_POINT('',#4184);
#4187=CARTESIAN_POINT('',(2.604916595073E0,0.E0,0.E0));
#4188=VERTEX_POINT('',#4187);
#4189=CARTESIAN_POINT('',(2.962023014644E0,1.500357088202E-1,0.E0));
#4190=VERTEX_POINT('',#4189);
#4191=CARTESIAN_POINT('',(2.6E0,2.5E-1,1.737041707837E-2));
#4192=CARTESIAN_POINT('',(2.6E0,2.5E-1,0.E0));
#4193=VERTEX_POINT('',#4191);
#4194=VERTEX_POINT('',#4192);
#4195=CARTESIAN_POINT('',(2.604916595073E0,2.5E-1,0.E0));
#4196=VERTEX_POINT('',#4195);
#4197=CARTESIAN_POINT('',(2.6E0,-8.459459072878E-2,2.048298809201E-1));
#4198=VERTEX_POINT('',#4197);
#4199=CARTESIAN_POINT('',(2.6E0,8.081081854244E-2,3.922893447618E-1));
#4200=VERTEX_POINT('',#4199);
#4201=CARTESIAN_POINT('',(-2.962023014644E0,1.500357088202E-1,0.E0));
#4202=CARTESIAN_POINT('',(-2.604916595073E0,0.E0,0.E0));
#4203=VERTEX_POINT('',#4201);
#4204=VERTEX_POINT('',#4202);
#4205=CARTESIAN_POINT('',(-2.6E0,0.E0,1.737041707837E-2));
#4206=CARTESIAN_POINT('',(-2.6E0,0.E0,0.E0));
#4207=VERTEX_POINT('',#4205);
#4208=VERTEX_POINT('',#4206);
#4209=CARTESIAN_POINT('',(-2.6E0,2.5E-1,1.737041707837E-2));
#4210=CARTESIAN_POINT('',(-2.6E0,2.5E-1,0.E0));
#4211=VERTEX_POINT('',#4209);
#4212=VERTEX_POINT('',#4210);
#4213=CARTESIAN_POINT('',(-2.604916595073E0,2.5E-1,0.E0));
#4214=VERTEX_POINT('',#4213);
#4215=CARTESIAN_POINT('',(-2.6E0,-8.459459072878E-2,2.048298809201E-1));
#4216=VERTEX_POINT('',#4215);
#4217=CARTESIAN_POINT('',(-2.6E0,8.081081854244E-2,3.922893447618E-1));
#4218=VERTEX_POINT('',#4217);
#4219=VERTEX_POINT('',#993);
#4220=VERTEX_POINT('',#999);
#4221=CARTESIAN_POINT('',(-2.9E0,2.517302156636E0,6.E-1));
#4222=VERTEX_POINT('',#4221);
#4223=VERTEX_POINT('',#1053);
#4224=VERTEX_POINT('',#1059);
#4225=VERTEX_POINT('',#1065);
#4226=CARTESIAN_POINT('',(2.9E0,2.68E0,4.101858494091E-1));
#4227=VERTEX_POINT('',#4226);
#4228=VERTEX_POINT('',#1011);
#4229=CARTESIAN_POINT('',(2.4E0,-1.545945907288E-1,6.E-1));
#4230=CARTESIAN_POINT('',(2.6E0,-4.627019655415E-3,4.676756725830E-1));
#4231=VERTEX_POINT('',#4229);
#4232=VERTEX_POINT('',#4230);
#4233=CARTESIAN_POINT('',(2.6E0,-1.700324289266E-1,2.802162087413E-1));
#4234=VERTEX_POINT('',#4233);
#4235=CARTESIAN_POINT('',(2.4E0,-3.2E-1,4.125405361583E-1));
#4236=VERTEX_POINT('',#4235);
#4237=CARTESIAN_POINT('',(-2.4E0,-3.2E-1,4.125405361583E-1));
#4238=CARTESIAN_POINT('',(-2.6E0,-1.700324289266E-1,2.802162087413E-1));
#4239=VERTEX_POINT('',#4237);
#4240=VERTEX_POINT('',#4238);
#4241=CARTESIAN_POINT('',(-2.6E0,-4.627019655413E-3,4.676756725830E-1));
#4242=VERTEX_POINT('',#4241);
#4243=CARTESIAN_POINT('',(-2.4E0,-1.545945907288E-1,6.E-1));
#4244=VERTEX_POINT('',#4243);
#4245=CARTESIAN_POINT('',(1.69780585E0,1.28307465E0,-4.5E0));
#4246=CARTESIAN_POINT('',(1.69780585E0,1.684845499999E0,-4.5E0));
#4247=VERTEX_POINT('',#4245);
#4248=VERTEX_POINT('',#4246);
#4249=CARTESIAN_POINT('',(1.59412305E0,1.788528299999E0,-4.5E0));
#4250=VERTEX_POINT('',#4249);
#4251=CARTESIAN_POINT('',(-1.6070834E0,1.788528299999E0,-4.5E0));
#4252=VERTEX_POINT('',#4251);
#4253=CARTESIAN_POINT('',(-1.7107662E0,1.684845499999E0,-4.5E0));
#4254=VERTEX_POINT('',#4253);
#4255=CARTESIAN_POINT('',(-1.7107662E0,1.28307465E0,-4.5E0));
#4256=VERTEX_POINT('',#4255);
#4257=CARTESIAN_POINT('',(-1.6070834E0,1.17939185E0,-4.5E0));
#4258=VERTEX_POINT('',#4257);
#4259=CARTESIAN_POINT('',(-1.5034006E0,1.17939185E0,-4.5E0));
#4260=VERTEX_POINT('',#4259);
#4261=CARTESIAN_POINT('',(-1.5034006E0,1.33491605E0,-4.5E0));
#4262=VERTEX_POINT('',#4261);
#4263=CARTESIAN_POINT('',(-1.10162975E0,1.33491605E0,-4.5E0));
#4264=VERTEX_POINT('',#4263);
#4265=CARTESIAN_POINT('',(-1.10162975E0,1.17939185E0,-4.5E0));
#4266=VERTEX_POINT('',#4265);
#4267=CARTESIAN_POINT('',(-8.553831000002E-1,1.17939185E0,-4.5E0));
#4268=VERTEX_POINT('',#4267);
#4269=CARTESIAN_POINT('',(-8.553831000002E-1,1.33491605E0,-4.5E0));
#4270=VERTEX_POINT('',#4269);
#4271=CARTESIAN_POINT('',(-4.536122500001E-1,1.33491605E0,-4.5E0));
#4272=VERTEX_POINT('',#4271);
#4273=CARTESIAN_POINT('',(-4.536122500001E-1,1.17939185E0,-4.5E0));
#4274=VERTEX_POINT('',#4273);
#4275=CARTESIAN_POINT('',(-2.073656E-1,1.17939185E0,-4.5E0));
#4276=VERTEX_POINT('',#4275);
#4277=CARTESIAN_POINT('',(-2.073656E-1,1.33491605E0,-4.5E0));
#4278=VERTEX_POINT('',#4277);
#4279=CARTESIAN_POINT('',(1.9440525E-1,1.33491605E0,-4.5E0));
#4280=VERTEX_POINT('',#4279);
#4281=CARTESIAN_POINT('',(1.9440525E-1,1.17939185E0,-4.5E0));
#4282=VERTEX_POINT('',#4281);
#4283=CARTESIAN_POINT('',(4.406518999999E-1,1.17939185E0,-4.5E0));
#4284=VERTEX_POINT('',#4283);
#4285=CARTESIAN_POINT('',(4.406518999999E-1,1.33491605E0,-4.5E0));
#4286=VERTEX_POINT('',#4285);
#4287=CARTESIAN_POINT('',(8.4242275E-1,1.33491605E0,-4.5E0));
#4288=VERTEX_POINT('',#4287);
#4289=CARTESIAN_POINT('',(8.4242275E-1,1.17939185E0,-4.5E0));
#4290=VERTEX_POINT('',#4289);
#4291=CARTESIAN_POINT('',(1.0886694E0,1.17939185E0,-4.5E0));
#4292=VERTEX_POINT('',#4291);
#4293=CARTESIAN_POINT('',(1.0886694E0,1.33491605E0,-4.5E0));
#4294=VERTEX_POINT('',#4293);
#4295=CARTESIAN_POINT('',(1.5034006E0,1.33491605E0,-4.5E0));
#4296=VERTEX_POINT('',#4295);
#4297=CARTESIAN_POINT('',(1.5034006E0,1.17939185E0,-4.5E0));
#4298=VERTEX_POINT('',#4297);
#4299=CARTESIAN_POINT('',(1.59412305E0,1.17939185E0,-4.5E0));
#4300=VERTEX_POINT('',#4299);
#4301=CARTESIAN_POINT('',(-1.5034006E0,1.33491605E0,-1.E0));
#4302=CARTESIAN_POINT('',(-1.10162975E0,1.33491605E0,-1.E0));
#4303=VERTEX_POINT('',#4301);
#4304=VERTEX_POINT('',#4302);
#4305=CARTESIAN_POINT('',(-1.10162975E0,1.17939185E0,-1.E0));
#4306=VERTEX_POINT('',#4305);
#4307=CARTESIAN_POINT('',(-8.553831000002E-1,1.17939185E0,-1.E0));
#4308=VERTEX_POINT('',#4307);
#4309=CARTESIAN_POINT('',(-8.553831000002E-1,1.33491605E0,-1.E0));
#4310=VERTEX_POINT('',#4309);
#4311=CARTESIAN_POINT('',(-4.536122500001E-1,1.33491605E0,-1.E0));
#4312=VERTEX_POINT('',#4311);
#4313=CARTESIAN_POINT('',(-4.536122500001E-1,1.17939185E0,-1.E0));
#4314=VERTEX_POINT('',#4313);
#4315=CARTESIAN_POINT('',(-2.073656E-1,1.17939185E0,-1.E0));
#4316=VERTEX_POINT('',#4315);
#4317=CARTESIAN_POINT('',(-2.073656E-1,1.33491605E0,-1.E0));
#4318=VERTEX_POINT('',#4317);
#4319=CARTESIAN_POINT('',(1.9440525E-1,1.33491605E0,-1.E0));
#4320=VERTEX_POINT('',#4319);
#4321=CARTESIAN_POINT('',(1.9440525E-1,1.17939185E0,-1.E0));
#4322=VERTEX_POINT('',#4321);
#4323=CARTESIAN_POINT('',(4.406518999999E-1,1.17939185E0,-1.E0));
#4324=VERTEX_POINT('',#4323);
#4325=CARTESIAN_POINT('',(4.406518999999E-1,1.33491605E0,-1.E0));
#4326=VERTEX_POINT('',#4325);
#4327=CARTESIAN_POINT('',(8.4242275E-1,1.33491605E0,-1.E0));
#4328=VERTEX_POINT('',#4327);
#4329=CARTESIAN_POINT('',(8.4242275E-1,1.17939185E0,-1.E0));
#4330=VERTEX_POINT('',#4329);
#4331=CARTESIAN_POINT('',(1.0886694E0,1.17939185E0,-1.E0));
#4332=VERTEX_POINT('',#4331);
#4333=CARTESIAN_POINT('',(1.0886694E0,1.33491605E0,-1.E0));
#4334=VERTEX_POINT('',#4333);
#4335=CARTESIAN_POINT('',(1.5034006E0,1.33491605E0,-1.E0));
#4336=VERTEX_POINT('',#4335);
#4337=CARTESIAN_POINT('',(-1.5034006E0,1.27939185E0,-1.E0));
#4338=CARTESIAN_POINT('',(-1.5034006E0,1.17939185E0,-1.1E0));
#4339=VERTEX_POINT('',#4337);
#4340=VERTEX_POINT('',#4338);
#4341=CARTESIAN_POINT('',(-1.607083400315E0,1.17939185E0,-1.1E0));
#4342=VERTEX_POINT('',#4341);
#4343=CARTESIAN_POINT('',(-1.6070834E0,1.27939185E0,-1.E0));
#4344=VERTEX_POINT('',#4343);
#4345=CARTESIAN_POINT('',(-1.6107662E0,1.28307465E0,-1.E0));
#4346=VERTEX_POINT('',#4345);
#4347=CARTESIAN_POINT('',(-1.7107662E0,1.28307465E0,-1.1E0));
#4348=VERTEX_POINT('',#4347);
#4349=CARTESIAN_POINT('',(-1.6107662E0,1.684845499999E0,-1.E0));
#4350=VERTEX_POINT('',#4349);
#4351=CARTESIAN_POINT('',(-1.7107662E0,1.684845500314E0,-1.1E0));
#4352=VERTEX_POINT('',#4351);
#4353=CARTESIAN_POINT('',(-1.6070834E0,1.688528299999E0,-1.E0));
#4354=VERTEX_POINT('',#4353);
#4355=CARTESIAN_POINT('',(-1.6070834E0,1.788528299999E0,-1.1E0));
#4356=VERTEX_POINT('',#4355);
#4357=CARTESIAN_POINT('',(1.59412305E0,1.688528299999E0,-1.E0));
#4358=VERTEX_POINT('',#4357);
#4359=CARTESIAN_POINT('',(1.594123050315E0,1.788528299999E0,-1.1E0));
#4360=VERTEX_POINT('',#4359);
#4361=CARTESIAN_POINT('',(1.59780585E0,1.684845499999E0,-1.E0));
#4362=VERTEX_POINT('',#4361);
#4363=CARTESIAN_POINT('',(1.69780585E0,1.684845499999E0,-1.1E0));
#4364=VERTEX_POINT('',#4363);
#4365=CARTESIAN_POINT('',(1.59780585E0,1.28307465E0,-1.E0));
#4366=VERTEX_POINT('',#4365);
#4367=CARTESIAN_POINT('',(1.69780585E0,1.283074649685E0,-1.1E0));
#4368=VERTEX_POINT('',#4367);
#4369=CARTESIAN_POINT('',(1.59412305E0,1.27939185E0,-1.E0));
#4370=VERTEX_POINT('',#4369);
#4371=CARTESIAN_POINT('',(1.59412305E0,1.17939185E0,-1.1E0));
#4372=VERTEX_POINT('',#4371);
#4373=CARTESIAN_POINT('',(1.5034006E0,1.17939185E0,-1.1E0));
#4374=CARTESIAN_POINT('',(1.5034006E0,1.27939185E0,-1.E0));
#4375=VERTEX_POINT('',#4373);
#4376=VERTEX_POINT('',#4374);
#4377=CARTESIAN_POINT('',(3.574902140835E0,1.20531255E0,3.584351832712E-1));
#4378=CARTESIAN_POINT('',(3.45E0,1.20531255E0,6.805410970947E-2));
#4379=VERTEX_POINT('',#4377);
#4380=VERTEX_POINT('',#4378);
#4381=CARTESIAN_POINT('',(3.7E0,1.20531255E0,7.056682522308E-2));
#4382=CARTESIAN_POINT('',(3.747408830668E0,1.20531255E0,1.799974058441E-1));
#4383=VERTEX_POINT('',#4381);
#4384=VERTEX_POINT('',#4382);
#4385=CARTESIAN_POINT('',(-3.747408830668E0,1.20531255E0,1.799974058441E-1));
#4386=CARTESIAN_POINT('',(-3.7E0,1.20531255E0,7.056682522308E-2));
#4387=VERTEX_POINT('',#4385);
#4388=VERTEX_POINT('',#4386);
#4389=CARTESIAN_POINT('',(-3.45E0,1.20531255E0,6.805410970947E-2));
#4390=CARTESIAN_POINT('',(-3.574902140835E0,1.20531255E0,3.584351832712E-1));
#4391=VERTEX_POINT('',#4389);
#4392=VERTEX_POINT('',#4390);
#4393=CARTESIAN_POINT('',(3.574902140835E0,1.90517145E0,3.584351832712E-1));
#4394=CARTESIAN_POINT('',(3.45E0,1.90517145E0,6.805410970947E-2));
#4395=VERTEX_POINT('',#4393);
#4396=VERTEX_POINT('',#4394);
#4397=CARTESIAN_POINT('',(3.7E0,1.90517145E0,-9.879320080019E-2));
#4398=CARTESIAN_POINT('',(3.7E0,1.90517145E0,7.056682522308E-2));
#4399=VERTEX_POINT('',#4397);
#4400=VERTEX_POINT('',#4398);
#4401=CARTESIAN_POINT('',(3.747408830668E0,1.90517145E0,1.799974058441E-1));
#4402=VERTEX_POINT('',#4401);
#4403=CARTESIAN_POINT('',(-3.747408830668E0,1.90517145E0,1.799974058441E-1));
#4404=CARTESIAN_POINT('',(-3.7E0,1.90517145E0,7.056682522308E-2));
#4405=VERTEX_POINT('',#4403);
#4406=VERTEX_POINT('',#4404);
#4407=CARTESIAN_POINT('',(-3.7E0,1.90517145E0,-9.879320080019E-2));
#4408=VERTEX_POINT('',#4407);
#4409=CARTESIAN_POINT('',(-3.45E0,1.90517145E0,6.805410970947E-2));
#4410=CARTESIAN_POINT('',(-3.574902140835E0,1.90517145E0,3.584351832712E-1));
#4411=VERTEX_POINT('',#4409);
#4412=VERTEX_POINT('',#4410);
#4413=CARTESIAN_POINT('',(-3.7E0,1.20531255E0,0.E0));
#4414=CARTESIAN_POINT('',(-3.45E0,1.20531255E0,0.E0));
#4415=VERTEX_POINT('',#4413);
#4416=VERTEX_POINT('',#4414);
#4417=CARTESIAN_POINT('',(3.45E0,1.20531255E0,0.E0));
#4418=CARTESIAN_POINT('',(3.7E0,1.20531255E0,0.E0));
#4419=VERTEX_POINT('',#4417);
#4420=VERTEX_POINT('',#4418);
#4421=CARTESIAN_POINT('',(-3.696946789008E0,1.90517145E0,0.E0));
#4422=CARTESIAN_POINT('',(-3.45E0,1.90517145E0,0.E0));
#4423=VERTEX_POINT('',#4421);
#4424=VERTEX_POINT('',#4422);
#4425=CARTESIAN_POINT('',(3.45E0,1.90517145E0,0.E0));
#4426=CARTESIAN_POINT('',(3.696946789008E0,1.90517145E0,0.E0));
#4427=VERTEX_POINT('',#4425);
#4428=VERTEX_POINT('',#4426);
#4429=CARTESIAN_POINT('',(-3.45E0,1.85E0,0.E0));
#4430=VERTEX_POINT('',#4429);
#4431=CARTESIAN_POINT('',(3.45E0,1.85E0,0.E0));
#4432=VERTEX_POINT('',#4431);
#4433=VERTEX_POINT('',#211);
#4434=VERTEX_POINT('',#217);
#4435=CARTESIAN_POINT('',(3.829887225159E0,1.70517145E0,6.E-1));
#4436=VERTEX_POINT('',#4435);
#4437=VERTEX_POINT('',#197);
#4438=VERTEX_POINT('',#203);
#4439=VERTEX_POINT('',#209);
#4440=CARTESIAN_POINT('',(4.E0,1.40531255E0,4.168016270928E-1));
#4441=VERTEX_POINT('',#4440);
#4442=VERTEX_POINT('',#229);
#4443=VERTEX_POINT('',#3146);
#4444=VERTEX_POINT('',#3152);
#4445=CARTESIAN_POINT('',(-4.E0,1.70517145E0,4.168016270928E-1));
#4446=VERTEX_POINT('',#4445);
#4447=VERTEX_POINT('',#3132);
#4448=VERTEX_POINT('',#3138);
#4449=VERTEX_POINT('',#3144);
#4450=CARTESIAN_POINT('',(-3.829887225159E0,1.40531255E0,6.E-1));
#4451=VERTEX_POINT('',#4450);
#4452=VERTEX_POINT('',#3164);
#4453=CARTESIAN_POINT('',(-3.5770566E0,7.776210000001E-1,-3.05E0));
#4454=CARTESIAN_POINT('',(-2.962023014644E0,1.500357088202E-1,-3.05E0));
#4455=VERTEX_POINT('',#4453);
#4456=VERTEX_POINT('',#4454);
#4457=CARTESIAN_POINT('',(-3.5770566E0,7.776210000001E-1,-9.5E-1));
#4458=CARTESIAN_POINT('',(-2.962023014644E0,1.500357088202E-1,-9.5E-1));
#4459=VERTEX_POINT('',#4457);
#4460=VERTEX_POINT('',#4458);
#4461=CARTESIAN_POINT('',(-2.604916595073E0,0.E0,-3.05E0));
#4462=VERTEX_POINT('',#4461);
#4463=CARTESIAN_POINT('',(-2.604916595073E0,0.E0,-9.5E-1));
#4464=VERTEX_POINT('',#4463);
#4465=CARTESIAN_POINT('',(-3.396598624487E0,9.506595070929E-1,-3.05E0));
#4466=CARTESIAN_POINT('',(-2.783469804858E0,3.250178544101E-1,-3.05E0));
#4467=VERTEX_POINT('',#4465);
#4468=VERTEX_POINT('',#4466);
#4469=CARTESIAN_POINT('',(-3.396598624487E0,9.506595070929E-1,-9.5E-1));
#4470=CARTESIAN_POINT('',(-2.783469804858E0,3.250178544101E-1,-9.5E-1));
#4471=VERTEX_POINT('',#4469);
#4472=VERTEX_POINT('',#4470);
#4473=CARTESIAN_POINT('',(-2.604916595073E0,2.5E-1,-3.05E0));
#4474=VERTEX_POINT('',#4473);
#4475=CARTESIAN_POINT('',(-2.604916595073E0,2.5E-1,-9.5E-1));
#4476=VERTEX_POINT('',#4475);
#4477=CARTESIAN_POINT('',(3.5770566E0,7.776210000001E-1,-9.5E-1));
#4478=VERTEX_POINT('',#4477);
#4479=CARTESIAN_POINT('',(2.783469804858E0,3.250178544101E-1,-9.5E-1));
#4480=VERTEX_POINT('',#4479);
#4481=CARTESIAN_POINT('',(2.783469804858E0,3.250178544101E-1,-3.05E0));
#4482=VERTEX_POINT('',#4481);
#4483=CARTESIAN_POINT('',(3.396598624487E0,9.506595070929E-1,-9.5E-1));
#4484=VERTEX_POINT('',#4483);
#4485=CARTESIAN_POINT('',(3.396598624487E0,9.506595070929E-1,-3.05E0));
#4486=VERTEX_POINT('',#4485);
#4487=CARTESIAN_POINT('',(2.604916595073E0,0.E0,-9.5E-1));
#4488=VERTEX_POINT('',#4487);
#4489=CARTESIAN_POINT('',(2.604916595073E0,0.E0,-3.05E0));
#4490=VERTEX_POINT('',#4489);
#4491=CARTESIAN_POINT('',(2.962023014644E0,1.500357088202E-1,-9.5E-1));
#4492=VERTEX_POINT('',#4491);
#4493=CARTESIAN_POINT('',(2.962023014644E0,1.500357088202E-1,-3.05E0));
#4494=VERTEX_POINT('',#4493);
#4495=CARTESIAN_POINT('',(2.604916595073E0,2.5E-1,-9.5E-1));
#4496=VERTEX_POINT('',#4495);
#4497=CARTESIAN_POINT('',(2.604916595073E0,2.5E-1,-3.05E0));
#4498=VERTEX_POINT('',#4497);
#4499=CARTESIAN_POINT('',(3.5770566E0,7.776210000001E-1,-3.05E0));
#4500=VERTEX_POINT('',#4499);
#4501=CARTESIAN_POINT('',(-7.5E-1,0.E0,-9.5E-1));
#4502=CARTESIAN_POINT('',(-7.5E-1,2.5E-1,-9.5E-1));
#4503=VERTEX_POINT('',#4501);
#4504=VERTEX_POINT('',#4502);
#4505=CARTESIAN_POINT('',(-6.E-1,0.E0,-1.1E0));
#4506=CARTESIAN_POINT('',(-6.E-1,2.5E-1,-1.1E0));
#4507=VERTEX_POINT('',#4505);
#4508=VERTEX_POINT('',#4506);
#4509=CARTESIAN_POINT('',(-6.E-1,0.E0,-2.9E0));
#4510=CARTESIAN_POINT('',(-6.E-1,2.5E-1,-2.9E0));
#4511=VERTEX_POINT('',#4509);
#4512=VERTEX_POINT('',#4510);
#4513=CARTESIAN_POINT('',(-7.5E-1,0.E0,-3.05E0));
#4514=CARTESIAN_POINT('',(-7.5E-1,2.5E-1,-3.05E0));
#4515=VERTEX_POINT('',#4513);
#4516=VERTEX_POINT('',#4514);
#4517=CARTESIAN_POINT('',(6.E-1,0.E0,-1.1E0));
#4518=CARTESIAN_POINT('',(6.E-1,2.5E-1,-1.1E0));
#4519=VERTEX_POINT('',#4517);
#4520=VERTEX_POINT('',#4518);
#4521=CARTESIAN_POINT('',(7.5E-1,0.E0,-9.5E-1));
#4522=CARTESIAN_POINT('',(7.5E-1,2.5E-1,-9.5E-1));
#4523=VERTEX_POINT('',#4521);
#4524=VERTEX_POINT('',#4522);
#4525=CARTESIAN_POINT('',(7.5E-1,0.E0,-3.05E0));
#4526=CARTESIAN_POINT('',(7.5E-1,2.5E-1,-3.05E0));
#4527=VERTEX_POINT('',#4525);
#4528=VERTEX_POINT('',#4526);
#4529=CARTESIAN_POINT('',(6.E-1,0.E0,-2.9E0));
#4530=CARTESIAN_POINT('',(6.E-1,2.5E-1,-2.9E0));
#4531=VERTEX_POINT('',#4529);
#4532=VERTEX_POINT('',#4530);
#4533=CARTESIAN_POINT('',(-2.7E0,2.35E0,-2.25E0));
#4534=CARTESIAN_POINT('',(-2.7E0,2.1E0,-2.25E0));
#4535=VERTEX_POINT('',#4533);
#4536=VERTEX_POINT('',#4534);
#4537=CARTESIAN_POINT('',(-2.55E0,2.35E0,-2.4E0));
#4538=CARTESIAN_POINT('',(-2.55E0,2.1E0,-2.4E0));
#4539=VERTEX_POINT('',#4537);
#4540=VERTEX_POINT('',#4538);
#4541=CARTESIAN_POINT('',(-2.2E0,2.35E0,-2.4E0));
#4542=CARTESIAN_POINT('',(-2.2E0,2.1E0,-2.4E0));
#4543=VERTEX_POINT('',#4541);
#4544=VERTEX_POINT('',#4542);
#4545=CARTESIAN_POINT('',(-2.05E0,2.35E0,-2.25E0));
#4546=CARTESIAN_POINT('',(-2.05E0,2.1E0,-2.25E0));
#4547=VERTEX_POINT('',#4545);
#4548=VERTEX_POINT('',#4546);
#4549=CARTESIAN_POINT('',(2.55E0,2.35E0,-2.4E0));
#4550=CARTESIAN_POINT('',(2.55E0,2.1E0,-2.4E0));
#4551=VERTEX_POINT('',#4549);
#4552=VERTEX_POINT('',#4550);
#4553=CARTESIAN_POINT('',(2.7E0,2.35E0,-2.25E0));
#4554=CARTESIAN_POINT('',(2.7E0,2.1E0,-2.25E0));
#4555=VERTEX_POINT('',#4553);
#4556=VERTEX_POINT('',#4554);
#4557=CARTESIAN_POINT('',(2.05E0,2.35E0,-2.25E0));
#4558=CARTESIAN_POINT('',(2.05E0,2.1E0,-2.25E0));
#4559=VERTEX_POINT('',#4557);
#4560=VERTEX_POINT('',#4558);
#4561=CARTESIAN_POINT('',(2.2E0,2.35E0,-2.4E0));
#4562=CARTESIAN_POINT('',(2.2E0,2.1E0,-2.4E0));
#4563=VERTEX_POINT('',#4561);
#4564=VERTEX_POINT('',#4562);
#4565=CARTESIAN_POINT('',(1.175E0,-7.E-2,-5.29E0));
#4566=CARTESIAN_POINT('',(1.425E0,-7.E-2,-5.29E0));
#4567=VERTEX_POINT('',#4565);
#4568=VERTEX_POINT('',#4566);
#4569=CARTESIAN_POINT('',(1.175E0,8.E-2,-5.29E0));
#4570=CARTESIAN_POINT('',(1.425E0,8.E-2,-5.29E0));
#4571=VERTEX_POINT('',#4569);
#4572=VERTEX_POINT('',#4570);
#4573=CARTESIAN_POINT('',(-3.7E0,-1.8E0,-2.43E0));
#4574=CARTESIAN_POINT('',(-3.7E0,-1.8E0,-1.93E0));
#4575=VERTEX_POINT('',#4573);
#4576=VERTEX_POINT('',#4574);
#4577=CARTESIAN_POINT('',(-3.45E0,-1.8E0,-2.43E0));
#4578=CARTESIAN_POINT('',(-3.45E0,-1.8E0,-1.93E0));
#4579=VERTEX_POINT('',#4577);
#4580=VERTEX_POINT('',#4578);
#4581=CARTESIAN_POINT('',(-3.7E0,1.1E0,-1.1E0));
#4582=CARTESIAN_POINT('',(-3.7E0,1.086706716908E0,-1.038264487106E0));
#4583=VERTEX_POINT('',#4581);
#4584=VERTEX_POINT('',#4582);
#4585=CARTESIAN_POINT('',(-3.45E0,9.5E-1,-9.5E-1));
#4586=CARTESIAN_POINT('',(-3.45E0,1.1E0,-1.1E0));
#4587=VERTEX_POINT('',#4585);
#4588=VERTEX_POINT('',#4586);
#4589=CARTESIAN_POINT('',(-3.45E0,1.1E0,-2.9E0));
#4590=CARTESIAN_POINT('',(-3.45E0,9.5E-1,-3.05E0));
#4591=VERTEX_POINT('',#4589);
#4592=VERTEX_POINT('',#4590);
#4593=VERTEX_POINT('',#2514);
#4594=VERTEX_POINT('',#2520);
#4595=CARTESIAN_POINT('',(-3.7E0,1.1E0,-2.9E0));
#4596=VERTEX_POINT('',#4595);
#4597=CARTESIAN_POINT('',(-3.45E0,1.1E0,-1.18E0));
#4598=CARTESIAN_POINT('',(-3.45E0,9.5E-1,-1.33E0));
#4599=VERTEX_POINT('',#4597);
#4600=VERTEX_POINT('',#4598);
#4601=CARTESIAN_POINT('',(-3.7E0,9.5E-1,-1.33E0));
#4602=CARTESIAN_POINT('',(-3.7E0,1.1E0,-1.18E0));
#4603=VERTEX_POINT('',#4601);
#4604=VERTEX_POINT('',#4602);
#4605=CARTESIAN_POINT('',(-3.45E0,9.5E-1,-2.63E0));
#4606=CARTESIAN_POINT('',(-3.45E0,1.1E0,-2.78E0));
#4607=VERTEX_POINT('',#4605);
#4608=VERTEX_POINT('',#4606);
#4609=CARTESIAN_POINT('',(-3.678732169953E0,9.5E-1,-9.5E-1));
#4610=VERTEX_POINT('',#4609);
#4611=CARTESIAN_POINT('',(-3.45E0,1.086706716908E0,-9.5E-1));
#4612=VERTEX_POINT('',#4611);
#4613=CARTESIAN_POINT('',(-3.45E0,1.086706716908E0,-3.05E0));
#4614=VERTEX_POINT('',#4613);
#4615=CARTESIAN_POINT('',(-3.45E0,-1.6E0,-2.63E0));
#4616=VERTEX_POINT('',#4615);
#4617=CARTESIAN_POINT('',(-3.7E0,9.5E-1,-2.63E0));
#4618=CARTESIAN_POINT('',(-3.7E0,-1.6E0,-2.63E0));
#4619=VERTEX_POINT('',#4617);
#4620=VERTEX_POINT('',#4618);
#4621=CARTESIAN_POINT('',(-3.7E0,1.1E0,-2.78E0));
#4622=VERTEX_POINT('',#4621);
#4623=CARTESIAN_POINT('',(1.75E0,8.E-2,-3.72E0));
#4624=CARTESIAN_POINT('',(-1.75E0,8.E-2,-3.72E0));
#4625=VERTEX_POINT('',#4623);
#4626=VERTEX_POINT('',#4624);
#4627=CARTESIAN_POINT('',(1.75E0,0.E0,-4.05E0));
#4628=CARTESIAN_POINT('',(1.75E0,0.E0,-3.72E0));
#4629=VERTEX_POINT('',#4627);
#4630=VERTEX_POINT('',#4628);
#4631=CARTESIAN_POINT('',(-1.75E0,0.E0,-3.72E0));
#4632=VERTEX_POINT('',#4631);
#4633=CARTESIAN_POINT('',(-1.75E0,0.E0,-4.05E0));
#4634=VERTEX_POINT('',#4633);
#4635=CARTESIAN_POINT('',(1.75E0,8.E-2,-4.55E0));
#4636=VERTEX_POINT('',#4635);
#4637=CARTESIAN_POINT('',(-1.75E0,8.E-2,-4.55E0));
#4638=VERTEX_POINT('',#4637);
#4639=CARTESIAN_POINT('',(1.175E0,-7.E-2,-4.419128784748E0));
#4640=CARTESIAN_POINT('',(1.175E0,8.000000000140E-2,-4.190000000003E0));
#4641=VERTEX_POINT('',#4639);
#4642=VERTEX_POINT('',#4640);
#4643=CARTESIAN_POINT('',(1.425E0,8.000000000076E-2,-4.190000000001E0));
#4644=VERTEX_POINT('',#4643);
#4645=CARTESIAN_POINT('',(1.425E0,-7.E-2,-4.419128784748E0));
#4646=VERTEX_POINT('',#4645);
#4647=CARTESIAN_POINT('',(1.425E0,8.E-2,-4.55E0));
#4648=VERTEX_POINT('',#4647);
#4649=CARTESIAN_POINT('',(1.175E0,8.E-2,-4.55E0));
#4650=VERTEX_POINT('',#4649);
#4651=CARTESIAN_POINT('',(5.25E-1,-7.E-2,-5.29E0));
#4652=CARTESIAN_POINT('',(7.75E-1,-7.E-2,-5.29E0));
#4653=VERTEX_POINT('',#4651);
#4654=VERTEX_POINT('',#4652);
#4655=CARTESIAN_POINT('',(5.25E-1,8.E-2,-5.29E0));
#4656=CARTESIAN_POINT('',(7.75E-1,8.E-2,-5.29E0));
#4657=VERTEX_POINT('',#4655);
#4658=VERTEX_POINT('',#4656);
#4659=CARTESIAN_POINT('',(-1.25E-1,-7.E-2,-5.29E0));
#4660=CARTESIAN_POINT('',(1.25E-1,-7.E-2,-5.29E0));
#4661=VERTEX_POINT('',#4659);
#4662=VERTEX_POINT('',#4660);
#4663=CARTESIAN_POINT('',(-1.25E-1,8.E-2,-5.29E0));
#4664=CARTESIAN_POINT('',(1.25E-1,8.E-2,-5.29E0));
#4665=VERTEX_POINT('',#4663);
#4666=VERTEX_POINT('',#4664);
#4667=CARTESIAN_POINT('',(-7.75E-1,-7.E-2,-5.29E0));
#4668=CARTESIAN_POINT('',(-5.25E-1,-7.E-2,-5.29E0));
#4669=VERTEX_POINT('',#4667);
#4670=VERTEX_POINT('',#4668);
#4671=CARTESIAN_POINT('',(-7.75E-1,8.E-2,-5.29E0));
#4672=CARTESIAN_POINT('',(-5.25E-1,8.E-2,-5.29E0));
#4673=VERTEX_POINT('',#4671);
#4674=VERTEX_POINT('',#4672);
#4675=CARTESIAN_POINT('',(-1.425E0,-7.E-2,-5.29E0));
#4676=CARTESIAN_POINT('',(-1.175E0,-7.E-2,-5.29E0));
#4677=VERTEX_POINT('',#4675);
#4678=VERTEX_POINT('',#4676);
#4679=CARTESIAN_POINT('',(-1.425E0,8.E-2,-5.29E0));
#4680=CARTESIAN_POINT('',(-1.175E0,8.E-2,-5.29E0));
#4681=VERTEX_POINT('',#4679);
#4682=VERTEX_POINT('',#4680);
#4683=CARTESIAN_POINT('',(5.25E-1,-7.E-2,-4.419128784748E0));
#4684=CARTESIAN_POINT('',(5.25E-1,8.000000000023E-2,-4.190000000001E0));
#4685=VERTEX_POINT('',#4683);
#4686=VERTEX_POINT('',#4684);
#4687=CARTESIAN_POINT('',(7.75E-1,8.000000000052E-2,-4.19E0));
#4688=VERTEX_POINT('',#4687);
#4689=CARTESIAN_POINT('',(7.75E-1,-7.E-2,-4.419128784748E0));
#4690=VERTEX_POINT('',#4689);
#4691=CARTESIAN_POINT('',(7.75E-1,8.E-2,-4.55E0));
#4692=VERTEX_POINT('',#4691);
#4693=CARTESIAN_POINT('',(5.25E-1,8.E-2,-4.55E0));
#4694=VERTEX_POINT('',#4693);
#4695=CARTESIAN_POINT('',(-1.25E-1,-7.E-2,-4.419128784748E0));
#4696=CARTESIAN_POINT('',(-1.25E-1,7.999999999907E-2,-4.189999999998E0));
#4697=VERTEX_POINT('',#4695);
#4698=VERTEX_POINT('',#4696);
#4699=CARTESIAN_POINT('',(1.25E-1,7.999999999806E-2,-4.19E0));
#4700=VERTEX_POINT('',#4699);
#4701=CARTESIAN_POINT('',(1.25E-1,-7.E-2,-4.419128784748E0));
#4702=VERTEX_POINT('',#4701);
#4703=CARTESIAN_POINT('',(1.25E-1,8.E-2,-4.55E0));
#4704=VERTEX_POINT('',#4703);
#4705=CARTESIAN_POINT('',(-1.25E-1,8.E-2,-4.55E0));
#4706=VERTEX_POINT('',#4705);
#4707=CARTESIAN_POINT('',(-7.75E-1,-7.E-2,-4.419128784748E0));
#4708=CARTESIAN_POINT('',(-7.75E-1,8.000000000140E-2,-4.190000000003E0));
#4709=VERTEX_POINT('',#4707);
#4710=VERTEX_POINT('',#4708);
#4711=CARTESIAN_POINT('',(-5.25E-1,8.000000000099E-2,-4.190000000001E0));
#4712=VERTEX_POINT('',#4711);
#4713=CARTESIAN_POINT('',(-5.25E-1,-7.E-2,-4.419128784748E0));
#4714=VERTEX_POINT('',#4713);
#4715=CARTESIAN_POINT('',(-5.25E-1,8.E-2,-4.55E0));
#4716=VERTEX_POINT('',#4715);
#4717=CARTESIAN_POINT('',(-7.75E-1,8.E-2,-4.55E0));
#4718=VERTEX_POINT('',#4717);
#4719=CARTESIAN_POINT('',(-1.425E0,-7.E-2,-4.419128784748E0));
#4720=CARTESIAN_POINT('',(-1.425E0,8.000000000075E-2,-4.190000000002E0));
#4721=VERTEX_POINT('',#4719);
#4722=VERTEX_POINT('',#4720);
#4723=CARTESIAN_POINT('',(-1.175E0,7.999999999862E-2,-4.190000000001E0));
#4724=VERTEX_POINT('',#4723);
#4725=CARTESIAN_POINT('',(-1.175E0,-7.E-2,-4.419128784748E0));
#4726=VERTEX_POINT('',#4725);
#4727=CARTESIAN_POINT('',(-1.175E0,8.E-2,-4.55E0));
#4728=VERTEX_POINT('',#4727);
#4729=CARTESIAN_POINT('',(-1.425E0,8.E-2,-4.55E0));
#4730=VERTEX_POINT('',#4729);
#4731=CARTESIAN_POINT('',(-3.696946789008E0,1.90517145E0,-9.879320080019E-2));
#4732=VERTEX_POINT('',#4731);
#4733=CARTESIAN_POINT('',(-3.7E0,1.85E0,-9.879320080019E-2));
#4734=VERTEX_POINT('',#4733);
#4735=CARTESIAN_POINT('',(3.696946789008E0,1.90517145E0,-9.879320080019E-2));
#4736=VERTEX_POINT('',#4735);
#4737=CARTESIAN_POINT('',(3.7E0,1.85E0,-9.879320080019E-2));
#4738=VERTEX_POINT('',#4737);
#4739=CARTESIAN_POINT('',(-2.7E0,2.35E0,-7.E-1));
#4740=CARTESIAN_POINT('',(-2.7E0,2.1E0,-7.E-1));
#4741=VERTEX_POINT('',#4739);
#4742=VERTEX_POINT('',#4740);
#4743=CARTESIAN_POINT('',(-2.85E0,2.35E0,-8.5E-1));
#4744=CARTESIAN_POINT('',(-2.85E0,2.1E0,-8.5E-1));
#4745=VERTEX_POINT('',#4743);
#4746=VERTEX_POINT('',#4744);
#4747=CARTESIAN_POINT('',(-1.9E0,2.35E0,-8.5E-1));
#4748=CARTESIAN_POINT('',(-1.9E0,2.1E0,-8.5E-1));
#4749=VERTEX_POINT('',#4747);
#4750=VERTEX_POINT('',#4748);
#4751=CARTESIAN_POINT('',(-2.05E0,2.35E0,-7.E-1));
#4752=CARTESIAN_POINT('',(-2.05E0,2.1E0,-7.E-1));
#4753=VERTEX_POINT('',#4751);
#4754=VERTEX_POINT('',#4752);
#4755=CARTESIAN_POINT('',(2.05E0,2.35E0,-7.E-1));
#4756=CARTESIAN_POINT('',(2.05E0,2.1E0,-7.E-1));
#4757=VERTEX_POINT('',#4755);
#4758=VERTEX_POINT('',#4756);
#4759=CARTESIAN_POINT('',(1.9E0,2.35E0,-8.5E-1));
#4760=CARTESIAN_POINT('',(1.9E0,2.1E0,-8.5E-1));
#4761=VERTEX_POINT('',#4759);
#4762=VERTEX_POINT('',#4760);
#4763=CARTESIAN_POINT('',(2.85E0,2.35E0,-8.5E-1));
#4764=CARTESIAN_POINT('',(2.85E0,2.1E0,-8.5E-1));
#4765=VERTEX_POINT('',#4763);
#4766=VERTEX_POINT('',#4764);
#4767=CARTESIAN_POINT('',(2.7E0,2.35E0,-7.E-1));
#4768=CARTESIAN_POINT('',(2.7E0,2.1E0,-7.E-1));
#4769=VERTEX_POINT('',#4767);
#4770=VERTEX_POINT('',#4768);
#4771=CARTESIAN_POINT('',(2.7E0,2.1E0,-1.35E0));
#4772=CARTESIAN_POINT('',(2.7E0,2.35E0,-1.35E0));
#4773=VERTEX_POINT('',#4771);
#4774=VERTEX_POINT('',#4772);
#4775=CARTESIAN_POINT('',(2.05E0,2.35E0,-1.35E0));
#4776=CARTESIAN_POINT('',(2.05E0,2.1E0,-1.35E0));
#4777=VERTEX_POINT('',#4775);
#4778=VERTEX_POINT('',#4776);
#4779=CARTESIAN_POINT('',(-2.7E0,2.35E0,-1.35E0));
#4780=CARTESIAN_POINT('',(-2.7E0,2.1E0,-1.35E0));
#4781=VERTEX_POINT('',#4779);
#4782=VERTEX_POINT('',#4780);
#4783=CARTESIAN_POINT('',(-2.05E0,2.1E0,-1.35E0));
#4784=CARTESIAN_POINT('',(-2.05E0,2.35E0,-1.35E0));
#4785=VERTEX_POINT('',#4783);
#4786=VERTEX_POINT('',#4784);
#4787=CARTESIAN_POINT('',(2.85E0,2.1E0,-1.090192378865E0));
#4788=CARTESIAN_POINT('',(2.85E0,2.35E0,-1.090192378865E0));
#4789=VERTEX_POINT('',#4787);
#4790=VERTEX_POINT('',#4788);
#4791=CARTESIAN_POINT('',(2.775E0,2.1E0,-1.220096189433E0));
#4792=CARTESIAN_POINT('',(2.775E0,2.35E0,-1.220096189433E0));
#4793=VERTEX_POINT('',#4791);
#4794=VERTEX_POINT('',#4792);
#4795=CARTESIAN_POINT('',(1.9E0,2.35E0,-1.090192378865E0));
#4796=CARTESIAN_POINT('',(1.9E0,2.1E0,-1.090192378865E0));
#4797=VERTEX_POINT('',#4795);
#4798=VERTEX_POINT('',#4796);
#4799=CARTESIAN_POINT('',(1.975E0,2.35E0,-1.220096189432E0));
#4800=CARTESIAN_POINT('',(1.975E0,2.1E0,-1.220096189432E0));
#4801=VERTEX_POINT('',#4799);
#4802=VERTEX_POINT('',#4800);
#4803=CARTESIAN_POINT('',(-2.85E0,2.35E0,-1.090192378865E0));
#4804=CARTESIAN_POINT('',(-2.85E0,2.1E0,-1.090192378865E0));
#4805=VERTEX_POINT('',#4803);
#4806=VERTEX_POINT('',#4804);
#4807=CARTESIAN_POINT('',(-2.775E0,2.35E0,-1.220096189432E0));
#4808=CARTESIAN_POINT('',(-2.775E0,2.1E0,-1.220096189432E0));
#4809=VERTEX_POINT('',#4807);
#4810=VERTEX_POINT('',#4808);
#4811=CARTESIAN_POINT('',(-1.9E0,2.1E0,-1.090192378865E0));
#4812=CARTESIAN_POINT('',(-1.9E0,2.35E0,-1.090192378865E0));
#4813=VERTEX_POINT('',#4811);
#4814=VERTEX_POINT('',#4812);
#4815=CARTESIAN_POINT('',(-1.975E0,2.1E0,-1.220096189432E0));
#4816=CARTESIAN_POINT('',(-1.975E0,2.35E0,-1.220096189432E0));
#4817=VERTEX_POINT('',#4815);
#4818=VERTEX_POINT('',#4816);
#4819=CARTESIAN_POINT('',(1.75E0,2.35E0,-4.8E0));
#4820=CARTESIAN_POINT('',(1.75E0,2.35E0,-4.55E0));
#4821=VERTEX_POINT('',#4819);
#4822=VERTEX_POINT('',#4820);
#4823=CARTESIAN_POINT('',(-1.75E0,2.35E0,-4.8E0));
#4824=CARTESIAN_POINT('',(-1.75E0,2.35E0,-4.55E0));
#4825=VERTEX_POINT('',#4823);
#4826=VERTEX_POINT('',#4824);
#4827=CARTESIAN_POINT('',(-3.45E0,-1.6E0,-1.73E0));
#4828=VERTEX_POINT('',#4827);
#4829=CARTESIAN_POINT('',(-3.7E0,-1.6E0,-1.73E0));
#4830=VERTEX_POINT('',#4829);
#4831=CARTESIAN_POINT('',(1.7E0,2.35E0,-4.55E0));
#4832=VERTEX_POINT('',#4831);
#4833=CARTESIAN_POINT('',(7.5E-1,2.35E0,-4.55E0));
#4834=CARTESIAN_POINT('',(-7.5E-1,2.35E0,-4.55E0));
#4835=VERTEX_POINT('',#4833);
#4836=VERTEX_POINT('',#4834);
#4837=CARTESIAN_POINT('',(-1.7E0,2.35E0,-4.55E0));
#4838=VERTEX_POINT('',#4837);
#4839=CARTESIAN_POINT('',(7.5E-1,1.75E0,-4.85E0));
#4840=CARTESIAN_POINT('',(-7.5E-1,1.75E0,-4.85E0));
#4841=VERTEX_POINT('',#4839);
#4842=VERTEX_POINT('',#4840);
#4843=CARTESIAN_POINT('',(-7.5E-1,1.75E0,-4.55E0));
#4844=VERTEX_POINT('',#4843);
#4845=CARTESIAN_POINT('',(7.5E-1,1.75E0,-4.55E0));
#4846=VERTEX_POINT('',#4845);
#4847=CARTESIAN_POINT('',(-7.5E-1,2.1E0,-4.85E0));
#4848=CARTESIAN_POINT('',(-7.5E-1,2.35E0,-4.6E0));
#4849=VERTEX_POINT('',#4847);
#4850=VERTEX_POINT('',#4848);
#4851=CARTESIAN_POINT('',(-1.7E0,2.35E0,-4.6E0));
#4852=VERTEX_POINT('',#4851);
#4853=CARTESIAN_POINT('',(-1.7E0,2.1E0,-4.85E0));
#4854=VERTEX_POINT('',#4853);
#4855=CARTESIAN_POINT('',(1.7E0,2.1E0,-4.85E0));
#4856=CARTESIAN_POINT('',(1.7E0,2.35E0,-4.6E0));
#4857=VERTEX_POINT('',#4855);
#4858=VERTEX_POINT('',#4856);
#4859=CARTESIAN_POINT('',(7.5E-1,2.35E0,-4.6E0));
#4860=VERTEX_POINT('',#4859);
#4861=CARTESIAN_POINT('',(7.5E-1,2.1E0,-4.85E0));
#4862=VERTEX_POINT('',#4861);
#4863=CARTESIAN_POINT('',(1.7E0,1.4E0,-4.85E0));
#4864=CARTESIAN_POINT('',(1.7E0,1.4E0,-4.55E0));
#4865=VERTEX_POINT('',#4863);
#4866=VERTEX_POINT('',#4864);
#4867=CARTESIAN_POINT('',(1.45E0,1.15E0,-4.85E0));
#4868=VERTEX_POINT('',#4867);
#4869=CARTESIAN_POINT('',(1.45E0,1.15E0,-4.55E0));
#4870=VERTEX_POINT('',#4869);
#4871=CARTESIAN_POINT('',(-1.45E0,1.15E0,-4.85E0));
#4872=CARTESIAN_POINT('',(-1.45E0,1.15E0,-4.55E0));
#4873=VERTEX_POINT('',#4871);
#4874=VERTEX_POINT('',#4872);
#4875=CARTESIAN_POINT('',(-1.7E0,1.4E0,-4.85E0));
#4876=VERTEX_POINT('',#4875);
#4877=CARTESIAN_POINT('',(-1.7E0,1.4E0,-4.55E0));
#4878=VERTEX_POINT('',#4877);
#4879=CARTESIAN_POINT('',(-3.7E0,0.E0,-1.73E0));
#4880=CARTESIAN_POINT('',(-3.45E0,0.E0,-1.73E0));
#4881=VERTEX_POINT('',#4879);
#4882=VERTEX_POINT('',#4880);
#4883=CARTESIAN_POINT('',(-3.7E0,1.5E-1,-1.58E0));
#4884=CARTESIAN_POINT('',(-3.45E0,1.5E-1,-1.58E0));
#4885=VERTEX_POINT('',#4883);
#4886=VERTEX_POINT('',#4884);
#4887=CARTESIAN_POINT('',(-3.7E0,1.5E-1,-1.48E0));
#4888=CARTESIAN_POINT('',(-3.7E0,3.E-1,-1.33E0));
#4889=VERTEX_POINT('',#4887);
#4890=VERTEX_POINT('',#4888);
#4891=CARTESIAN_POINT('',(-3.45E0,3.E-1,-1.33E0));
#4892=VERTEX_POINT('',#4891);
#4893=CARTESIAN_POINT('',(-3.45E0,1.5E-1,-1.48E0));
#4894=VERTEX_POINT('',#4893);
#4895=CARTESIAN_POINT('',(3.7E0,1.1E0,-1.18E0));
#4896=CARTESIAN_POINT('',(3.7E0,9.5E-1,-1.33E0));
#4897=VERTEX_POINT('',#4895);
#4898=VERTEX_POINT('',#4896);
#4899=CARTESIAN_POINT('',(3.45E0,1.1E0,-2.78E0));
#4900=CARTESIAN_POINT('',(3.45E0,9.5E-1,-2.63E0));
#4901=VERTEX_POINT('',#4899);
#4902=VERTEX_POINT('',#4900);
#4903=CARTESIAN_POINT('',(3.7E0,9.5E-1,-2.63E0));
#4904=CARTESIAN_POINT('',(3.7E0,1.1E0,-2.78E0));
#4905=VERTEX_POINT('',#4903);
#4906=VERTEX_POINT('',#4904);
#4907=CARTESIAN_POINT('',(3.45E0,0.E0,-1.73E0));
#4908=CARTESIAN_POINT('',(3.45E0,1.5E-1,-1.58E0));
#4909=VERTEX_POINT('',#4907);
#4910=VERTEX_POINT('',#4908);
#4911=CARTESIAN_POINT('',(3.7E0,1.5E-1,-1.58E0));
#4912=CARTESIAN_POINT('',(3.7E0,0.E0,-1.73E0));
#4913=VERTEX_POINT('',#4911);
#4914=VERTEX_POINT('',#4912);
#4915=VERTEX_POINT('',#2746);
#4916=VERTEX_POINT('',#2752);
#4917=CARTESIAN_POINT('',(3.45E0,9.5E-1,-1.33E0));
#4918=CARTESIAN_POINT('',(3.45E0,1.1E0,-1.18E0));
#4919=VERTEX_POINT('',#4917);
#4920=VERTEX_POINT('',#4918);
#4921=CARTESIAN_POINT('',(3.7E0,1.1E0,-2.9E0));
#4922=VERTEX_POINT('',#4921);
#4923=VERTEX_POINT('',#2629);
#4924=VERTEX_POINT('',#2635);
#4925=CARTESIAN_POINT('',(3.7E0,1.1E0,-1.1E0));
#4926=VERTEX_POINT('',#4925);
#4927=CARTESIAN_POINT('',(3.45E0,-1.8E0,-1.93E0));
#4928=CARTESIAN_POINT('',(3.45E0,-1.6E0,-1.73E0));
#4929=VERTEX_POINT('',#4927);
#4930=VERTEX_POINT('',#4928);
#4931=CARTESIAN_POINT('',(3.7E0,-1.6E0,-1.73E0));
#4932=VERTEX_POINT('',#4931);
#4933=CARTESIAN_POINT('',(3.7E0,-1.8E0,-1.93E0));
#4934=VERTEX_POINT('',#4933);
#4935=CARTESIAN_POINT('',(3.45E0,-1.6E0,-2.63E0));
#4936=CARTESIAN_POINT('',(3.45E0,-1.8E0,-2.43E0));
#4937=VERTEX_POINT('',#4935);
#4938=VERTEX_POINT('',#4936);
#4939=CARTESIAN_POINT('',(3.7E0,-1.8E0,-2.43E0));
#4940=VERTEX_POINT('',#4939);
#4941=CARTESIAN_POINT('',(3.7E0,-1.6E0,-2.63E0));
#4942=VERTEX_POINT('',#4941);
#4943=CARTESIAN_POINT('',(3.45E0,1.1E0,-2.9E0));
#4944=VERTEX_POINT('',#4943);
#4945=CARTESIAN_POINT('',(3.45E0,9.5E-1,-3.05E0));
#4946=VERTEX_POINT('',#4945);
#4947=CARTESIAN_POINT('',(3.45E0,1.086706716908E0,-3.05E0));
#4948=VERTEX_POINT('',#4947);
#4949=CARTESIAN_POINT('',(3.45E0,1.1E0,-1.1E0));
#4950=VERTEX_POINT('',#4949);
#4951=CARTESIAN_POINT('',(3.45E0,9.5E-1,-9.5E-1));
#4952=VERTEX_POINT('',#4951);
#4953=CARTESIAN_POINT('',(3.45E0,1.086706716908E0,-9.5E-1));
#4954=VERTEX_POINT('',#4953);
#4955=CARTESIAN_POINT('',(3.45E0,1.5E-1,-1.48E0));
#4956=CARTESIAN_POINT('',(3.45E0,3.E-1,-1.33E0));
#4957=VERTEX_POINT('',#4955);
#4958=VERTEX_POINT('',#4956);
#4959=CARTESIAN_POINT('',(3.7E0,3.E-1,-1.33E0));
#4960=VERTEX_POINT('',#4959);
#4961=CARTESIAN_POINT('',(3.7E0,1.5E-1,-1.48E0));
#4962=VERTEX_POINT('',#4961);
#4963=CARTESIAN_POINT('',(3.2E0,2.35E0,-6.E0));
#4964=CARTESIAN_POINT('',(3.7E0,1.85E0,-6.E0));
#4965=VERTEX_POINT('',#4963);
#4966=VERTEX_POINT('',#4964);
#4967=CARTESIAN_POINT('',(3.45E0,1.85E0,-6.E0));
#4968=CARTESIAN_POINT('',(3.2E0,2.1E0,-6.E0));
#4969=VERTEX_POINT('',#4967);
#4970=VERTEX_POINT('',#4968);
#4971=CARTESIAN_POINT('',(-3.2E0,2.1E0,-6.E0));
#4972=CARTESIAN_POINT('',(-3.45E0,1.85E0,-6.E0));
#4973=VERTEX_POINT('',#4971);
#4974=VERTEX_POINT('',#4972);
#4975=CARTESIAN_POINT('',(-3.7E0,1.85E0,-6.E0));
#4976=CARTESIAN_POINT('',(-3.2E0,2.35E0,-6.E0));
#4977=VERTEX_POINT('',#4975);
#4978=VERTEX_POINT('',#4976);
#4979=CARTESIAN_POINT('',(3.2E0,2.1E0,-4.8E0));
#4980=CARTESIAN_POINT('',(3.45E0,1.85E0,-4.8E0));
#4981=VERTEX_POINT('',#4979);
#4982=VERTEX_POINT('',#4980);
#4983=CARTESIAN_POINT('',(2.375E0,2.1E0,-4.8E0));
#4984=VERTEX_POINT('',#4983);
#4985=CARTESIAN_POINT('',(2.375E0,2.35E0,-4.8E0));
#4986=VERTEX_POINT('',#4985);
#4987=CARTESIAN_POINT('',(-2.375E0,2.35E0,-4.8E0));
#4988=CARTESIAN_POINT('',(-2.375E0,2.1E0,-4.8E0));
#4989=VERTEX_POINT('',#4987);
#4990=VERTEX_POINT('',#4988);
#4991=CARTESIAN_POINT('',(-3.2E0,2.1E0,-4.8E0));
#4992=VERTEX_POINT('',#4991);
#4993=CARTESIAN_POINT('',(-3.45E0,1.85E0,-4.8E0));
#4994=VERTEX_POINT('',#4993);
#4995=CARTESIAN_POINT('',(3.5770566E0,7.776210000001E-1,-4.8E0));
#4996=VERTEX_POINT('',#4995);
#4997=CARTESIAN_POINT('',(-3.5770566E0,7.776210000001E-1,-4.8E0));
#4998=VERTEX_POINT('',#4997);
#4999=CARTESIAN_POINT('',(2.525E0,2.35E0,-6.E0));
#5000=CARTESIAN_POINT('',(2.375E0,2.35E0,-5.85E0));
#5001=VERTEX_POINT('',#4999);
#5002=VERTEX_POINT('',#5000);
#5003=CARTESIAN_POINT('',(2.375E0,2.1E0,-5.85E0));
#5004=VERTEX_POINT('',#5003);
#5005=CARTESIAN_POINT('',(2.525E0,2.1E0,-6.E0));
#5006=VERTEX_POINT('',#5005);
#5007=CARTESIAN_POINT('',(-2.525E0,2.1E0,-6.E0));
#5008=CARTESIAN_POINT('',(-2.375E0,2.1E0,-5.85E0));
#5009=VERTEX_POINT('',#5007);
#5010=VERTEX_POINT('',#5008);
#5011=CARTESIAN_POINT('',(-2.375E0,2.35E0,-5.85E0));
#5012=VERTEX_POINT('',#5011);
#5013=CARTESIAN_POINT('',(-2.525E0,2.35E0,-6.E0));
#5014=VERTEX_POINT('',#5013);
#5015=CARTESIAN_POINT('',(3.45E0,-1.8E0,-5.35E0));
#5016=CARTESIAN_POINT('',(3.45E0,-1.65E0,-5.2E0));
#5017=VERTEX_POINT('',#5015);
#5018=VERTEX_POINT('',#5016);
#5019=CARTESIAN_POINT('',(3.7E0,-1.65E0,-5.2E0));
#5020=VERTEX_POINT('',#5019);
#5021=CARTESIAN_POINT('',(3.7E0,-1.8E0,-5.35E0));
#5022=VERTEX_POINT('',#5021);
#5023=CARTESIAN_POINT('',(3.45E0,-1.65E0,-6.E0));
#5024=CARTESIAN_POINT('',(3.45E0,-1.8E0,-5.85E0));
#5025=VERTEX_POINT('',#5023);
#5026=VERTEX_POINT('',#5024);
#5027=CARTESIAN_POINT('',(3.7E0,-1.8E0,-5.85E0));
#5028=VERTEX_POINT('',#5027);
#5029=CARTESIAN_POINT('',(3.7E0,-1.65E0,-6.E0));
#5030=VERTEX_POINT('',#5029);
#5031=CARTESIAN_POINT('',(-3.7E0,-1.8E0,-5.35E0));
#5032=CARTESIAN_POINT('',(-3.7E0,-1.65E0,-5.2E0));
#5033=VERTEX_POINT('',#5031);
#5034=VERTEX_POINT('',#5032);
#5035=CARTESIAN_POINT('',(-3.45E0,-1.65E0,-5.2E0));
#5036=VERTEX_POINT('',#5035);
#5037=CARTESIAN_POINT('',(-3.45E0,-1.8E0,-5.35E0));
#5038=VERTEX_POINT('',#5037);
#5039=CARTESIAN_POINT('',(-3.7E0,-1.65E0,-6.E0));
#5040=CARTESIAN_POINT('',(-3.7E0,-1.8E0,-5.85E0));
#5041=VERTEX_POINT('',#5039);
#5042=VERTEX_POINT('',#5040);
#5043=CARTESIAN_POINT('',(-3.45E0,-1.8E0,-5.85E0));
#5044=VERTEX_POINT('',#5043);
#5045=CARTESIAN_POINT('',(-3.45E0,-1.65E0,-6.E0));
#5046=VERTEX_POINT('',#5045);
#5047=CARTESIAN_POINT('',(1.75E0,-4.E-2,-4.8E0));
#5048=CARTESIAN_POINT('',(2.25E0,-4.E-2,-4.8E0));
#5049=VERTEX_POINT('',#5047);
#5050=VERTEX_POINT('',#5048);
#5051=CARTESIAN_POINT('',(2.25E0,-4.E-2,-4.55E0));
#5052=VERTEX_POINT('',#5051);
#5053=CARTESIAN_POINT('',(-2.25E0,-4.E-2,-4.55E0));
#5054=CARTESIAN_POINT('',(-2.25E0,-4.E-2,-4.8E0));
#5055=VERTEX_POINT('',#5053);
#5056=VERTEX_POINT('',#5054);
#5057=CARTESIAN_POINT('',(-1.75E0,-4.E-2,-4.8E0));
#5058=VERTEX_POINT('',#5057);
#5059=CARTESIAN_POINT('',(2.25E0,0.E0,-4.8E0));
#5060=CARTESIAN_POINT('',(2.25E0,0.E0,-4.55E0));
#5061=VERTEX_POINT('',#5059);
#5062=VERTEX_POINT('',#5060);
#5063=CARTESIAN_POINT('',(-2.25E0,0.E0,-4.8E0));
#5064=CARTESIAN_POINT('',(-2.25E0,0.E0,-4.55E0));
#5065=VERTEX_POINT('',#5063);
#5066=VERTEX_POINT('',#5064);
#5067=CARTESIAN_POINT('',(1.75E0,-4.E-2,-4.05E0));
#5068=VERTEX_POINT('',#5067);
#5069=CARTESIAN_POINT('',(-1.75E0,-4.E-2,-4.05E0));
#5070=VERTEX_POINT('',#5069);
#5071=CARTESIAN_POINT('',(-3.45E0,9.5E-1,-4.8E0));
#5072=CARTESIAN_POINT('',(-3.678732169953E0,9.5E-1,-4.8E0));
#5073=VERTEX_POINT('',#5071);
#5074=VERTEX_POINT('',#5072);
#5075=CARTESIAN_POINT('',(-3.45E0,1.1E0,-4.95E0));
#5076=CARTESIAN_POINT('',(-3.7E0,1.1E0,-4.95E0));
#5077=VERTEX_POINT('',#5075);
#5078=VERTEX_POINT('',#5076);
#5079=CARTESIAN_POINT('',(-3.45E0,1.1E0,-5.05E0));
#5080=CARTESIAN_POINT('',(-3.7E0,1.1E0,-5.05E0));
#5081=VERTEX_POINT('',#5079);
#5082=VERTEX_POINT('',#5080);
#5083=CARTESIAN_POINT('',(-3.45E0,9.5E-1,-5.2E0));
#5084=CARTESIAN_POINT('',(-3.7E0,9.5E-1,-5.2E0));
#5085=VERTEX_POINT('',#5083);
#5086=VERTEX_POINT('',#5084);
#5087=CARTESIAN_POINT('',(3.7E0,1.1E0,-5.05E0));
#5088=CARTESIAN_POINT('',(3.45E0,1.1E0,-5.05E0));
#5089=VERTEX_POINT('',#5087);
#5090=VERTEX_POINT('',#5088);
#5091=CARTESIAN_POINT('',(3.7E0,9.5E-1,-5.2E0));
#5092=CARTESIAN_POINT('',(3.45E0,9.5E-1,-5.2E0));
#5093=VERTEX_POINT('',#5091);
#5094=VERTEX_POINT('',#5092);
#5095=CARTESIAN_POINT('',(3.678732169953E0,9.5E-1,-4.8E0));
#5096=CARTESIAN_POINT('',(3.45E0,9.5E-1,-4.8E0));
#5097=VERTEX_POINT('',#5095);
#5098=VERTEX_POINT('',#5096);
#5099=CARTESIAN_POINT('',(3.7E0,1.1E0,-4.95E0));
#5100=CARTESIAN_POINT('',(3.45E0,1.1E0,-4.95E0));
#5101=VERTEX_POINT('',#5099);
#5102=VERTEX_POINT('',#5100);
#5103=VERTEX_POINT('',#2837);
#5104=CARTESIAN_POINT('',(-3.7E0,1.086706716908E0,-4.888264487106E0));
#5105=VERTEX_POINT('',#5104);
#5106=CARTESIAN_POINT('',(2.164020438938E0,0.E0,-4.464020438938E0));
#5107=CARTESIAN_POINT('',(2.225E0,0.E0,-4.31E0));
#5108=VERTEX_POINT('',#5106);
#5109=VERTEX_POINT('',#5107);
#5110=CARTESIAN_POINT('',(1.845979561062E0,0.E0,-4.145979561062E0));
#5111=VERTEX_POINT('',#5110);
#5112=CARTESIAN_POINT('',(-2.225E0,0.E0,-4.31E0));
#5113=CARTESIAN_POINT('',(-2.164020438938E0,0.E0,-4.464020438938E0));
#5114=VERTEX_POINT('',#5112);
#5115=VERTEX_POINT('',#5113);
#5116=CARTESIAN_POINT('',(-1.845979561062E0,0.E0,-4.145979561062E0));
#5117=VERTEX_POINT('',#5116);
#5118=CARTESIAN_POINT('',(1.775E0,-4.E-2,-4.31E0));
#5119=CARTESIAN_POINT('',(2.164020438938E0,-4.E-2,-4.464020438938E0));
#5120=VERTEX_POINT('',#5118);
#5121=VERTEX_POINT('',#5119);
#5122=CARTESIAN_POINT('',(1.845979561062E0,-4.E-2,-4.145979561062E0));
#5123=VERTEX_POINT('',#5122);
#5124=CARTESIAN_POINT('',(-2.164020438938E0,-4.E-2,-4.464020438938E0));
#5125=CARTESIAN_POINT('',(-1.775E0,-4.E-2,-4.31E0));
#5126=VERTEX_POINT('',#5124);
#5127=VERTEX_POINT('',#5125);
#5128=CARTESIAN_POINT('',(-1.845979561062E0,-4.E-2,-4.145979561062E0));
#5129=VERTEX_POINT('',#5128);
#5130=CARTESIAN_POINT('',(-2.175E0,-5.5E-1,-4.31E0));
#5131=CARTESIAN_POINT('',(-1.825E0,-5.5E-1,-4.31E0));
#5132=VERTEX_POINT('',#5130);
#5133=VERTEX_POINT('',#5131);
#5134=CARTESIAN_POINT('',(-2.225E0,-5.E-1,-4.31E0));
#5135=CARTESIAN_POINT('',(-1.775E0,-5.E-1,-4.31E0));
#5136=VERTEX_POINT('',#5134);
#5137=VERTEX_POINT('',#5135);
#5138=CARTESIAN_POINT('',(1.825E0,-5.5E-1,-4.31E0));
#5139=CARTESIAN_POINT('',(2.175E0,-5.5E-1,-4.31E0));
#5140=VERTEX_POINT('',#5138);
#5141=VERTEX_POINT('',#5139);
#5142=CARTESIAN_POINT('',(1.775E0,-5.E-1,-4.31E0));
#5143=CARTESIAN_POINT('',(2.225E0,-5.E-1,-4.31E0));
#5144=VERTEX_POINT('',#5142);
#5145=VERTEX_POINT('',#5143);
#5146=CARTESIAN_POINT('',(-1.000246839840E0,2.3E0,-3.040741889465E0));
#5147=CARTESIAN_POINT('',(-1.038087913534E0,2.3E0,-3.086619828973E0));
#5148=VERTEX_POINT('',#5146);
#5149=VERTEX_POINT('',#5147);
#5150=CARTESIAN_POINT('',(-1.009631574887E0,2.3E0,-3.233466989465E0));
#5151=VERTEX_POINT('',#5150);
#5152=CARTESIAN_POINT('',(-6.498780548873E-1,2.3E0,-3.233466989465E0));
#5153=VERTEX_POINT('',#5152);
#5154=CARTESIAN_POINT('',(-7.718771383572E-1,2.3E0,-2.603898329465E0));
#5155=VERTEX_POINT('',#5154);
#5156=CARTESIAN_POINT('',(-6.391109583572E-1,2.3E0,-2.603898329465E0));
#5157=VERTEX_POINT('',#5156);
#5158=CARTESIAN_POINT('',(-4.971936571779E-1,2.3E0,-3.336253709465E0));
#5159=VERTEX_POINT('',#5158);
#5160=CARTESIAN_POINT('',(-4.029724971779E-1,2.3E0,-3.336253709465E0));
#5161=VERTEX_POINT('',#5160);
#5162=CARTESIAN_POINT('',(-1.912430103417E-1,2.3E0,-2.908978699019E0));
#5163=VERTEX_POINT('',#5162);
#5164=CARTESIAN_POINT('',(-5.507269759304E-1,2.3E0,-2.603898329465E0));
#5165=VERTEX_POINT('',#5164);
#5166=CARTESIAN_POINT('',(-3.451535359304E-1,2.3E0,-2.603898329465E0));
#5167=VERTEX_POINT('',#5166);
#5168=CARTESIAN_POINT('',(-5.477514819300E-2,2.3E0,-2.850331423348E0));
#5169=VERTEX_POINT('',#5168);
#5170=CARTESIAN_POINT('',(-1.025294496704E-1,2.3E0,-2.603898329465E0));
#5171=VERTEX_POINT('',#5170);
#5172=CARTESIAN_POINT('',(3.814246903296E-1,2.3E0,-2.603898329465E0));
#5173=VERTEX_POINT('',#5172);
#5174=CARTESIAN_POINT('',(5.777978316513E-1,2.3E0,-2.843734009465E0));
#5175=VERTEX_POINT('',#5174);
#5176=CARTESIAN_POINT('',(7.391430663001E-1,2.3E0,-2.603898329465E0));
#5177=VERTEX_POINT('',#5176);
#5178=CARTESIAN_POINT('',(9.018887063001E-1,2.3E0,-2.603898329465E0));
#5179=VERTEX_POINT('',#5178);
#5180=CARTESIAN_POINT('',(6.671387062331E-1,2.3E0,-2.952848368297E0));
#5181=VERTEX_POINT('',#5180);
#5182=CARTESIAN_POINT('',(1.005610746674E0,2.3E0,-3.366233169465E0));
#5183=VERTEX_POINT('',#5182);
#5184=CARTESIAN_POINT('',(8.342995466741E-1,2.3E0,-3.366233169465E0));
#5185=VERTEX_POINT('',#5184);
#5186=CARTESIAN_POINT('',(5.898705321087E-1,2.3E0,-3.067705588120E0));
#5187=VERTEX_POINT('',#5186);
#5188=CARTESIAN_POINT('',(3.890413533086E-1,2.3E0,-3.366233169465E0));
#5189=VERTEX_POINT('',#5188);
#5190=CARTESIAN_POINT('',(2.262957133086E-1,2.3E0,-3.366233169465E0));
#5191=VERTEX_POINT('',#5190);
#5192=CARTESIAN_POINT('',(5.005296575269E-1,2.3E0,-2.958591229288E0));
#5193=VERTEX_POINT('',#5192);
#5194=CARTESIAN_POINT('',(2.381667962327E-1,2.3E0,-2.638160569465E0));
#5195=VERTEX_POINT('',#5194);
#5196=CARTESIAN_POINT('',(3.687613623274E-2,2.3E0,-2.638160569465E0));
#5197=VERTEX_POINT('',#5196);
#5198=CARTESIAN_POINT('',(1.779635116741E-1,2.3E0,-3.366233169465E0));
#5199=VERTEX_POINT('',#5198);
#5200=CARTESIAN_POINT('',(4.519733167406E-2,2.3E0,-3.366233169465E0));
#5201=VERTEX_POINT('',#5200);
#5202=CARTESIAN_POINT('',(-1.431331202154E-2,2.3E0,-3.059132204920E0));
#5203=VERTEX_POINT('',#5202);
#5204=CARTESIAN_POINT('',(-8.693564840857E-2,2.3E0,-2.997500390031E0));
#5205=VERTEX_POINT('',#5204);
#5206=CARTESIAN_POINT('',(-2.696554430619E-1,2.3E0,-3.366233169465E0));
#5207=VERTEX_POINT('',#5206);
#5208=CARTESIAN_POINT('',(-1.087347137037E0,2.3E0,-3.366233169465E0));
#5209=VERTEX_POINT('',#5208);
#5210=CARTESIAN_POINT('',(-1.125188210731E0,2.3E0,-3.335021068973E0));
#5211=VERTEX_POINT('',#5210);
#5212=CARTESIAN_POINT('',(-1.174129939644E0,2.3E0,-3.082460329877E0));
#5213=VERTEX_POINT('',#5212);
#5214=CARTESIAN_POINT('',(-1.089985960213E0,2.3E0,-2.972217409465E0));
#5215=VERTEX_POINT('',#5214);
#5216=CARTESIAN_POINT('',(-1.215100287819E0,2.3E0,-2.871035403830E0));
#5217=VERTEX_POINT('',#5216);
#5218=CARTESIAN_POINT('',(-1.248098195950E0,2.3E0,-2.700751757314E0));
#5219=VERTEX_POINT('',#5218);
#5220=CARTESIAN_POINT('',(-1.168211484819E0,2.3E0,-2.603898329465E0));
#5221=VERTEX_POINT('',#5220);
#5222=CARTESIAN_POINT('',(-9.071131283514E-1,2.3E0,-2.603898329465E0));
#5223=VERTEX_POINT('',#5222);
#5224=CARTESIAN_POINT('',(-8.813854304768E-1,2.3E0,-2.736664509465E0));
#5225=VERTEX_POINT('',#5224);
#5226=CARTESIAN_POINT('',(-1.105902960483E0,2.3E0,-2.736664509465E0));
#5227=VERTEX_POINT('',#5226);
#5228=CARTESIAN_POINT('',(-1.081442427457E0,2.3E0,-2.862891564309E0));
#5229=VERTEX_POINT('',#5228);
#5230=CARTESIAN_POINT('',(-1.026783098788E0,2.3E0,-2.907975709465E0));
#5231=VERTEX_POINT('',#5230);
#5232=CARTESIAN_POINT('',(-8.481884009612E-1,2.3E0,-2.907975709465E0));
#5233=VERTEX_POINT('',#5232);
#5234=CARTESIAN_POINT('',(-8.224607030866E-1,2.3E0,-3.040741889465E0));
#5235=VERTEX_POINT('',#5234);
#5236=CARTESIAN_POINT('',(-1.038087913534E0,2.35E0,-3.086619828973E0));
#5237=CARTESIAN_POINT('',(-1.000246839840E0,2.35E0,-3.040741889465E0));
#5238=VERTEX_POINT('',#5236);
#5239=VERTEX_POINT('',#5237);
#5240=CARTESIAN_POINT('',(-1.009631574887E0,2.35E0,-3.233466989465E0));
#5241=VERTEX_POINT('',#5240);
#5242=CARTESIAN_POINT('',(-6.498780548873E-1,2.35E0,-3.233466989465E0));
#5243=VERTEX_POINT('',#5242);
#5244=CARTESIAN_POINT('',(-7.718771383572E-1,2.35E0,-2.603898329465E0));
#5245=VERTEX_POINT('',#5244);
#5246=CARTESIAN_POINT('',(-6.391109583572E-1,2.35E0,-2.603898329465E0));
#5247=VERTEX_POINT('',#5246);
#5248=CARTESIAN_POINT('',(-4.971936571779E-1,2.35E0,-3.336253709465E0));
#5249=VERTEX_POINT('',#5248);
#5250=CARTESIAN_POINT('',(-4.029724971779E-1,2.35E0,-3.336253709465E0));
#5251=VERTEX_POINT('',#5250);
#5252=CARTESIAN_POINT('',(-1.912430103417E-1,2.35E0,-2.908978699019E0));
#5253=VERTEX_POINT('',#5252);
#5254=CARTESIAN_POINT('',(-5.507269759304E-1,2.35E0,-2.603898329465E0));
#5255=VERTEX_POINT('',#5254);
#5256=CARTESIAN_POINT('',(-3.451535359304E-1,2.35E0,-2.603898329465E0));
#5257=VERTEX_POINT('',#5256);
#5258=CARTESIAN_POINT('',(-5.477514819300E-2,2.35E0,-2.850331423348E0));
#5259=VERTEX_POINT('',#5258);
#5260=CARTESIAN_POINT('',(-1.025294496704E-1,2.35E0,-2.603898329465E0));
#5261=VERTEX_POINT('',#5260);
#5262=CARTESIAN_POINT('',(3.814246903296E-1,2.35E0,-2.603898329465E0));
#5263=VERTEX_POINT('',#5262);
#5264=CARTESIAN_POINT('',(5.777978316513E-1,2.35E0,-2.843734009465E0));
#5265=VERTEX_POINT('',#5264);
#5266=CARTESIAN_POINT('',(7.391430663001E-1,2.35E0,-2.603898329465E0));
#5267=VERTEX_POINT('',#5266);
#5268=CARTESIAN_POINT('',(9.018887063001E-1,2.35E0,-2.603898329465E0));
#5269=VERTEX_POINT('',#5268);
#5270=CARTESIAN_POINT('',(6.671387062331E-1,2.35E0,-2.952848368297E0));
#5271=VERTEX_POINT('',#5270);
#5272=CARTESIAN_POINT('',(1.005610746674E0,2.35E0,-3.366233169465E0));
#5273=VERTEX_POINT('',#5272);
#5274=CARTESIAN_POINT('',(8.342995466741E-1,2.35E0,-3.366233169465E0));
#5275=VERTEX_POINT('',#5274);
#5276=CARTESIAN_POINT('',(5.898705321087E-1,2.35E0,-3.067705588120E0));
#5277=VERTEX_POINT('',#5276);
#5278=CARTESIAN_POINT('',(3.890413533086E-1,2.35E0,-3.366233169465E0));
#5279=VERTEX_POINT('',#5278);
#5280=CARTESIAN_POINT('',(2.262957133086E-1,2.35E0,-3.366233169465E0));
#5281=VERTEX_POINT('',#5280);
#5282=CARTESIAN_POINT('',(5.005296575269E-1,2.35E0,-2.958591229288E0));
#5283=VERTEX_POINT('',#5282);
#5284=CARTESIAN_POINT('',(2.381667962327E-1,2.35E0,-2.638160569465E0));
#5285=VERTEX_POINT('',#5284);
#5286=CARTESIAN_POINT('',(3.687613623274E-2,2.35E0,-2.638160569465E0));
#5287=VERTEX_POINT('',#5286);
#5288=CARTESIAN_POINT('',(1.779635116741E-1,2.35E0,-3.366233169465E0));
#5289=VERTEX_POINT('',#5288);
#5290=CARTESIAN_POINT('',(4.519733167406E-2,2.35E0,-3.366233169465E0));
#5291=VERTEX_POINT('',#5290);
#5292=CARTESIAN_POINT('',(-1.431331202154E-2,2.35E0,-3.059132204920E0));
#5293=VERTEX_POINT('',#5292);
#5294=CARTESIAN_POINT('',(-8.693564840857E-2,2.35E0,-2.997500390031E0));
#5295=VERTEX_POINT('',#5294);
#5296=CARTESIAN_POINT('',(-2.696554430619E-1,2.35E0,-3.366233169465E0));
#5297=VERTEX_POINT('',#5296);
#5298=CARTESIAN_POINT('',(-1.087347137037E0,2.35E0,-3.366233169465E0));
#5299=VERTEX_POINT('',#5298);
#5300=CARTESIAN_POINT('',(-1.125188210731E0,2.35E0,-3.335021068973E0));
#5301=VERTEX_POINT('',#5300);
#5302=CARTESIAN_POINT('',(-1.174129939644E0,2.35E0,-3.082460329877E0));
#5303=VERTEX_POINT('',#5302);
#5304=CARTESIAN_POINT('',(-1.089985960213E0,2.35E0,-2.972217409465E0));
#5305=VERTEX_POINT('',#5304);
#5306=CARTESIAN_POINT('',(-1.215100287819E0,2.35E0,-2.871035403830E0));
#5307=VERTEX_POINT('',#5306);
#5308=CARTESIAN_POINT('',(-1.248098195950E0,2.35E0,-2.700751757314E0));
#5309=VERTEX_POINT('',#5308);
#5310=CARTESIAN_POINT('',(-1.168211484819E0,2.35E0,-2.603898329465E0));
#5311=VERTEX_POINT('',#5310);
#5312=CARTESIAN_POINT('',(-9.071131283514E-1,2.35E0,-2.603898329465E0));
#5313=VERTEX_POINT('',#5312);
#5314=CARTESIAN_POINT('',(-8.813854304768E-1,2.35E0,-2.736664509465E0));
#5315=VERTEX_POINT('',#5314);
#5316=CARTESIAN_POINT('',(-1.105902960483E0,2.35E0,-2.736664509465E0));
#5317=VERTEX_POINT('',#5316);
#5318=CARTESIAN_POINT('',(-1.081442427457E0,2.35E0,-2.862891564309E0));
#5319=VERTEX_POINT('',#5318);
#5320=CARTESIAN_POINT('',(-1.026783098788E0,2.35E0,-2.907975709465E0));
#5321=VERTEX_POINT('',#5320);
#5322=CARTESIAN_POINT('',(-8.481884009612E-1,2.35E0,-2.907975709465E0));
#5323=VERTEX_POINT('',#5322);
#5324=CARTESIAN_POINT('',(-8.224607030866E-1,2.35E0,-3.040741889465E0));
#5325=VERTEX_POINT('',#5324);
#5326=CARTESIAN_POINT('',(0.E0,0.E0,0.E0));
#5327=DIRECTION('',(0.E0,0.E0,1.E0));
#5328=DIRECTION('',(1.E0,0.E0,0.E0));
#5329=AXIS2_PLACEMENT_3D('',#5326,#5327,#5328);
#5330=PLANE('',#5329);
#5332=ORIENTED_EDGE('',*,*,#5331,.T.);
#5334=ORIENTED_EDGE('',*,*,#5333,.T.);
#5336=ORIENTED_EDGE('',*,*,#5335,.T.);
#5338=ORIENTED_EDGE('',*,*,#5337,.T.);
#5340=ORIENTED_EDGE('',*,*,#5339,.T.);
#5342=ORIENTED_EDGE('',*,*,#5341,.T.);
#5344=ORIENTED_EDGE('',*,*,#5343,.T.);
#5346=ORIENTED_EDGE('',*,*,#5345,.F.);
#5348=ORIENTED_EDGE('',*,*,#5347,.F.);
#5350=ORIENTED_EDGE('',*,*,#5349,.T.);
#5352=ORIENTED_EDGE('',*,*,#5351,.F.);
#5354=ORIENTED_EDGE('',*,*,#5353,.F.);
#5355=EDGE_LOOP('',(#5332,#5334,#5336,#5338,#5340,#5342,#5344,#5346,#5348,#5350,
#5352,#5354));
#5356=FACE_OUTER_BOUND('',#5355,.F.);
#5358=CARTESIAN_POINT('',(0.E0,0.E0,0.E0));
#5359=DIRECTION('',(0.E0,0.E0,1.E0));
#5360=DIRECTION('',(1.E0,0.E0,0.E0));
#5361=AXIS2_PLACEMENT_3D('',#5358,#5359,#5360);
#5362=PLANE('',#5361);
#5364=ORIENTED_EDGE('',*,*,#5363,.T.);
#5366=ORIENTED_EDGE('',*,*,#5365,.F.);
#5368=ORIENTED_EDGE('',*,*,#5367,.F.);
#5370=ORIENTED_EDGE('',*,*,#5369,.T.);
#5372=ORIENTED_EDGE('',*,*,#5371,.F.);
#5374=ORIENTED_EDGE('',*,*,#5373,.T.);
#5376=ORIENTED_EDGE('',*,*,#5375,.T.);
#5378=ORIENTED_EDGE('',*,*,#5377,.F.);
#5380=ORIENTED_EDGE('',*,*,#5379,.T.);
#5382=ORIENTED_EDGE('',*,*,#5381,.T.);
#5384=ORIENTED_EDGE('',*,*,#5383,.T.);
#5386=ORIENTED_EDGE('',*,*,#5385,.T.);
#5387=EDGE_LOOP('',(#5364,#5366,#5368,#5370,#5372,#5374,#5376,#5378,#5380,#5382,
#5384,#5386));
#5388=FACE_OUTER_BOUND('',#5387,.F.);
#5390=CARTESIAN_POINT('',(0.E0,0.E0,0.E0));
#5391=DIRECTION('',(0.E0,0.E0,1.E0));
#5392=DIRECTION('',(1.E0,0.E0,0.E0));
#5393=AXIS2_PLACEMENT_3D('',#5390,#5391,#5392);
#5394=PLANE('',#5393);
#5396=ORIENTED_EDGE('',*,*,#5395,.F.);
#5398=ORIENTED_EDGE('',*,*,#5397,.F.);
#5400=ORIENTED_EDGE('',*,*,#5399,.F.);
#5402=ORIENTED_EDGE('',*,*,#5401,.F.);
#5404=ORIENTED_EDGE('',*,*,#5403,.T.);
#5406=ORIENTED_EDGE('',*,*,#5405,.T.);
#5408=ORIENTED_EDGE('',*,*,#5407,.F.);
#5409=EDGE_LOOP('',(#5396,#5398,#5400,#5402,#5404,#5406,#5408));
#5410=FACE_OUTER_BOUND('',#5409,.F.);
#5412=CARTESIAN_POINT('',(0.E0,0.E0,0.E0));
#5413=DIRECTION('',(0.E0,0.E0,1.E0));
#5414=DIRECTION('',(1.E0,0.E0,0.E0));
#5415=AXIS2_PLACEMENT_3D('',#5412,#5413,#5414);
#5416=PLANE('',#5415);
#5418=ORIENTED_EDGE('',*,*,#5417,.F.);
#5420=ORIENTED_EDGE('',*,*,#5419,.T.);
#5422=ORIENTED_EDGE('',*,*,#5421,.T.);
#5424=ORIENTED_EDGE('',*,*,#5423,.T.);
#5426=ORIENTED_EDGE('',*,*,#5425,.T.);
#5428=ORIENTED_EDGE('',*,*,#5427,.F.);
#5430=ORIENTED_EDGE('',*,*,#5429,.F.);
#5431=EDGE_LOOP('',(#5418,#5420,#5422,#5424,#5426,#5428,#5430));
#5432=FACE_OUTER_BOUND('',#5431,.F.);
#5434=CARTESIAN_POINT('',(0.E0,1.20531255E0,0.E0));
#5435=DIRECTION('',(0.E0,-1.E0,0.E0));
#5436=DIRECTION('',(1.E0,0.E0,0.E0));
#5437=AXIS2_PLACEMENT_3D('',#5434,#5435,#5436);
#5438=PLANE('',#5437);
#5440=ORIENTED_EDGE('',*,*,#5439,.F.);
#5442=ORIENTED_EDGE('',*,*,#5441,.F.);
#5444=ORIENTED_EDGE('',*,*,#5443,.F.);
#5446=ORIENTED_EDGE('',*,*,#5445,.F.);
#5447=ORIENTED_EDGE('',*,*,#5363,.F.);
#5449=ORIENTED_EDGE('',*,*,#5448,.F.);
#5451=ORIENTED_EDGE('',*,*,#5450,.F.);
#5453=ORIENTED_EDGE('',*,*,#5452,.F.);
#5454=EDGE_LOOP('',(#5440,#5442,#5444,#5446,#5447,#5449,#5451,#5453));
#5455=FACE_OUTER_BOUND('',#5454,.F.);
#5457=CARTESIAN_POINT('',(0.E0,1.20531255E0,0.E0));
#5458=DIRECTION('',(0.E0,-1.E0,0.E0));
#5459=DIRECTION('',(1.E0,0.E0,0.E0));
#5460=AXIS2_PLACEMENT_3D('',#5457,#5458,#5459);
#5461=PLANE('',#5460);
#5463=ORIENTED_EDGE('',*,*,#5462,.F.);
#5465=ORIENTED_EDGE('',*,*,#5464,.F.);
#5467=ORIENTED_EDGE('',*,*,#5466,.F.);
#5469=ORIENTED_EDGE('',*,*,#5468,.F.);
#5470=ORIENTED_EDGE('',*,*,#5331,.F.);
#5472=ORIENTED_EDGE('',*,*,#5471,.F.);
#5474=ORIENTED_EDGE('',*,*,#5473,.F.);
#5476=ORIENTED_EDGE('',*,*,#5475,.F.);
#5477=EDGE_LOOP('',(#5463,#5465,#5467,#5469,#5470,#5472,#5474,#5476));
#5478=FACE_OUTER_BOUND('',#5477,.F.);
#5480=CARTESIAN_POINT('',(1.707320820556E1,1.40531255E0,-1.395596064322E1));
#5481=DIRECTION('',(-6.804510993646E-1,0.E0,7.327934916288E-1));
#5482=DIRECTION('',(0.E0,-1.E0,0.E0));
#5483=AXIS2_PLACEMENT_3D('',#5480,#5481,#5482);
#5484=CYLINDRICAL_SURFACE('',#5483,2.E-1);
#5486=ORIENTED_EDGE('',*,*,#5485,.T.);
#5488=ORIENTED_EDGE('',*,*,#5487,.F.);
#5490=ORIENTED_EDGE('',*,*,#5489,.T.);
#5491=ORIENTED_EDGE('',*,*,#5439,.T.);
#5492=EDGE_LOOP('',(#5486,#5488,#5490,#5491));
#5493=FACE_OUTER_BOUND('',#5492,.F.);
#5495=CARTESIAN_POINT('',(3.829887225159E0,1.20531255E0,6.E-1));
#5496=DIRECTION('',(-6.877446479123E-1,0.E0,7.259526839044E-1));
#5497=DIRECTION('',(-7.259526839044E-1,0.E0,-6.877446479123E-1));
#5498=AXIS2_PLACEMENT_3D('',#5495,#5496,#5497);
#5499=PLANE('',#5498);
#5501=ORIENTED_EDGE('',*,*,#5500,.F.);
#5503=ORIENTED_EDGE('',*,*,#5502,.F.);
#5504=ORIENTED_EDGE('',*,*,#5485,.F.);
#5505=ORIENTED_EDGE('',*,*,#5452,.T.);
#5507=ORIENTED_EDGE('',*,*,#5506,.T.);
#5509=ORIENTED_EDGE('',*,*,#5508,.F.);
#5510=EDGE_LOOP('',(#5501,#5503,#5504,#5505,#5507,#5509));
#5511=FACE_OUTER_BOUND('',#5510,.F.);
#5513=CARTESIAN_POINT('',(-8.422106580829E0,1.70517145E0,1.350053220386E1));
#5514=DIRECTION('',(6.804510993646E-1,0.E0,-7.327934916288E-1));
#5515=DIRECTION('',(0.E0,1.E0,0.E0));
#5516=AXIS2_PLACEMENT_3D('',#5513,#5514,#5515);
#5517=CYLINDRICAL_SURFACE('',#5516,2.E-1);
#5519=ORIENTED_EDGE('',*,*,#5518,.T.);
#5521=ORIENTED_EDGE('',*,*,#5520,.F.);
#5522=ORIENTED_EDGE('',*,*,#5500,.T.);
#5524=ORIENTED_EDGE('',*,*,#5523,.T.);
#5525=EDGE_LOOP('',(#5519,#5521,#5522,#5524));
#5526=FACE_OUTER_BOUND('',#5525,.F.);
#5528=CARTESIAN_POINT('',(3.747408830668E0,1.20531255E0,1.799974058441E-1));
#5529=DIRECTION('',(6.839411288810E-1,0.E0,-7.295372041404E-1));
#5530=DIRECTION('',(7.295372041404E-1,0.E0,6.839411288810E-1));
#5531=AXIS2_PLACEMENT_3D('',#5528,#5529,#5530);
#5532=PLANE('',#5531);
#5533=ORIENTED_EDGE('',*,*,#5518,.F.);
#5535=ORIENTED_EDGE('',*,*,#5534,.F.);
#5537=ORIENTED_EDGE('',*,*,#5536,.F.);
#5538=ORIENTED_EDGE('',*,*,#5441,.T.);
#5539=ORIENTED_EDGE('',*,*,#5489,.F.);
#5541=ORIENTED_EDGE('',*,*,#5540,.T.);
#5542=EDGE_LOOP('',(#5533,#5535,#5537,#5538,#5539,#5541));
#5543=FACE_OUTER_BOUND('',#5542,.F.);
#5545=CARTESIAN_POINT('',(0.E0,1.90517145E0,0.E0));
#5546=DIRECTION('',(0.E0,-1.E0,0.E0));
#5547=DIRECTION('',(1.E0,0.E0,0.E0));
#5548=AXIS2_PLACEMENT_3D('',#5545,#5546,#5547);
#5549=PLANE('',#5548);
#5550=ORIENTED_EDGE('',*,*,#5523,.F.);
#5551=ORIENTED_EDGE('',*,*,#5508,.T.);
#5553=ORIENTED_EDGE('',*,*,#5552,.T.);
#5555=ORIENTED_EDGE('',*,*,#5554,.T.);
#5556=ORIENTED_EDGE('',*,*,#5417,.T.);
#5558=ORIENTED_EDGE('',*,*,#5557,.F.);
#5560=ORIENTED_EDGE('',*,*,#5559,.T.);
#5562=ORIENTED_EDGE('',*,*,#5561,.T.);
#5564=ORIENTED_EDGE('',*,*,#5563,.T.);
#5565=ORIENTED_EDGE('',*,*,#5534,.T.);
#5566=EDGE_LOOP('',(#5550,#5551,#5553,#5555,#5556,#5558,#5560,#5562,#5564,
#5565));
#5567=FACE_OUTER_BOUND('',#5566,.F.);
#5569=CARTESIAN_POINT('',(0.E0,1.90517145E0,0.E0));
#5570=DIRECTION('',(0.E0,-1.E0,0.E0));
#5571=DIRECTION('',(1.E0,0.E0,0.E0));
#5572=AXIS2_PLACEMENT_3D('',#5569,#5570,#5571);
#5573=PLANE('',#5572);
#5575=ORIENTED_EDGE('',*,*,#5574,.F.);
#5577=ORIENTED_EDGE('',*,*,#5576,.T.);
#5579=ORIENTED_EDGE('',*,*,#5578,.T.);
#5581=ORIENTED_EDGE('',*,*,#5580,.T.);
#5583=ORIENTED_EDGE('',*,*,#5582,.T.);
#5585=ORIENTED_EDGE('',*,*,#5584,.T.);
#5586=ORIENTED_EDGE('',*,*,#5395,.T.);
#5588=ORIENTED_EDGE('',*,*,#5587,.T.);
#5590=ORIENTED_EDGE('',*,*,#5589,.T.);
#5592=ORIENTED_EDGE('',*,*,#5591,.T.);
#5593=EDGE_LOOP('',(#5575,#5577,#5579,#5581,#5583,#5585,#5586,#5588,#5590,
#5592));
#5594=FACE_OUTER_BOUND('',#5593,.F.);
#5596=CARTESIAN_POINT('',(3.85E0,1.20531255E0,6.805410970947E-2));
#5597=DIRECTION('',(0.E0,-1.E0,0.E0));
#5598=DIRECTION('',(1.E0,0.E0,0.E0));
#5599=AXIS2_PLACEMENT_3D('',#5596,#5597,#5598);
#5600=CYLINDRICAL_SURFACE('',#5599,4.E-1);
#5601=ORIENTED_EDGE('',*,*,#5450,.T.);
#5603=ORIENTED_EDGE('',*,*,#5602,.T.);
#5604=ORIENTED_EDGE('',*,*,#5552,.F.);
#5605=ORIENTED_EDGE('',*,*,#5506,.F.);
#5606=EDGE_LOOP('',(#5601,#5603,#5604,#5605));
#5607=FACE_OUTER_BOUND('',#5606,.F.);
#5609=CARTESIAN_POINT('',(3.45E0,1.086706716908E0,0.E0));
#5610=DIRECTION('',(1.E0,0.E0,0.E0));
#5611=DIRECTION('',(0.E0,1.E0,0.E0));
#5612=AXIS2_PLACEMENT_3D('',#5609,#5610,#5611);
#5613=PLANE('',#5612);
#5615=ORIENTED_EDGE('',*,*,#5614,.F.);
#5617=ORIENTED_EDGE('',*,*,#5616,.T.);
#5619=ORIENTED_EDGE('',*,*,#5618,.F.);
#5621=ORIENTED_EDGE('',*,*,#5620,.T.);
#5623=ORIENTED_EDGE('',*,*,#5622,.F.);
#5625=ORIENTED_EDGE('',*,*,#5624,.T.);
#5627=ORIENTED_EDGE('',*,*,#5626,.F.);
#5629=ORIENTED_EDGE('',*,*,#5628,.T.);
#5631=ORIENTED_EDGE('',*,*,#5630,.F.);
#5633=ORIENTED_EDGE('',*,*,#5632,.F.);
#5635=ORIENTED_EDGE('',*,*,#5634,.F.);
#5637=ORIENTED_EDGE('',*,*,#5636,.T.);
#5639=ORIENTED_EDGE('',*,*,#5638,.T.);
#5641=ORIENTED_EDGE('',*,*,#5640,.T.);
#5643=ORIENTED_EDGE('',*,*,#5642,.F.);
#5644=ORIENTED_EDGE('',*,*,#5419,.F.);
#5645=ORIENTED_EDGE('',*,*,#5554,.F.);
#5646=ORIENTED_EDGE('',*,*,#5602,.F.);
#5647=ORIENTED_EDGE('',*,*,#5448,.T.);
#5648=ORIENTED_EDGE('',*,*,#5385,.F.);
#5650=ORIENTED_EDGE('',*,*,#5649,.T.);
#5652=ORIENTED_EDGE('',*,*,#5651,.F.);
#5654=ORIENTED_EDGE('',*,*,#5653,.F.);
#5656=ORIENTED_EDGE('',*,*,#5655,.F.);
#5658=ORIENTED_EDGE('',*,*,#5657,.F.);
#5660=ORIENTED_EDGE('',*,*,#5659,.T.);
#5661=EDGE_LOOP('',(#5615,#5617,#5619,#5621,#5623,#5625,#5627,#5629,#5631,#5633,
#5635,#5637,#5639,#5641,#5643,#5644,#5645,#5646,#5647,#5648,#5650,#5652,#5654,
#5656,#5658,#5660));
#5662=FACE_OUTER_BOUND('',#5661,.F.);
#5664=CARTESIAN_POINT('',(1.707320820556E1,3.E-1,-1.48E0));
#5665=DIRECTION('',(-1.E0,0.E0,0.E0));
#5666=DIRECTION('',(0.E0,-1.E0,0.E0));
#5667=AXIS2_PLACEMENT_3D('',#5664,#5665,#5666);
#5668=CYLINDRICAL_SURFACE('',#5667,1.5E-1);
#5669=ORIENTED_EDGE('',*,*,#5614,.T.);
#5671=ORIENTED_EDGE('',*,*,#5670,.F.);
#5673=ORIENTED_EDGE('',*,*,#5672,.T.);
#5675=ORIENTED_EDGE('',*,*,#5674,.T.);
#5676=EDGE_LOOP('',(#5669,#5671,#5673,#5675));
#5677=FACE_OUTER_BOUND('',#5676,.F.);
#5679=CARTESIAN_POINT('',(3.7E0,1.1E0,-1.33E0));
#5680=DIRECTION('',(0.E0,0.E0,-1.E0));
#5681=DIRECTION('',(0.E0,-1.E0,0.E0));
#5682=AXIS2_PLACEMENT_3D('',#5679,#5680,#5681);
#5683=PLANE('',#5682);
#5684=ORIENTED_EDGE('',*,*,#5670,.T.);
#5685=ORIENTED_EDGE('',*,*,#5659,.F.);
#5687=ORIENTED_EDGE('',*,*,#5686,.F.);
#5689=ORIENTED_EDGE('',*,*,#5688,.T.);
#5690=EDGE_LOOP('',(#5684,#5685,#5687,#5689));
#5691=FACE_OUTER_BOUND('',#5690,.F.);
#5693=CARTESIAN_POINT('',(1.707320820556E1,9.5E-1,-1.18E0));
#5694=DIRECTION('',(-1.E0,0.E0,0.E0));
#5695=DIRECTION('',(0.E0,1.E0,0.E0));
#5696=AXIS2_PLACEMENT_3D('',#5693,#5694,#5695);
#5697=CYLINDRICAL_SURFACE('',#5696,1.5E-1);
#5699=ORIENTED_EDGE('',*,*,#5698,.T.);
#5700=ORIENTED_EDGE('',*,*,#5686,.T.);
#5701=ORIENTED_EDGE('',*,*,#5657,.T.);
#5703=ORIENTED_EDGE('',*,*,#5702,.F.);
#5704=EDGE_LOOP('',(#5699,#5700,#5701,#5703));
#5705=FACE_OUTER_BOUND('',#5704,.F.);
#5707=CARTESIAN_POINT('',(3.7E0,1.086706716908E0,0.E0));
#5708=DIRECTION('',(1.E0,0.E0,0.E0));
#5709=DIRECTION('',(0.E0,1.E0,0.E0));
#5710=AXIS2_PLACEMENT_3D('',#5707,#5708,#5709);
#5711=PLANE('',#5710);
#5713=ORIENTED_EDGE('',*,*,#5712,.F.);
#5715=ORIENTED_EDGE('',*,*,#5714,.T.);
#5717=ORIENTED_EDGE('',*,*,#5716,.F.);
#5719=ORIENTED_EDGE('',*,*,#5718,.T.);
#5721=ORIENTED_EDGE('',*,*,#5720,.F.);
#5723=ORIENTED_EDGE('',*,*,#5722,.T.);
#5725=ORIENTED_EDGE('',*,*,#5724,.F.);
#5727=ORIENTED_EDGE('',*,*,#5726,.T.);
#5729=ORIENTED_EDGE('',*,*,#5728,.F.);
#5731=ORIENTED_EDGE('',*,*,#5730,.F.);
#5733=ORIENTED_EDGE('',*,*,#5732,.F.);
#5735=ORIENTED_EDGE('',*,*,#5734,.F.);
#5737=ORIENTED_EDGE('',*,*,#5736,.F.);
#5739=ORIENTED_EDGE('',*,*,#5738,.F.);
#5741=ORIENTED_EDGE('',*,*,#5740,.F.);
#5743=ORIENTED_EDGE('',*,*,#5742,.F.);
#5744=ORIENTED_EDGE('',*,*,#5672,.F.);
#5745=ORIENTED_EDGE('',*,*,#5688,.F.);
#5746=ORIENTED_EDGE('',*,*,#5698,.F.);
#5748=ORIENTED_EDGE('',*,*,#5747,.T.);
#5750=ORIENTED_EDGE('',*,*,#5749,.F.);
#5752=ORIENTED_EDGE('',*,*,#5751,.T.);
#5753=ORIENTED_EDGE('',*,*,#5365,.T.);
#5754=ORIENTED_EDGE('',*,*,#5445,.T.);
#5756=ORIENTED_EDGE('',*,*,#5755,.T.);
#5757=ORIENTED_EDGE('',*,*,#5561,.F.);
#5759=ORIENTED_EDGE('',*,*,#5758,.F.);
#5761=ORIENTED_EDGE('',*,*,#5760,.T.);
#5763=ORIENTED_EDGE('',*,*,#5762,.T.);
#5765=ORIENTED_EDGE('',*,*,#5764,.F.);
#5767=ORIENTED_EDGE('',*,*,#5766,.F.);
#5768=EDGE_LOOP('',(#5713,#5715,#5717,#5719,#5721,#5723,#5725,#5727,#5729,#5731,
#5733,#5735,#5737,#5739,#5741,#5743,#5744,#5745,#5746,#5748,#5750,#5752,#5753,
#5754,#5756,#5757,#5759,#5761,#5763,#5765,#5767));
#5769=FACE_OUTER_BOUND('',#5768,.F.);
#5771=CARTESIAN_POINT('',(1.707320820556E1,-1.65E0,-5.35E0));
#5772=DIRECTION('',(-1.E0,0.E0,0.E0));
#5773=DIRECTION('',(0.E0,-1.E0,0.E0));
#5774=AXIS2_PLACEMENT_3D('',#5771,#5772,#5773);
#5775=CYLINDRICAL_SURFACE('',#5774,1.5E-1);
#5777=ORIENTED_EDGE('',*,*,#5776,.T.);
#5779=ORIENTED_EDGE('',*,*,#5778,.F.);
#5780=ORIENTED_EDGE('',*,*,#5712,.T.);
#5782=ORIENTED_EDGE('',*,*,#5781,.T.);
#5783=EDGE_LOOP('',(#5777,#5779,#5780,#5782));
#5784=FACE_OUTER_BOUND('',#5783,.F.);
#5786=CARTESIAN_POINT('',(3.45E0,-1.8E0,-4.8E0));
#5787=DIRECTION('',(-1.E0,0.E0,0.E0));
#5788=DIRECTION('',(0.E0,1.E0,0.E0));
#5789=AXIS2_PLACEMENT_3D('',#5786,#5787,#5788);
#5790=PLANE('',#5789);
#5791=ORIENTED_EDGE('',*,*,#5776,.F.);
#5793=ORIENTED_EDGE('',*,*,#5792,.T.);
#5795=ORIENTED_EDGE('',*,*,#5794,.F.);
#5797=ORIENTED_EDGE('',*,*,#5796,.T.);
#5799=ORIENTED_EDGE('',*,*,#5798,.F.);
#5801=ORIENTED_EDGE('',*,*,#5800,.T.);
#5803=ORIENTED_EDGE('',*,*,#5802,.F.);
#5805=ORIENTED_EDGE('',*,*,#5804,.T.);
#5807=ORIENTED_EDGE('',*,*,#5806,.F.);
#5809=ORIENTED_EDGE('',*,*,#5808,.F.);
#5810=EDGE_LOOP('',(#5791,#5793,#5795,#5797,#5799,#5801,#5803,#5805,#5807,
#5809));
#5811=FACE_OUTER_BOUND('',#5810,.F.);
#5813=CARTESIAN_POINT('',(3.7E0,-1.8E0,-4.8E0));
#5814=DIRECTION('',(0.E0,-1.E0,0.E0));
#5815=DIRECTION('',(-1.E0,0.E0,0.E0));
#5816=AXIS2_PLACEMENT_3D('',#5813,#5814,#5815);
#5817=PLANE('',#5816);
#5818=ORIENTED_EDGE('',*,*,#5781,.F.);
#5819=ORIENTED_EDGE('',*,*,#5766,.T.);
#5821=ORIENTED_EDGE('',*,*,#5820,.T.);
#5822=ORIENTED_EDGE('',*,*,#5792,.F.);
#5823=EDGE_LOOP('',(#5818,#5819,#5821,#5822));
#5824=FACE_OUTER_BOUND('',#5823,.F.);
#5826=CARTESIAN_POINT('',(1.707320820556E1,-1.65E0,-5.85E0));
#5827=DIRECTION('',(-1.E0,0.E0,0.E0));
#5828=DIRECTION('',(0.E0,0.E0,-1.E0));
#5829=AXIS2_PLACEMENT_3D('',#5826,#5827,#5828);
#5830=CYLINDRICAL_SURFACE('',#5829,1.5E-1);
#5831=ORIENTED_EDGE('',*,*,#5794,.T.);
#5832=ORIENTED_EDGE('',*,*,#5820,.F.);
#5833=ORIENTED_EDGE('',*,*,#5764,.T.);
#5835=ORIENTED_EDGE('',*,*,#5834,.T.);
#5836=EDGE_LOOP('',(#5831,#5832,#5833,#5835));
#5837=FACE_OUTER_BOUND('',#5836,.F.);
#5839=CARTESIAN_POINT('',(0.E0,0.E0,-6.E0));
#5840=DIRECTION('',(0.E0,0.E0,-1.E0));
#5841=DIRECTION('',(-1.E0,0.E0,0.E0));
#5842=AXIS2_PLACEMENT_3D('',#5839,#5840,#5841);
#5843=PLANE('',#5842);
#5845=ORIENTED_EDGE('',*,*,#5844,.F.);
#5847=ORIENTED_EDGE('',*,*,#5846,.F.);
#5849=ORIENTED_EDGE('',*,*,#5848,.F.);
#5850=ORIENTED_EDGE('',*,*,#5796,.F.);
#5851=ORIENTED_EDGE('',*,*,#5834,.F.);
#5852=ORIENTED_EDGE('',*,*,#5762,.F.);
#5854=ORIENTED_EDGE('',*,*,#5853,.F.);
#5856=ORIENTED_EDGE('',*,*,#5855,.F.);
#5857=EDGE_LOOP('',(#5845,#5847,#5849,#5850,#5851,#5852,#5854,#5856));
#5858=FACE_OUTER_BOUND('',#5857,.F.);
#5860=CARTESIAN_POINT('',(0.E0,0.E0,-6.E0));
#5861=DIRECTION('',(0.E0,0.E0,-1.E0));
#5862=DIRECTION('',(-1.E0,0.E0,0.E0));
#5863=AXIS2_PLACEMENT_3D('',#5860,#5861,#5862);
#5864=PLANE('',#5863);
#5866=ORIENTED_EDGE('',*,*,#5865,.F.);
#5868=ORIENTED_EDGE('',*,*,#5867,.F.);
#5870=ORIENTED_EDGE('',*,*,#5869,.F.);
#5872=ORIENTED_EDGE('',*,*,#5871,.F.);
#5874=ORIENTED_EDGE('',*,*,#5873,.F.);
#5876=ORIENTED_EDGE('',*,*,#5875,.F.);
#5878=ORIENTED_EDGE('',*,*,#5877,.F.);
#5880=ORIENTED_EDGE('',*,*,#5879,.F.);
#5881=EDGE_LOOP('',(#5866,#5868,#5870,#5872,#5874,#5876,#5878,#5880));
#5882=FACE_OUTER_BOUND('',#5881,.F.);
#5884=CARTESIAN_POINT('',(2.525E0,-1.262058664854E1,-5.85E0));
#5885=DIRECTION('',(0.E0,1.E0,0.E0));
#5886=DIRECTION('',(0.E0,0.E0,-1.E0));
#5887=AXIS2_PLACEMENT_3D('',#5884,#5885,#5886);
#5888=CYLINDRICAL_SURFACE('',#5887,1.5E-1);
#5890=ORIENTED_EDGE('',*,*,#5889,.T.);
#5892=ORIENTED_EDGE('',*,*,#5891,.F.);
#5894=ORIENTED_EDGE('',*,*,#5893,.T.);
#5895=ORIENTED_EDGE('',*,*,#5844,.T.);
#5896=EDGE_LOOP('',(#5890,#5892,#5894,#5895));
#5897=FACE_OUTER_BOUND('',#5896,.F.);
#5899=CARTESIAN_POINT('',(3.2E0,2.35E0,0.E0));
#5900=DIRECTION('',(0.E0,1.E0,0.E0));
#5901=DIRECTION('',(-1.E0,0.E0,0.E0));
#5902=AXIS2_PLACEMENT_3D('',#5899,#5900,#5901);
#5903=PLANE('',#5902);
#5904=ORIENTED_EDGE('',*,*,#5889,.F.);
#5905=ORIENTED_EDGE('',*,*,#5855,.T.);
#5907=ORIENTED_EDGE('',*,*,#5906,.T.);
#5908=ORIENTED_EDGE('',*,*,#5427,.T.);
#5910=ORIENTED_EDGE('',*,*,#5909,.T.);
#5912=ORIENTED_EDGE('',*,*,#5911,.F.);
#5914=ORIENTED_EDGE('',*,*,#5913,.F.);
#5915=ORIENTED_EDGE('',*,*,#5399,.T.);
#5917=ORIENTED_EDGE('',*,*,#5916,.F.);
#5918=ORIENTED_EDGE('',*,*,#5867,.T.);
#5920=ORIENTED_EDGE('',*,*,#5919,.F.);
#5922=ORIENTED_EDGE('',*,*,#5921,.F.);
#5924=ORIENTED_EDGE('',*,*,#5923,.F.);
#5926=ORIENTED_EDGE('',*,*,#5925,.T.);
#5928=ORIENTED_EDGE('',*,*,#5927,.F.);
#5930=ORIENTED_EDGE('',*,*,#5929,.F.);
#5932=ORIENTED_EDGE('',*,*,#5931,.T.);
#5934=ORIENTED_EDGE('',*,*,#5933,.T.);
#5936=ORIENTED_EDGE('',*,*,#5935,.F.);
#5938=ORIENTED_EDGE('',*,*,#5937,.F.);
#5940=ORIENTED_EDGE('',*,*,#5939,.T.);
#5942=ORIENTED_EDGE('',*,*,#5941,.T.);
#5944=ORIENTED_EDGE('',*,*,#5943,.F.);
#5946=ORIENTED_EDGE('',*,*,#5945,.F.);
#5948=ORIENTED_EDGE('',*,*,#5947,.F.);
#5950=ORIENTED_EDGE('',*,*,#5949,.T.);
#5951=EDGE_LOOP('',(#5904,#5905,#5907,#5908,#5910,#5912,#5914,#5915,#5917,#5918,
#5920,#5922,#5924,#5926,#5928,#5930,#5932,#5934,#5936,#5938,#5940,#5942,#5944,
#5946,#5948,#5950));
#5952=FACE_OUTER_BOUND('',#5951,.F.);
#5954=ORIENTED_EDGE('',*,*,#5953,.F.);
#5956=ORIENTED_EDGE('',*,*,#5955,.F.);
#5958=ORIENTED_EDGE('',*,*,#5957,.T.);
#5960=ORIENTED_EDGE('',*,*,#5959,.F.);
#5962=ORIENTED_EDGE('',*,*,#5961,.T.);
#5964=ORIENTED_EDGE('',*,*,#5963,.F.);
#5966=ORIENTED_EDGE('',*,*,#5965,.T.);
#5968=ORIENTED_EDGE('',*,*,#5967,.F.);
#5970=ORIENTED_EDGE('',*,*,#5969,.F.);
#5972=ORIENTED_EDGE('',*,*,#5971,.T.);
#5974=ORIENTED_EDGE('',*,*,#5973,.F.);
#5976=ORIENTED_EDGE('',*,*,#5975,.T.);
#5978=ORIENTED_EDGE('',*,*,#5977,.F.);
#5980=ORIENTED_EDGE('',*,*,#5979,.T.);
#5981=EDGE_LOOP('',(#5954,#5956,#5958,#5960,#5962,#5964,#5966,#5968,#5970,#5972,
#5974,#5976,#5978,#5980));
#5982=FACE_BOUND('',#5981,.F.);
#5984=ORIENTED_EDGE('',*,*,#5983,.F.);
#5986=ORIENTED_EDGE('',*,*,#5985,.F.);
#5988=ORIENTED_EDGE('',*,*,#5987,.T.);
#5990=ORIENTED_EDGE('',*,*,#5989,.F.);
#5992=ORIENTED_EDGE('',*,*,#5991,.T.);
#5994=ORIENTED_EDGE('',*,*,#5993,.F.);
#5996=ORIENTED_EDGE('',*,*,#5995,.T.);
#5998=ORIENTED_EDGE('',*,*,#5997,.F.);
#6000=ORIENTED_EDGE('',*,*,#5999,.F.);
#6002=ORIENTED_EDGE('',*,*,#6001,.T.);
#6004=ORIENTED_EDGE('',*,*,#6003,.F.);
#6006=ORIENTED_EDGE('',*,*,#6005,.T.);
#6008=ORIENTED_EDGE('',*,*,#6007,.F.);
#6010=ORIENTED_EDGE('',*,*,#6009,.T.);
#6011=EDGE_LOOP('',(#5984,#5986,#5988,#5990,#5992,#5994,#5996,#5998,#6000,#6002,
#6004,#6006,#6008,#6010));
#6012=FACE_BOUND('',#6011,.F.);
#6014=ORIENTED_EDGE('',*,*,#6013,.F.);
#6016=ORIENTED_EDGE('',*,*,#6015,.T.);
#6018=ORIENTED_EDGE('',*,*,#6017,.T.);
#6020=ORIENTED_EDGE('',*,*,#6019,.T.);
#6022=ORIENTED_EDGE('',*,*,#6021,.T.);
#6024=ORIENTED_EDGE('',*,*,#6023,.T.);
#6026=ORIENTED_EDGE('',*,*,#6025,.T.);
#6028=ORIENTED_EDGE('',*,*,#6027,.T.);
#6030=ORIENTED_EDGE('',*,*,#6029,.T.);
#6032=ORIENTED_EDGE('',*,*,#6031,.T.);
#6034=ORIENTED_EDGE('',*,*,#6033,.T.);
#6036=ORIENTED_EDGE('',*,*,#6035,.T.);
#6038=ORIENTED_EDGE('',*,*,#6037,.T.);
#6040=ORIENTED_EDGE('',*,*,#6039,.T.);
#6042=ORIENTED_EDGE('',*,*,#6041,.T.);
#6044=ORIENTED_EDGE('',*,*,#6043,.T.);
#6046=ORIENTED_EDGE('',*,*,#6045,.T.);
#6048=ORIENTED_EDGE('',*,*,#6047,.T.);
#6050=ORIENTED_EDGE('',*,*,#6049,.T.);
#6052=ORIENTED_EDGE('',*,*,#6051,.T.);
#6054=ORIENTED_EDGE('',*,*,#6053,.T.);
#6056=ORIENTED_EDGE('',*,*,#6055,.T.);
#6058=ORIENTED_EDGE('',*,*,#6057,.T.);
#6060=ORIENTED_EDGE('',*,*,#6059,.T.);
#6062=ORIENTED_EDGE('',*,*,#6061,.T.);
#6064=ORIENTED_EDGE('',*,*,#6063,.T.);
#6066=ORIENTED_EDGE('',*,*,#6065,.T.);
#6068=ORIENTED_EDGE('',*,*,#6067,.T.);
#6070=ORIENTED_EDGE('',*,*,#6069,.T.);
#6072=ORIENTED_EDGE('',*,*,#6071,.T.);
#6074=ORIENTED_EDGE('',*,*,#6073,.T.);
#6076=ORIENTED_EDGE('',*,*,#6075,.T.);
#6078=ORIENTED_EDGE('',*,*,#6077,.T.);
#6080=ORIENTED_EDGE('',*,*,#6079,.T.);
#6082=ORIENTED_EDGE('',*,*,#6081,.T.);
#6084=ORIENTED_EDGE('',*,*,#6083,.T.);
#6086=ORIENTED_EDGE('',*,*,#6085,.T.);
#6088=ORIENTED_EDGE('',*,*,#6087,.T.);
#6090=ORIENTED_EDGE('',*,*,#6089,.T.);
#6092=ORIENTED_EDGE('',*,*,#6091,.T.);
#6094=ORIENTED_EDGE('',*,*,#6093,.T.);
#6096=ORIENTED_EDGE('',*,*,#6095,.F.);
#6098=ORIENTED_EDGE('',*,*,#6097,.T.);
#6100=ORIENTED_EDGE('',*,*,#6099,.T.);
#6102=ORIENTED_EDGE('',*,*,#6101,.T.);
#6103=EDGE_LOOP('',(#6014,#6016,#6018,#6020,#6022,#6024,#6026,#6028,#6030,#6032,
#6034,#6036,#6038,#6040,#6042,#6044,#6046,#6048,#6050,#6052,#6054,#6056,#6058,
#6060,#6062,#6064,#6066,#6068,#6070,#6072,#6074,#6076,#6078,#6080,#6082,#6084,
#6086,#6088,#6090,#6092,#6094,#6096,#6098,#6100,#6102));
#6104=FACE_BOUND('',#6103,.F.);
#6106=CARTESIAN_POINT('',(1.9E0,1.444799599854E1,-1.35E0));
#6107=DIRECTION('',(0.E0,-1.E0,0.E0));
#6108=DIRECTION('',(1.E0,0.E0,0.E0));
#6109=AXIS2_PLACEMENT_3D('',#6106,#6107,#6108);
#6110=CYLINDRICAL_SURFACE('',#6109,1.5E-1);
#6112=ORIENTED_EDGE('',*,*,#6111,.F.);
#6113=ORIENTED_EDGE('',*,*,#5983,.T.);
#6115=ORIENTED_EDGE('',*,*,#6114,.T.);
#6117=ORIENTED_EDGE('',*,*,#6116,.T.);
#6118=EDGE_LOOP('',(#6112,#6113,#6115,#6117));
#6119=FACE_OUTER_BOUND('',#6118,.F.);
#6121=CARTESIAN_POINT('',(2.05E0,1.444799599854E1,-1.090192378865E0));
#6122=DIRECTION('',(0.E0,-1.E0,0.E0));
#6123=DIRECTION('',(-1.E0,0.E0,0.E0));
#6124=AXIS2_PLACEMENT_3D('',#6121,#6122,#6123);
#6125=CYLINDRICAL_SURFACE('',#6124,1.5E-1);
#6127=ORIENTED_EDGE('',*,*,#6126,.F.);
#6128=ORIENTED_EDGE('',*,*,#5985,.T.);
#6129=ORIENTED_EDGE('',*,*,#6111,.T.);
#6131=ORIENTED_EDGE('',*,*,#6130,.T.);
#6132=EDGE_LOOP('',(#6127,#6128,#6129,#6131));
#6133=FACE_OUTER_BOUND('',#6132,.F.);
#6135=CARTESIAN_POINT('',(1.9E0,2.35E0,-1.2E0));
#6136=DIRECTION('',(-1.E0,0.E0,0.E0));
#6137=DIRECTION('',(0.E0,0.E0,1.E0));
#6138=AXIS2_PLACEMENT_3D('',#6135,#6136,#6137);
#6139=PLANE('',#6138);
#6140=ORIENTED_EDGE('',*,*,#6126,.T.);
#6142=ORIENTED_EDGE('',*,*,#6141,.T.);
#6144=ORIENTED_EDGE('',*,*,#6143,.F.);
#6145=ORIENTED_EDGE('',*,*,#5987,.F.);
#6146=EDGE_LOOP('',(#6140,#6142,#6144,#6145));
#6147=FACE_OUTER_BOUND('',#6146,.F.);
#6149=CARTESIAN_POINT('',(3.2E0,2.1E0,0.E0));
#6150=DIRECTION('',(0.E0,1.E0,0.E0));
#6151=DIRECTION('',(-1.E0,0.E0,0.E0));
#6152=AXIS2_PLACEMENT_3D('',#6149,#6150,#6151);
#6153=PLANE('',#6152);
#6154=ORIENTED_EDGE('',*,*,#5403,.F.);
#6156=ORIENTED_EDGE('',*,*,#6155,.F.);
#6158=ORIENTED_EDGE('',*,*,#6157,.T.);
#6160=ORIENTED_EDGE('',*,*,#6159,.T.);
#6161=ORIENTED_EDGE('',*,*,#5423,.F.);
#6163=ORIENTED_EDGE('',*,*,#6162,.T.);
#6165=ORIENTED_EDGE('',*,*,#6164,.T.);
#6167=ORIENTED_EDGE('',*,*,#6166,.F.);
#6168=EDGE_LOOP('',(#6154,#6156,#6158,#6160,#6161,#6163,#6165,#6167));
#6169=FACE_OUTER_BOUND('',#6168,.F.);
#6170=ORIENTED_EDGE('',*,*,#6141,.F.);
#6171=ORIENTED_EDGE('',*,*,#6130,.F.);
#6172=ORIENTED_EDGE('',*,*,#6116,.F.);
#6174=ORIENTED_EDGE('',*,*,#6173,.F.);
#6176=ORIENTED_EDGE('',*,*,#6175,.F.);
#6178=ORIENTED_EDGE('',*,*,#6177,.F.);
#6180=ORIENTED_EDGE('',*,*,#6179,.F.);
#6182=ORIENTED_EDGE('',*,*,#6181,.F.);
#6184=ORIENTED_EDGE('',*,*,#6183,.F.);
#6186=ORIENTED_EDGE('',*,*,#6185,.F.);
#6188=ORIENTED_EDGE('',*,*,#6187,.F.);
#6190=ORIENTED_EDGE('',*,*,#6189,.F.);
#6192=ORIENTED_EDGE('',*,*,#6191,.F.);
#6194=ORIENTED_EDGE('',*,*,#6193,.F.);
#6195=EDGE_LOOP('',(#6170,#6171,#6172,#6174,#6176,#6178,#6180,#6182,#6184,#6186,
#6188,#6190,#6192,#6194));
#6196=FACE_BOUND('',#6195,.F.);
#6198=ORIENTED_EDGE('',*,*,#6197,.F.);
#6200=ORIENTED_EDGE('',*,*,#6199,.F.);
#6202=ORIENTED_EDGE('',*,*,#6201,.F.);
#6204=ORIENTED_EDGE('',*,*,#6203,.F.);
#6206=ORIENTED_EDGE('',*,*,#6205,.F.);
#6208=ORIENTED_EDGE('',*,*,#6207,.F.);
#6210=ORIENTED_EDGE('',*,*,#6209,.F.);
#6212=ORIENTED_EDGE('',*,*,#6211,.F.);
#6214=ORIENTED_EDGE('',*,*,#6213,.F.);
#6216=ORIENTED_EDGE('',*,*,#6215,.F.);
#6218=ORIENTED_EDGE('',*,*,#6217,.F.);
#6220=ORIENTED_EDGE('',*,*,#6219,.F.);
#6222=ORIENTED_EDGE('',*,*,#6221,.F.);
#6224=ORIENTED_EDGE('',*,*,#6223,.F.);
#6225=EDGE_LOOP('',(#6198,#6200,#6202,#6204,#6206,#6208,#6210,#6212,#6214,#6216,
#6218,#6220,#6222,#6224));
#6226=FACE_BOUND('',#6225,.F.);
#6228=CARTESIAN_POINT('',(-3.1E0,0.E0,0.E0));
#6229=DIRECTION('',(1.E0,0.E0,0.E0));
#6230=DIRECTION('',(0.E0,0.E0,-1.E0));
#6231=AXIS2_PLACEMENT_3D('',#6228,#6229,#6230);
#6232=PLANE('',#6231);
#6234=ORIENTED_EDGE('',*,*,#6233,.F.);
#6236=ORIENTED_EDGE('',*,*,#6235,.T.);
#6238=ORIENTED_EDGE('',*,*,#6237,.T.);
#6239=ORIENTED_EDGE('',*,*,#6155,.T.);
#6240=ORIENTED_EDGE('',*,*,#5401,.T.);
#6241=ORIENTED_EDGE('',*,*,#5913,.T.);
#6243=ORIENTED_EDGE('',*,*,#6242,.T.);
#6245=ORIENTED_EDGE('',*,*,#6244,.T.);
#6246=EDGE_LOOP('',(#6234,#6236,#6238,#6239,#6240,#6241,#6243,#6245));
#6247=FACE_OUTER_BOUND('',#6246,.F.);
#6249=CARTESIAN_POINT('',(-2.9E0,-8.803712431222E0,1.350053220386E1));
#6250=DIRECTION('',(0.E0,6.507913734578E-1,-7.592566023637E-1));
#6251=DIRECTION('',(-1.E0,0.E0,0.E0));
#6252=AXIS2_PLACEMENT_3D('',#6249,#6250,#6251);
#6253=CYLINDRICAL_SURFACE('',#6252,2.E-1);
#6255=ORIENTED_EDGE('',*,*,#6254,.T.);
#6257=ORIENTED_EDGE('',*,*,#6256,.F.);
#6259=ORIENTED_EDGE('',*,*,#6258,.T.);
#6260=ORIENTED_EDGE('',*,*,#6233,.T.);
#6261=EDGE_LOOP('',(#6255,#6257,#6259,#6260));
#6262=FACE_OUTER_BOUND('',#6261,.F.);
#6264=CARTESIAN_POINT('',(-3.1E0,2.434594590729E0,1.936516647598E-1));
#6265=DIRECTION('',(0.E0,6.616216370841E-1,-7.498378553675E-1));
#6266=DIRECTION('',(0.E0,7.498378553675E-1,6.616216370841E-1));
#6267=AXIS2_PLACEMENT_3D('',#6264,#6265,#6266);
#6268=PLANE('',#6267);
#6269=ORIENTED_EDGE('',*,*,#6254,.F.);
#6270=ORIENTED_EDGE('',*,*,#6244,.F.);
#6272=ORIENTED_EDGE('',*,*,#6271,.T.);
#6274=ORIENTED_EDGE('',*,*,#6273,.T.);
#6276=ORIENTED_EDGE('',*,*,#6275,.F.);
#6278=ORIENTED_EDGE('',*,*,#6277,.F.);
#6279=EDGE_LOOP('',(#6269,#6270,#6272,#6274,#6276,#6278));
#6280=FACE_OUTER_BOUND('',#6279,.F.);
#6282=CARTESIAN_POINT('',(-3.1E0,2.6E0,6.192200917889E-3));
#6283=DIRECTION('',(1.E0,0.E0,0.E0));
#6284=DIRECTION('',(0.E0,0.E0,-1.E0));
#6285=AXIS2_PLACEMENT_3D('',#6282,#6283,#6284);
#6286=CYLINDRICAL_SURFACE('',#6285,2.5E-1);
#6287=ORIENTED_EDGE('',*,*,#6242,.F.);
#6288=ORIENTED_EDGE('',*,*,#5911,.T.);
#6290=ORIENTED_EDGE('',*,*,#6289,.T.);
#6291=ORIENTED_EDGE('',*,*,#6271,.F.);
#6292=EDGE_LOOP('',(#6287,#6288,#6290,#6291));
#6293=FACE_OUTER_BOUND('',#6292,.F.);
#6295=CARTESIAN_POINT('',(3.1E0,0.E0,0.E0));
#6296=DIRECTION('',(1.E0,0.E0,0.E0));
#6297=DIRECTION('',(0.E0,0.E0,-1.E0));
#6298=AXIS2_PLACEMENT_3D('',#6295,#6296,#6297);
#6299=PLANE('',#6298);
#6301=ORIENTED_EDGE('',*,*,#6300,.F.);
#6302=ORIENTED_EDGE('',*,*,#6273,.F.);
#6303=ORIENTED_EDGE('',*,*,#6289,.F.);
#6304=ORIENTED_EDGE('',*,*,#5909,.F.);
#6305=ORIENTED_EDGE('',*,*,#5425,.F.);
#6306=ORIENTED_EDGE('',*,*,#6159,.F.);
#6308=ORIENTED_EDGE('',*,*,#6307,.F.);
#6310=ORIENTED_EDGE('',*,*,#6309,.F.);
#6311=EDGE_LOOP('',(#6301,#6302,#6303,#6304,#6305,#6306,#6308,#6310));
#6312=FACE_OUTER_BOUND('',#6311,.F.);
#6314=CARTESIAN_POINT('',(2.9E0,1.444799599854E1,-1.362646096406E1));
#6315=DIRECTION('',(0.E0,-6.507913734578E-1,7.592566023637E-1));
#6316=DIRECTION('',(1.E0,0.E0,0.E0));
#6317=AXIS2_PLACEMENT_3D('',#6314,#6315,#6316);
#6318=CYLINDRICAL_SURFACE('',#6317,2.E-1);
#6320=ORIENTED_EDGE('',*,*,#6319,.T.);
#6322=ORIENTED_EDGE('',*,*,#6321,.F.);
#6323=ORIENTED_EDGE('',*,*,#6275,.T.);
#6324=ORIENTED_EDGE('',*,*,#6300,.T.);
#6325=EDGE_LOOP('',(#6320,#6322,#6323,#6324));
#6326=FACE_OUTER_BOUND('',#6325,.F.);
#6328=CARTESIAN_POINT('',(-3.1E0,2.517302156636E0,6.E-1));
#6329=DIRECTION('',(0.E0,-6.000000000017E-1,7.999999999987E-1));
#6330=DIRECTION('',(0.E0,-7.999999999987E-1,-6.000000000017E-1));
#6331=AXIS2_PLACEMENT_3D('',#6328,#6329,#6330);
#6332=PLANE('',#6331);
#6333=ORIENTED_EDGE('',*,*,#6258,.F.);
#6335=ORIENTED_EDGE('',*,*,#6334,.T.);
#6336=ORIENTED_EDGE('',*,*,#6319,.F.);
#6337=ORIENTED_EDGE('',*,*,#6309,.T.);
#6339=ORIENTED_EDGE('',*,*,#6338,.F.);
#6340=ORIENTED_EDGE('',*,*,#6235,.F.);
#6341=EDGE_LOOP('',(#6333,#6335,#6336,#6337,#6339,#6340));
#6342=FACE_OUTER_BOUND('',#6341,.F.);
#6344=CARTESIAN_POINT('',(-3.1E0,2.68E0,4.101858494091E-1));
#6345=DIRECTION('',(0.E0,7.592566023637E-1,6.507913734578E-1));
#6346=DIRECTION('',(0.E0,-6.507913734578E-1,7.592566023637E-1));
#6347=AXIS2_PLACEMENT_3D('',#6344,#6345,#6346);
#6348=PLANE('',#6347);
#6349=ORIENTED_EDGE('',*,*,#6256,.T.);
#6350=ORIENTED_EDGE('',*,*,#6277,.T.);
#6351=ORIENTED_EDGE('',*,*,#6321,.T.);
#6352=ORIENTED_EDGE('',*,*,#6334,.F.);
#6353=EDGE_LOOP('',(#6349,#6350,#6351,#6352));
#6354=FACE_OUTER_BOUND('',#6353,.F.);
#6356=CARTESIAN_POINT('',(-3.1E0,2.6E0,3.702338252263E-2));
#6357=DIRECTION('',(1.E0,0.E0,0.E0));
#6358=DIRECTION('',(0.E0,0.E0,-1.E0));
#6359=AXIS2_PLACEMENT_3D('',#6356,#6357,#6358);
#6360=CYLINDRICAL_SURFACE('',#6359,5.E-1);
#6361=ORIENTED_EDGE('',*,*,#6237,.F.);
#6362=ORIENTED_EDGE('',*,*,#6338,.T.);
#6363=ORIENTED_EDGE('',*,*,#6307,.T.);
#6364=ORIENTED_EDGE('',*,*,#6157,.F.);
#6365=EDGE_LOOP('',(#6361,#6362,#6363,#6364));
#6366=FACE_OUTER_BOUND('',#6365,.F.);
#6368=CARTESIAN_POINT('',(3.2E0,1.85E0,0.E0));
#6369=DIRECTION('',(0.E0,0.E0,1.E0));
#6370=DIRECTION('',(1.E0,0.E0,0.E0));
#6371=AXIS2_PLACEMENT_3D('',#6368,#6369,#6370);
#6372=CYLINDRICAL_SURFACE('',#6371,2.5E-1);
#6373=ORIENTED_EDGE('',*,*,#5421,.F.);
#6374=ORIENTED_EDGE('',*,*,#5642,.T.);
#6376=ORIENTED_EDGE('',*,*,#6375,.T.);
#6377=ORIENTED_EDGE('',*,*,#6162,.F.);
#6378=EDGE_LOOP('',(#6373,#6374,#6376,#6377));
#6379=FACE_OUTER_BOUND('',#6378,.F.);
#6381=CARTESIAN_POINT('',(0.E0,0.E0,-4.5E0));
#6382=DIRECTION('',(0.E0,0.E0,1.E0));
#6383=DIRECTION('',(1.E0,0.E0,0.E0));
#6384=AXIS2_PLACEMENT_3D('',#6381,#6382,#6383);
#6385=PLANE('',#6384);
#6387=ORIENTED_EDGE('',*,*,#6386,.F.);
#6388=ORIENTED_EDGE('',*,*,#6164,.F.);
#6389=ORIENTED_EDGE('',*,*,#6375,.F.);
#6390=ORIENTED_EDGE('',*,*,#5640,.F.);
#6392=ORIENTED_EDGE('',*,*,#6391,.F.);
#6394=ORIENTED_EDGE('',*,*,#6393,.F.);
#6396=ORIENTED_EDGE('',*,*,#6395,.F.);
#6398=ORIENTED_EDGE('',*,*,#6397,.F.);
#6400=ORIENTED_EDGE('',*,*,#6399,.F.);
#6402=ORIENTED_EDGE('',*,*,#6401,.F.);
#6404=ORIENTED_EDGE('',*,*,#6403,.F.);
#6406=ORIENTED_EDGE('',*,*,#6405,.F.);
#6407=EDGE_LOOP('',(#6387,#6388,#6389,#6390,#6392,#6394,#6396,#6398,#6400,#6402,
#6404,#6406));
#6408=FACE_OUTER_BOUND('',#6407,.F.);
#6410=ORIENTED_EDGE('',*,*,#6409,.T.);
#6412=ORIENTED_EDGE('',*,*,#6411,.T.);
#6414=ORIENTED_EDGE('',*,*,#6413,.T.);
#6416=ORIENTED_EDGE('',*,*,#6415,.T.);
#6418=ORIENTED_EDGE('',*,*,#6417,.T.);
#6420=ORIENTED_EDGE('',*,*,#6419,.T.);
#6422=ORIENTED_EDGE('',*,*,#6421,.T.);
#6424=ORIENTED_EDGE('',*,*,#6423,.T.);
#6426=ORIENTED_EDGE('',*,*,#6425,.T.);
#6428=ORIENTED_EDGE('',*,*,#6427,.T.);
#6430=ORIENTED_EDGE('',*,*,#6429,.T.);
#6432=ORIENTED_EDGE('',*,*,#6431,.T.);
#6434=ORIENTED_EDGE('',*,*,#6433,.T.);
#6436=ORIENTED_EDGE('',*,*,#6435,.T.);
#6438=ORIENTED_EDGE('',*,*,#6437,.T.);
#6440=ORIENTED_EDGE('',*,*,#6439,.T.);
#6442=ORIENTED_EDGE('',*,*,#6441,.T.);
#6444=ORIENTED_EDGE('',*,*,#6443,.T.);
#6446=ORIENTED_EDGE('',*,*,#6445,.T.);
#6448=ORIENTED_EDGE('',*,*,#6447,.T.);
#6450=ORIENTED_EDGE('',*,*,#6449,.T.);
#6452=ORIENTED_EDGE('',*,*,#6451,.T.);
#6454=ORIENTED_EDGE('',*,*,#6453,.T.);
#6456=ORIENTED_EDGE('',*,*,#6455,.T.);
#6458=ORIENTED_EDGE('',*,*,#6457,.T.);
#6460=ORIENTED_EDGE('',*,*,#6459,.T.);
#6462=ORIENTED_EDGE('',*,*,#6461,.T.);
#6464=ORIENTED_EDGE('',*,*,#6463,.T.);
#6465=EDGE_LOOP('',(#6410,#6412,#6414,#6416,#6418,#6420,#6422,#6424,#6426,#6428,
#6430,#6432,#6434,#6436,#6438,#6440,#6442,#6444,#6446,#6448,#6450,#6452,#6454,
#6456,#6458,#6460,#6462,#6464));
#6466=FACE_BOUND('',#6465,.F.);
#6468=CARTESIAN_POINT('',(-3.2E0,1.85E0,0.E0));
#6469=DIRECTION('',(0.E0,0.E0,1.E0));
#6470=DIRECTION('',(1.E0,0.E0,0.E0));
#6471=AXIS2_PLACEMENT_3D('',#6468,#6469,#6470);
#6472=CYLINDRICAL_SURFACE('',#6471,2.5E-1);
#6473=ORIENTED_EDGE('',*,*,#5405,.F.);
#6474=ORIENTED_EDGE('',*,*,#6166,.T.);
#6475=ORIENTED_EDGE('',*,*,#6386,.T.);
#6477=ORIENTED_EDGE('',*,*,#6476,.F.);
#6478=EDGE_LOOP('',(#6473,#6474,#6475,#6477));
#6479=FACE_OUTER_BOUND('',#6478,.F.);
#6481=CARTESIAN_POINT('',(-3.45E0,1.85E0,0.E0));
#6482=DIRECTION('',(-1.E0,0.E0,0.E0));
#6483=DIRECTION('',(0.E0,-1.E0,0.E0));
#6484=AXIS2_PLACEMENT_3D('',#6481,#6482,#6483);
#6485=PLANE('',#6484);
#6487=ORIENTED_EDGE('',*,*,#6486,.F.);
#6489=ORIENTED_EDGE('',*,*,#6488,.F.);
#6491=ORIENTED_EDGE('',*,*,#6490,.F.);
#6493=ORIENTED_EDGE('',*,*,#6492,.T.);
#6495=ORIENTED_EDGE('',*,*,#6494,.F.);
#6497=ORIENTED_EDGE('',*,*,#6496,.T.);
#6499=ORIENTED_EDGE('',*,*,#6498,.F.);
#6500=ORIENTED_EDGE('',*,*,#5333,.F.);
#6501=ORIENTED_EDGE('',*,*,#5468,.T.);
#6503=ORIENTED_EDGE('',*,*,#6502,.T.);
#6504=ORIENTED_EDGE('',*,*,#5587,.F.);
#6505=ORIENTED_EDGE('',*,*,#5407,.T.);
#6506=ORIENTED_EDGE('',*,*,#6476,.T.);
#6507=ORIENTED_EDGE('',*,*,#6405,.T.);
#6509=ORIENTED_EDGE('',*,*,#6508,.F.);
#6511=ORIENTED_EDGE('',*,*,#6510,.F.);
#6513=ORIENTED_EDGE('',*,*,#6512,.F.);
#6515=ORIENTED_EDGE('',*,*,#6514,.T.);
#6517=ORIENTED_EDGE('',*,*,#6516,.F.);
#6519=ORIENTED_EDGE('',*,*,#6518,.T.);
#6521=ORIENTED_EDGE('',*,*,#6520,.F.);
#6523=ORIENTED_EDGE('',*,*,#6522,.T.);
#6525=ORIENTED_EDGE('',*,*,#6524,.F.);
#6527=ORIENTED_EDGE('',*,*,#6526,.F.);
#6529=ORIENTED_EDGE('',*,*,#6528,.F.);
#6531=ORIENTED_EDGE('',*,*,#6530,.F.);
#6532=EDGE_LOOP('',(#6487,#6489,#6491,#6493,#6495,#6497,#6499,#6500,#6501,#6503,
#6504,#6505,#6506,#6507,#6509,#6511,#6513,#6515,#6517,#6519,#6521,#6523,#6525,
#6527,#6529,#6531));
#6533=FACE_OUTER_BOUND('',#6532,.F.);
#6535=CARTESIAN_POINT('',(1.707320820556E1,3.E-1,-1.48E0));
#6536=DIRECTION('',(-1.E0,0.E0,0.E0));
#6537=DIRECTION('',(0.E0,-1.E0,0.E0));
#6538=AXIS2_PLACEMENT_3D('',#6535,#6536,#6537);
#6539=CYLINDRICAL_SURFACE('',#6538,1.5E-1);
#6541=ORIENTED_EDGE('',*,*,#6540,.T.);
#6543=ORIENTED_EDGE('',*,*,#6542,.F.);
#6544=ORIENTED_EDGE('',*,*,#6486,.T.);
#6546=ORIENTED_EDGE('',*,*,#6545,.T.);
#6547=EDGE_LOOP('',(#6541,#6543,#6544,#6546));
#6548=FACE_OUTER_BOUND('',#6547,.F.);
#6550=CARTESIAN_POINT('',(-3.7E0,1.85E0,0.E0));
#6551=DIRECTION('',(-1.E0,0.E0,0.E0));
#6552=DIRECTION('',(0.E0,-1.E0,0.E0));
#6553=AXIS2_PLACEMENT_3D('',#6550,#6551,#6552);
#6554=PLANE('',#6553);
#6556=ORIENTED_EDGE('',*,*,#6555,.F.);
#6558=ORIENTED_EDGE('',*,*,#6557,.T.);
#6560=ORIENTED_EDGE('',*,*,#6559,.F.);
#6561=ORIENTED_EDGE('',*,*,#5871,.T.);
#6563=ORIENTED_EDGE('',*,*,#6562,.F.);
#6565=ORIENTED_EDGE('',*,*,#6564,.T.);
#6566=ORIENTED_EDGE('',*,*,#5580,.F.);
#6568=ORIENTED_EDGE('',*,*,#6567,.F.);
#6569=ORIENTED_EDGE('',*,*,#5471,.T.);
#6570=ORIENTED_EDGE('',*,*,#5353,.T.);
#6572=ORIENTED_EDGE('',*,*,#6571,.T.);
#6574=ORIENTED_EDGE('',*,*,#6573,.F.);
#6576=ORIENTED_EDGE('',*,*,#6575,.F.);
#6578=ORIENTED_EDGE('',*,*,#6577,.F.);
#6580=ORIENTED_EDGE('',*,*,#6579,.F.);
#6581=ORIENTED_EDGE('',*,*,#6540,.F.);
#6583=ORIENTED_EDGE('',*,*,#6582,.F.);
#6585=ORIENTED_EDGE('',*,*,#6584,.F.);
#6587=ORIENTED_EDGE('',*,*,#6586,.F.);
#6589=ORIENTED_EDGE('',*,*,#6588,.F.);
#6591=ORIENTED_EDGE('',*,*,#6590,.F.);
#6593=ORIENTED_EDGE('',*,*,#6592,.F.);
#6595=ORIENTED_EDGE('',*,*,#6594,.F.);
#6597=ORIENTED_EDGE('',*,*,#6596,.F.);
#6599=ORIENTED_EDGE('',*,*,#6598,.F.);
#6601=ORIENTED_EDGE('',*,*,#6600,.F.);
#6603=ORIENTED_EDGE('',*,*,#6602,.F.);
#6605=ORIENTED_EDGE('',*,*,#6604,.F.);
#6607=ORIENTED_EDGE('',*,*,#6606,.F.);
#6609=ORIENTED_EDGE('',*,*,#6608,.F.);
#6611=ORIENTED_EDGE('',*,*,#6610,.F.);
#6612=EDGE_LOOP('',(#6556,#6558,#6560,#6561,#6563,#6565,#6566,#6568,#6569,#6570,
#6572,#6574,#6576,#6578,#6580,#6581,#6583,#6585,#6587,#6589,#6591,#6593,#6595,
#6597,#6599,#6601,#6603,#6605,#6607,#6609,#6611));
#6613=FACE_OUTER_BOUND('',#6612,.F.);
#6615=CARTESIAN_POINT('',(1.707320820556E1,-1.65E0,-5.35E0));
#6616=DIRECTION('',(-1.E0,0.E0,0.E0));
#6617=DIRECTION('',(0.E0,-1.E0,0.E0));
#6618=AXIS2_PLACEMENT_3D('',#6615,#6616,#6617);
#6619=CYLINDRICAL_SURFACE('',#6618,1.5E-1);
#6620=ORIENTED_EDGE('',*,*,#6555,.T.);
#6622=ORIENTED_EDGE('',*,*,#6621,.F.);
#6624=ORIENTED_EDGE('',*,*,#6623,.T.);
#6626=ORIENTED_EDGE('',*,*,#6625,.T.);
#6627=EDGE_LOOP('',(#6620,#6622,#6624,#6626));
#6628=FACE_OUTER_BOUND('',#6627,.F.);
#6630=CARTESIAN_POINT('',(3.7E0,-1.8E0,-5.2E0));
#6631=DIRECTION('',(0.E0,0.E0,-1.E0));
#6632=DIRECTION('',(0.E0,1.E0,0.E0));
#6633=AXIS2_PLACEMENT_3D('',#6630,#6631,#6632);
#6634=PLANE('',#6633);
#6635=ORIENTED_EDGE('',*,*,#5778,.T.);
#6636=ORIENTED_EDGE('',*,*,#5808,.T.);
#6638=ORIENTED_EDGE('',*,*,#6637,.F.);
#6639=ORIENTED_EDGE('',*,*,#5714,.F.);
#6640=EDGE_LOOP('',(#6635,#6636,#6638,#6639));
#6641=FACE_OUTER_BOUND('',#6640,.F.);
#6643=CARTESIAN_POINT('',(3.7E0,-1.8E0,-5.2E0));
#6644=DIRECTION('',(0.E0,0.E0,-1.E0));
#6645=DIRECTION('',(0.E0,1.E0,0.E0));
#6646=AXIS2_PLACEMENT_3D('',#6643,#6644,#6645);
#6647=PLANE('',#6646);
#6648=ORIENTED_EDGE('',*,*,#6621,.T.);
#6649=ORIENTED_EDGE('',*,*,#6610,.T.);
#6651=ORIENTED_EDGE('',*,*,#6650,.F.);
#6653=ORIENTED_EDGE('',*,*,#6652,.F.);
#6654=EDGE_LOOP('',(#6648,#6649,#6651,#6653));
#6655=FACE_OUTER_BOUND('',#6654,.F.);
#6657=CARTESIAN_POINT('',(1.707320820556E1,9.5E-1,-5.05E0));
#6658=DIRECTION('',(-1.E0,0.E0,0.E0));
#6659=DIRECTION('',(0.E0,1.E0,0.E0));
#6660=AXIS2_PLACEMENT_3D('',#6657,#6658,#6659);
#6661=CYLINDRICAL_SURFACE('',#6660,1.5E-1);
#6663=ORIENTED_EDGE('',*,*,#6662,.F.);
#6664=ORIENTED_EDGE('',*,*,#5716,.T.);
#6665=ORIENTED_EDGE('',*,*,#6637,.T.);
#6666=ORIENTED_EDGE('',*,*,#5806,.T.);
#6667=EDGE_LOOP('',(#6663,#6664,#6665,#6666));
#6668=FACE_OUTER_BOUND('',#6667,.F.);
#6670=CARTESIAN_POINT('',(3.7E0,1.1E0,-5.2E0));
#6671=DIRECTION('',(0.E0,1.E0,0.E0));
#6672=DIRECTION('',(0.E0,0.E0,1.E0));
#6673=AXIS2_PLACEMENT_3D('',#6670,#6671,#6672);
#6674=PLANE('',#6673);
#6676=ORIENTED_EDGE('',*,*,#6675,.F.);
#6678=ORIENTED_EDGE('',*,*,#6677,.T.);
#6680=ORIENTED_EDGE('',*,*,#6679,.T.);
#6681=ORIENTED_EDGE('',*,*,#6606,.T.);
#6682=EDGE_LOOP('',(#6676,#6678,#6680,#6681));
#6683=FACE_OUTER_BOUND('',#6682,.F.);
#6685=CARTESIAN_POINT('',(3.7E0,1.1E0,-5.2E0));
#6686=DIRECTION('',(0.E0,1.E0,0.E0));
#6687=DIRECTION('',(0.E0,0.E0,1.E0));
#6688=AXIS2_PLACEMENT_3D('',#6685,#6686,#6687);
#6689=PLANE('',#6688);
#6690=ORIENTED_EDGE('',*,*,#6662,.T.);
#6691=ORIENTED_EDGE('',*,*,#5804,.F.);
#6693=ORIENTED_EDGE('',*,*,#6692,.F.);
#6694=ORIENTED_EDGE('',*,*,#5718,.F.);
#6695=EDGE_LOOP('',(#6690,#6691,#6693,#6694));
#6696=FACE_OUTER_BOUND('',#6695,.F.);
#6698=CARTESIAN_POINT('',(1.707320820556E1,9.5E-1,-4.95E0));
#6699=DIRECTION('',(-1.E0,0.E0,0.E0));
#6700=DIRECTION('',(0.E0,0.E0,1.E0));
#6701=AXIS2_PLACEMENT_3D('',#6698,#6699,#6700);
#6702=CYLINDRICAL_SURFACE('',#6701,1.5E-1);
#6704=ORIENTED_EDGE('',*,*,#6703,.F.);
#6706=ORIENTED_EDGE('',*,*,#6705,.T.);
#6707=ORIENTED_EDGE('',*,*,#6675,.T.);
#6708=ORIENTED_EDGE('',*,*,#6604,.T.);
#6710=ORIENTED_EDGE('',*,*,#6709,.T.);
#6711=EDGE_LOOP('',(#6704,#6706,#6707,#6708,#6710));
#6712=FACE_OUTER_BOUND('',#6711,.F.);
#6714=CARTESIAN_POINT('',(0.E0,0.E0,-4.8E0));
#6715=DIRECTION('',(0.E0,0.E0,1.E0));
#6716=DIRECTION('',(1.E0,0.E0,0.E0));
#6717=AXIS2_PLACEMENT_3D('',#6714,#6715,#6716);
#6718=PLANE('',#6717);
#6720=ORIENTED_EDGE('',*,*,#6719,.F.);
#6722=ORIENTED_EDGE('',*,*,#6721,.T.);
#6724=ORIENTED_EDGE('',*,*,#6723,.F.);
#6726=ORIENTED_EDGE('',*,*,#6725,.T.);
#6728=ORIENTED_EDGE('',*,*,#6727,.T.);
#6730=ORIENTED_EDGE('',*,*,#6729,.T.);
#6732=ORIENTED_EDGE('',*,*,#6731,.T.);
#6734=ORIENTED_EDGE('',*,*,#6733,.T.);
#6735=ORIENTED_EDGE('',*,*,#5800,.F.);
#6737=ORIENTED_EDGE('',*,*,#6736,.F.);
#6739=ORIENTED_EDGE('',*,*,#6738,.T.);
#6741=ORIENTED_EDGE('',*,*,#6740,.F.);
#6742=ORIENTED_EDGE('',*,*,#5947,.T.);
#6743=EDGE_LOOP('',(#6720,#6722,#6724,#6726,#6728,#6730,#6732,#6734,#6735,#6737,
#6739,#6741,#6742));
#6744=FACE_OUTER_BOUND('',#6743,.F.);
#6746=CARTESIAN_POINT('',(0.E0,0.E0,-4.8E0));
#6747=DIRECTION('',(0.E0,0.E0,1.E0));
#6748=DIRECTION('',(1.E0,0.E0,0.E0));
#6749=AXIS2_PLACEMENT_3D('',#6746,#6747,#6748);
#6750=PLANE('',#6749);
#6752=ORIENTED_EDGE('',*,*,#6751,.T.);
#6754=ORIENTED_EDGE('',*,*,#6753,.T.);
#6756=ORIENTED_EDGE('',*,*,#6755,.T.);
#6758=ORIENTED_EDGE('',*,*,#6757,.F.);
#6759=ORIENTED_EDGE('',*,*,#5923,.T.);
#6761=ORIENTED_EDGE('',*,*,#6760,.T.);
#6763=ORIENTED_EDGE('',*,*,#6762,.T.);
#6765=ORIENTED_EDGE('',*,*,#6764,.F.);
#6767=ORIENTED_EDGE('',*,*,#6766,.F.);
#6768=ORIENTED_EDGE('',*,*,#6703,.T.);
#6770=ORIENTED_EDGE('',*,*,#6769,.T.);
#6772=ORIENTED_EDGE('',*,*,#6771,.T.);
#6774=ORIENTED_EDGE('',*,*,#6773,.T.);
#6775=EDGE_LOOP('',(#6752,#6754,#6756,#6758,#6759,#6761,#6763,#6765,#6767,#6768,
#6770,#6772,#6774));
#6776=FACE_OUTER_BOUND('',#6775,.F.);
#6778=CARTESIAN_POINT('',(1.75E0,-3.588720915001E0,-4.8E0));
#6779=DIRECTION('',(1.E0,0.E0,0.E0));
#6780=DIRECTION('',(0.E0,0.E0,1.E0));
#6781=AXIS2_PLACEMENT_3D('',#6778,#6779,#6780);
#6782=PLANE('',#6781);
#6784=ORIENTED_EDGE('',*,*,#6783,.T.);
#6785=ORIENTED_EDGE('',*,*,#6719,.T.);
#6786=ORIENTED_EDGE('',*,*,#5945,.T.);
#6788=ORIENTED_EDGE('',*,*,#6787,.T.);
#6790=ORIENTED_EDGE('',*,*,#6789,.T.);
#6792=ORIENTED_EDGE('',*,*,#6791,.F.);
#6794=ORIENTED_EDGE('',*,*,#6793,.F.);
#6796=ORIENTED_EDGE('',*,*,#6795,.T.);
#6797=EDGE_LOOP('',(#6784,#6785,#6786,#6788,#6790,#6792,#6794,#6796));
#6798=FACE_OUTER_BOUND('',#6797,.F.);
#6800=CARTESIAN_POINT('',(0.E0,-4.E-2,0.E0));
#6801=DIRECTION('',(0.E0,-1.E0,0.E0));
#6802=DIRECTION('',(-1.E0,0.E0,0.E0));
#6803=AXIS2_PLACEMENT_3D('',#6800,#6801,#6802);
#6804=PLANE('',#6803);
#6806=ORIENTED_EDGE('',*,*,#6805,.T.);
#6808=ORIENTED_EDGE('',*,*,#6807,.F.);
#6810=ORIENTED_EDGE('',*,*,#6809,.F.);
#6811=ORIENTED_EDGE('',*,*,#6721,.F.);
#6812=ORIENTED_EDGE('',*,*,#6783,.F.);
#6814=ORIENTED_EDGE('',*,*,#6813,.F.);
#6816=ORIENTED_EDGE('',*,*,#6815,.T.);
#6817=EDGE_LOOP('',(#6806,#6808,#6810,#6811,#6812,#6814,#6816));
#6818=FACE_OUTER_BOUND('',#6817,.F.);
#6820=CARTESIAN_POINT('',(0.E0,-4.E-2,0.E0));
#6821=DIRECTION('',(0.E0,-1.E0,0.E0));
#6822=DIRECTION('',(-1.E0,0.E0,0.E0));
#6823=AXIS2_PLACEMENT_3D('',#6820,#6821,#6822);
#6824=PLANE('',#6823);
#6826=ORIENTED_EDGE('',*,*,#6825,.T.);
#6828=ORIENTED_EDGE('',*,*,#6827,.T.);
#6830=ORIENTED_EDGE('',*,*,#6829,.F.);
#6832=ORIENTED_EDGE('',*,*,#6831,.F.);
#6833=ORIENTED_EDGE('',*,*,#6755,.F.);
#6835=ORIENTED_EDGE('',*,*,#6834,.F.);
#6837=ORIENTED_EDGE('',*,*,#6836,.F.);
#6838=EDGE_LOOP('',(#6826,#6828,#6830,#6832,#6833,#6835,#6837));
#6839=FACE_OUTER_BOUND('',#6838,.F.);
#6841=CARTESIAN_POINT('',(2.E0,0.E0,-4.31E0));
#6842=DIRECTION('',(0.E0,-1.E0,0.E0));
#6843=DIRECTION('',(-1.E0,0.E0,0.E0));
#6844=AXIS2_PLACEMENT_3D('',#6841,#6842,#6843);
#6845=CYLINDRICAL_SURFACE('',#6844,2.25E-1);
#6847=ORIENTED_EDGE('',*,*,#6846,.T.);
#6849=ORIENTED_EDGE('',*,*,#6848,.F.);
#6851=ORIENTED_EDGE('',*,*,#6850,.F.);
#6853=ORIENTED_EDGE('',*,*,#6852,.T.);
#6854=ORIENTED_EDGE('',*,*,#6805,.F.);
#6856=ORIENTED_EDGE('',*,*,#6855,.T.);
#6857=EDGE_LOOP('',(#6847,#6849,#6851,#6853,#6854,#6856));
#6858=FACE_OUTER_BOUND('',#6857,.F.);
#6860=CARTESIAN_POINT('',(2.E0,-5.E-1,-4.31E0));
#6861=DIRECTION('',(0.E0,-1.E0,0.E0));
#6862=DIRECTION('',(-9.950205310662E-1,0.E0,9.967016984359E-2));
#6863=AXIS2_PLACEMENT_3D('',#6860,#6861,#6862);
#6864=TOROIDAL_SURFACE('',#6863,1.75E-1,5.E-2);
#6866=ORIENTED_EDGE('',*,*,#6865,.T.);
#6868=ORIENTED_EDGE('',*,*,#6867,.T.);
#6869=ORIENTED_EDGE('',*,*,#6846,.F.);
#6871=ORIENTED_EDGE('',*,*,#6870,.F.);
#6872=EDGE_LOOP('',(#6866,#6868,#6869,#6871));
#6873=FACE_OUTER_BOUND('',#6872,.F.);
#6875=CARTESIAN_POINT('',(0.E0,-5.5E-1,0.E0));
#6876=DIRECTION('',(0.E0,-1.E0,0.E0));
#6877=DIRECTION('',(-1.E0,0.E0,0.E0));
#6878=AXIS2_PLACEMENT_3D('',#6875,#6876,#6877);
#6879=PLANE('',#6878);
#6881=ORIENTED_EDGE('',*,*,#6880,.F.);
#6883=ORIENTED_EDGE('',*,*,#6882,.F.);
#6884=EDGE_LOOP('',(#6881,#6883));
#6885=FACE_OUTER_BOUND('',#6884,.F.);
#6887=CARTESIAN_POINT('',(0.E0,-5.5E-1,0.E0));
#6888=DIRECTION('',(0.E0,-1.E0,0.E0));
#6889=DIRECTION('',(-1.E0,0.E0,0.E0));
#6890=AXIS2_PLACEMENT_3D('',#6887,#6888,#6889);
#6891=PLANE('',#6890);
#6892=ORIENTED_EDGE('',*,*,#6865,.F.);
#6894=ORIENTED_EDGE('',*,*,#6893,.F.);
#6895=EDGE_LOOP('',(#6892,#6894));
#6896=FACE_OUTER_BOUND('',#6895,.F.);
#6898=CARTESIAN_POINT('',(-2.E0,-5.E-1,-4.31E0));
#6899=DIRECTION('',(0.E0,-1.E0,0.E0));
#6900=DIRECTION('',(-9.950205310662E-1,0.E0,9.967016984359E-2));
#6901=AXIS2_PLACEMENT_3D('',#6898,#6899,#6900);
#6902=TOROIDAL_SURFACE('',#6901,1.75E-1,5.E-2);
#6903=ORIENTED_EDGE('',*,*,#6880,.T.);
#6905=ORIENTED_EDGE('',*,*,#6904,.T.);
#6907=ORIENTED_EDGE('',*,*,#6906,.F.);
#6909=ORIENTED_EDGE('',*,*,#6908,.F.);
#6910=EDGE_LOOP('',(#6903,#6905,#6907,#6909));
#6911=FACE_OUTER_BOUND('',#6910,.F.);
#6913=CARTESIAN_POINT('',(-2.E0,-5.E-1,-4.31E0));
#6914=DIRECTION('',(0.E0,-1.E0,0.E0));
#6915=DIRECTION('',(9.950205310662E-1,0.E0,-9.967016984359E-2));
#6916=AXIS2_PLACEMENT_3D('',#6913,#6914,#6915);
#6917=TOROIDAL_SURFACE('',#6916,1.75E-1,5.E-2);
#6918=ORIENTED_EDGE('',*,*,#6882,.T.);
#6919=ORIENTED_EDGE('',*,*,#6908,.T.);
#6921=ORIENTED_EDGE('',*,*,#6920,.F.);
#6922=ORIENTED_EDGE('',*,*,#6904,.F.);
#6923=EDGE_LOOP('',(#6918,#6919,#6921,#6922));
#6924=FACE_OUTER_BOUND('',#6923,.F.);
#6926=CARTESIAN_POINT('',(-2.E0,0.E0,-4.31E0));
#6927=DIRECTION('',(0.E0,-1.E0,0.E0));
#6928=DIRECTION('',(-1.E0,0.E0,0.E0));
#6929=AXIS2_PLACEMENT_3D('',#6926,#6927,#6928);
#6930=CYLINDRICAL_SURFACE('',#6929,2.25E-1);
#6931=ORIENTED_EDGE('',*,*,#6920,.T.);
#6933=ORIENTED_EDGE('',*,*,#6932,.F.);
#6935=ORIENTED_EDGE('',*,*,#6934,.F.);
#6937=ORIENTED_EDGE('',*,*,#6936,.T.);
#6938=ORIENTED_EDGE('',*,*,#6827,.F.);
#6940=ORIENTED_EDGE('',*,*,#6939,.T.);
#6941=EDGE_LOOP('',(#6931,#6933,#6935,#6937,#6938,#6940));
#6942=FACE_OUTER_BOUND('',#6941,.F.);
#6944=CARTESIAN_POINT('',(-2.E0,0.E0,-4.31E0));
#6945=DIRECTION('',(0.E0,-1.E0,0.E0));
#6946=DIRECTION('',(-1.E0,0.E0,0.E0));
#6947=AXIS2_PLACEMENT_3D('',#6944,#6945,#6946);
#6948=CYLINDRICAL_SURFACE('',#6947,2.25E-1);
#6949=ORIENTED_EDGE('',*,*,#6906,.T.);
#6950=ORIENTED_EDGE('',*,*,#6939,.F.);
#6951=ORIENTED_EDGE('',*,*,#6825,.F.);
#6953=ORIENTED_EDGE('',*,*,#6952,.F.);
#6955=ORIENTED_EDGE('',*,*,#6954,.F.);
#6956=ORIENTED_EDGE('',*,*,#6932,.T.);
#6957=EDGE_LOOP('',(#6949,#6950,#6951,#6953,#6955,#6956));
#6958=FACE_OUTER_BOUND('',#6957,.F.);
#6960=CARTESIAN_POINT('',(-1.75E0,0.E0,-4.05E0));
#6961=DIRECTION('',(-7.071067811865E-1,0.E0,7.071067811865E-1));
#6962=DIRECTION('',(-7.071067811865E-1,0.E0,-7.071067811865E-1));
#6963=AXIS2_PLACEMENT_3D('',#6960,#6961,#6962);
#6964=PLANE('',#6963);
#6965=ORIENTED_EDGE('',*,*,#6952,.T.);
#6966=ORIENTED_EDGE('',*,*,#6836,.T.);
#6968=ORIENTED_EDGE('',*,*,#6967,.F.);
#6970=ORIENTED_EDGE('',*,*,#6969,.F.);
#6971=EDGE_LOOP('',(#6965,#6966,#6968,#6970));
#6972=FACE_OUTER_BOUND('',#6971,.F.);
#6974=CARTESIAN_POINT('',(-1.75E0,0.E0,-4.05E0));
#6975=DIRECTION('',(-7.071067811865E-1,0.E0,7.071067811865E-1));
#6976=DIRECTION('',(-7.071067811865E-1,0.E0,-7.071067811865E-1));
#6977=AXIS2_PLACEMENT_3D('',#6974,#6975,#6976);
#6978=PLANE('',#6977);
#6979=ORIENTED_EDGE('',*,*,#6936,.F.);
#6981=ORIENTED_EDGE('',*,*,#6980,.F.);
#6983=ORIENTED_EDGE('',*,*,#6982,.T.);
#6984=ORIENTED_EDGE('',*,*,#6829,.T.);
#6985=EDGE_LOOP('',(#6979,#6981,#6983,#6984));
#6986=FACE_OUTER_BOUND('',#6985,.F.);
#6988=CARTESIAN_POINT('',(-2.25E0,0.E0,-4.55E0));
#6989=DIRECTION('',(-1.E0,0.E0,0.E0));
#6990=DIRECTION('',(0.E0,0.E0,-1.E0));
#6991=AXIS2_PLACEMENT_3D('',#6988,#6989,#6990);
#6992=PLANE('',#6991);
#6994=ORIENTED_EDGE('',*,*,#6993,.T.);
#6995=ORIENTED_EDGE('',*,*,#6967,.T.);
#6996=ORIENTED_EDGE('',*,*,#6834,.T.);
#6997=ORIENTED_EDGE('',*,*,#6753,.F.);
#6998=EDGE_LOOP('',(#6994,#6995,#6996,#6997));
#6999=FACE_OUTER_BOUND('',#6998,.F.);
#7001=CARTESIAN_POINT('',(-2.604916595073E0,0.E0,0.E0));
#7002=DIRECTION('',(0.E0,-1.E0,0.E0));
#7003=DIRECTION('',(1.E0,0.E0,0.E0));
#7004=AXIS2_PLACEMENT_3D('',#7001,#7002,#7003);
#7005=PLANE('',#7004);
#7006=ORIENTED_EDGE('',*,*,#6850,.T.);
#7008=ORIENTED_EDGE('',*,*,#7007,.T.);
#7010=ORIENTED_EDGE('',*,*,#7009,.T.);
#7011=ORIENTED_EDGE('',*,*,#6793,.T.);
#7013=ORIENTED_EDGE('',*,*,#7012,.T.);
#7015=ORIENTED_EDGE('',*,*,#7014,.F.);
#7016=ORIENTED_EDGE('',*,*,#6980,.T.);
#7017=ORIENTED_EDGE('',*,*,#6934,.T.);
#7018=ORIENTED_EDGE('',*,*,#6954,.T.);
#7019=ORIENTED_EDGE('',*,*,#6969,.T.);
#7020=ORIENTED_EDGE('',*,*,#6993,.F.);
#7021=ORIENTED_EDGE('',*,*,#6751,.F.);
#7023=ORIENTED_EDGE('',*,*,#7022,.F.);
#7025=ORIENTED_EDGE('',*,*,#7024,.T.);
#7027=ORIENTED_EDGE('',*,*,#7026,.F.);
#7029=ORIENTED_EDGE('',*,*,#7028,.T.);
#7031=ORIENTED_EDGE('',*,*,#7030,.F.);
#7033=ORIENTED_EDGE('',*,*,#7032,.F.);
#7035=ORIENTED_EDGE('',*,*,#7034,.F.);
#7036=ORIENTED_EDGE('',*,*,#5345,.T.);
#7038=ORIENTED_EDGE('',*,*,#7037,.F.);
#7040=ORIENTED_EDGE('',*,*,#7039,.T.);
#7042=ORIENTED_EDGE('',*,*,#7041,.T.);
#7043=ORIENTED_EDGE('',*,*,#5373,.F.);
#7045=ORIENTED_EDGE('',*,*,#7044,.T.);
#7047=ORIENTED_EDGE('',*,*,#7046,.T.);
#7049=ORIENTED_EDGE('',*,*,#7048,.F.);
#7051=ORIENTED_EDGE('',*,*,#7050,.T.);
#7053=ORIENTED_EDGE('',*,*,#7052,.F.);
#7055=ORIENTED_EDGE('',*,*,#7054,.F.);
#7057=ORIENTED_EDGE('',*,*,#7056,.T.);
#7058=ORIENTED_EDGE('',*,*,#6725,.F.);
#7060=ORIENTED_EDGE('',*,*,#7059,.T.);
#7062=ORIENTED_EDGE('',*,*,#7061,.T.);
#7063=EDGE_LOOP('',(#7006,#7008,#7010,#7011,#7013,#7015,#7016,#7017,#7018,#7019,
#7020,#7021,#7023,#7025,#7027,#7029,#7031,#7033,#7035,#7036,#7038,#7040,#7042,
#7043,#7045,#7047,#7049,#7051,#7053,#7055,#7057,#7058,#7060,#7062));
#7064=FACE_OUTER_BOUND('',#7063,.F.);
#7066=CARTESIAN_POINT('',(2.E0,0.E0,-4.31E0));
#7067=DIRECTION('',(0.E0,-1.E0,0.E0));
#7068=DIRECTION('',(-1.E0,0.E0,0.E0));
#7069=AXIS2_PLACEMENT_3D('',#7066,#7067,#7068);
#7070=CYLINDRICAL_SURFACE('',#7069,2.25E-1);
#7072=ORIENTED_EDGE('',*,*,#7071,.T.);
#7073=ORIENTED_EDGE('',*,*,#6855,.F.);
#7074=ORIENTED_EDGE('',*,*,#6815,.F.);
#7076=ORIENTED_EDGE('',*,*,#7075,.F.);
#7077=ORIENTED_EDGE('',*,*,#7007,.F.);
#7078=ORIENTED_EDGE('',*,*,#6848,.T.);
#7079=EDGE_LOOP('',(#7072,#7073,#7074,#7076,#7077,#7078));
#7080=FACE_OUTER_BOUND('',#7079,.F.);
#7082=CARTESIAN_POINT('',(2.E0,-5.E-1,-4.31E0));
#7083=DIRECTION('',(0.E0,-1.E0,0.E0));
#7084=DIRECTION('',(9.950205310662E-1,0.E0,-9.967016984359E-2));
#7085=AXIS2_PLACEMENT_3D('',#7082,#7083,#7084);
#7086=TOROIDAL_SURFACE('',#7085,1.75E-1,5.E-2);
#7087=ORIENTED_EDGE('',*,*,#6893,.T.);
#7088=ORIENTED_EDGE('',*,*,#6870,.T.);
#7089=ORIENTED_EDGE('',*,*,#7071,.F.);
#7090=ORIENTED_EDGE('',*,*,#6867,.F.);
#7091=EDGE_LOOP('',(#7087,#7088,#7089,#7090));
#7092=FACE_OUTER_BOUND('',#7091,.F.);
#7094=CARTESIAN_POINT('',(2.25E0,0.E0,-4.55E0));
#7095=DIRECTION('',(7.071067811865E-1,0.E0,7.071067811865E-1));
#7096=DIRECTION('',(-7.071067811865E-1,0.E0,7.071067811865E-1));
#7097=AXIS2_PLACEMENT_3D('',#7094,#7095,#7096);
#7098=PLANE('',#7097);
#7099=ORIENTED_EDGE('',*,*,#6852,.F.);
#7100=ORIENTED_EDGE('',*,*,#7061,.F.);
#7102=ORIENTED_EDGE('',*,*,#7101,.T.);
#7103=ORIENTED_EDGE('',*,*,#6807,.T.);
#7104=EDGE_LOOP('',(#7099,#7100,#7102,#7103));
#7105=FACE_OUTER_BOUND('',#7104,.F.);
#7107=CARTESIAN_POINT('',(2.25E0,0.E0,-4.55E0));
#7108=DIRECTION('',(7.071067811865E-1,0.E0,7.071067811865E-1));
#7109=DIRECTION('',(-7.071067811865E-1,0.E0,7.071067811865E-1));
#7110=AXIS2_PLACEMENT_3D('',#7107,#7108,#7109);
#7111=PLANE('',#7110);
#7112=ORIENTED_EDGE('',*,*,#7075,.T.);
#7113=ORIENTED_EDGE('',*,*,#6813,.T.);
#7114=ORIENTED_EDGE('',*,*,#6795,.F.);
#7115=ORIENTED_EDGE('',*,*,#7009,.F.);
#7116=EDGE_LOOP('',(#7112,#7113,#7114,#7115));
#7117=FACE_OUTER_BOUND('',#7116,.F.);
#7119=CARTESIAN_POINT('',(2.25E0,0.E0,-4.8E0));
#7120=DIRECTION('',(1.E0,0.E0,0.E0));
#7121=DIRECTION('',(0.E0,0.E0,1.E0));
#7122=AXIS2_PLACEMENT_3D('',#7119,#7120,#7121);
#7123=PLANE('',#7122);
#7124=ORIENTED_EDGE('',*,*,#7059,.F.);
#7125=ORIENTED_EDGE('',*,*,#6723,.T.);
#7126=ORIENTED_EDGE('',*,*,#6809,.T.);
#7127=ORIENTED_EDGE('',*,*,#7101,.F.);
#7128=EDGE_LOOP('',(#7124,#7125,#7126,#7127));
#7129=FACE_OUTER_BOUND('',#7128,.F.);
#7131=CARTESIAN_POINT('',(1.75E0,-3.588720915001E0,-3.72E0));
#7132=DIRECTION('',(0.E0,0.E0,1.E0));
#7133=DIRECTION('',(-1.E0,0.E0,0.E0));
#7134=AXIS2_PLACEMENT_3D('',#7131,#7132,#7133);
#7135=PLANE('',#7134);
#7136=ORIENTED_EDGE('',*,*,#7012,.F.);
#7137=ORIENTED_EDGE('',*,*,#6791,.T.);
#7139=ORIENTED_EDGE('',*,*,#7138,.T.);
#7141=ORIENTED_EDGE('',*,*,#7140,.F.);
#7142=EDGE_LOOP('',(#7136,#7137,#7139,#7141));
#7143=FACE_OUTER_BOUND('',#7142,.F.);
#7145=CARTESIAN_POINT('',(0.E0,8.E-2,0.E0));
#7146=DIRECTION('',(0.E0,-1.E0,0.E0));
#7147=DIRECTION('',(1.E0,0.E0,0.E0));
#7148=AXIS2_PLACEMENT_3D('',#7145,#7146,#7147);
#7149=PLANE('',#7148);
#7151=ORIENTED_EDGE('',*,*,#7150,.T.);
#7153=ORIENTED_EDGE('',*,*,#7152,.F.);
#7155=ORIENTED_EDGE('',*,*,#7154,.F.);
#7157=ORIENTED_EDGE('',*,*,#7156,.F.);
#7158=ORIENTED_EDGE('',*,*,#7138,.F.);
#7159=ORIENTED_EDGE('',*,*,#6789,.F.);
#7161=ORIENTED_EDGE('',*,*,#7160,.F.);
#7163=ORIENTED_EDGE('',*,*,#7162,.T.);
#7165=ORIENTED_EDGE('',*,*,#7164,.T.);
#7167=ORIENTED_EDGE('',*,*,#7166,.F.);
#7169=ORIENTED_EDGE('',*,*,#7168,.F.);
#7171=ORIENTED_EDGE('',*,*,#7170,.T.);
#7173=ORIENTED_EDGE('',*,*,#7172,.T.);
#7175=ORIENTED_EDGE('',*,*,#7174,.F.);
#7177=ORIENTED_EDGE('',*,*,#7176,.F.);
#7179=ORIENTED_EDGE('',*,*,#7178,.T.);
#7181=ORIENTED_EDGE('',*,*,#7180,.T.);
#7183=ORIENTED_EDGE('',*,*,#7182,.F.);
#7185=ORIENTED_EDGE('',*,*,#7184,.F.);
#7187=ORIENTED_EDGE('',*,*,#7186,.T.);
#7189=ORIENTED_EDGE('',*,*,#7188,.T.);
#7191=ORIENTED_EDGE('',*,*,#7190,.F.);
#7193=ORIENTED_EDGE('',*,*,#7192,.F.);
#7195=ORIENTED_EDGE('',*,*,#7194,.T.);
#7196=EDGE_LOOP('',(#7151,#7153,#7155,#7157,#7158,#7159,#7161,#7163,#7165,#7167,
#7169,#7171,#7173,#7175,#7177,#7179,#7181,#7183,#7185,#7187,#7189,#7191,#7193,
#7195));
#7197=FACE_OUTER_BOUND('',#7196,.F.);
#7199=CARTESIAN_POINT('',(1.707320820556E1,1.8E-1,-4.419128784752E0));
#7200=DIRECTION('',(-1.E0,0.E0,9.538963164271E-14));
#7201=DIRECTION('',(0.E0,-1.E0,0.E0));
#7202=AXIS2_PLACEMENT_3D('',#7199,#7200,#7201);
#7203=CYLINDRICAL_SURFACE('',#7202,2.5E-1);
#7205=ORIENTED_EDGE('',*,*,#7204,.T.);
#7206=ORIENTED_EDGE('',*,*,#7150,.F.);
#7208=ORIENTED_EDGE('',*,*,#7207,.T.);
#7210=ORIENTED_EDGE('',*,*,#7209,.T.);
#7211=EDGE_LOOP('',(#7205,#7206,#7208,#7210));
#7212=FACE_OUTER_BOUND('',#7211,.F.);
#7214=CARTESIAN_POINT('',(-1.425E0,-7.E-2,-4.19E0));
#7215=DIRECTION('',(-1.E0,0.E0,0.E0));
#7216=DIRECTION('',(0.E0,0.E0,-1.E0));
#7217=AXIS2_PLACEMENT_3D('',#7214,#7215,#7216);
#7218=PLANE('',#7217);
#7219=ORIENTED_EDGE('',*,*,#7204,.F.);
#7221=ORIENTED_EDGE('',*,*,#7220,.T.);
#7223=ORIENTED_EDGE('',*,*,#7222,.T.);
#7225=ORIENTED_EDGE('',*,*,#7224,.F.);
#7226=ORIENTED_EDGE('',*,*,#7152,.T.);
#7227=EDGE_LOOP('',(#7219,#7221,#7223,#7225,#7226));
#7228=FACE_OUTER_BOUND('',#7227,.F.);
#7230=CARTESIAN_POINT('',(-2.6E0,-7.E-2,0.E0));
#7231=DIRECTION('',(0.E0,-1.E0,0.E0));
#7232=DIRECTION('',(-1.E0,0.E0,0.E0));
#7233=AXIS2_PLACEMENT_3D('',#7230,#7231,#7232);
#7234=PLANE('',#7233);
#7235=ORIENTED_EDGE('',*,*,#7209,.F.);
#7237=ORIENTED_EDGE('',*,*,#7236,.F.);
#7239=ORIENTED_EDGE('',*,*,#7238,.F.);
#7240=ORIENTED_EDGE('',*,*,#7220,.F.);
#7241=EDGE_LOOP('',(#7235,#7237,#7239,#7240));
#7242=FACE_OUTER_BOUND('',#7241,.F.);
#7244=CARTESIAN_POINT('',(-1.175E0,-7.E-2,-5.29E0));
#7245=DIRECTION('',(1.E0,0.E0,0.E0));
#7246=DIRECTION('',(0.E0,0.E0,1.E0));
#7247=AXIS2_PLACEMENT_3D('',#7244,#7245,#7246);
#7248=PLANE('',#7247);
#7249=ORIENTED_EDGE('',*,*,#7207,.F.);
#7250=ORIENTED_EDGE('',*,*,#7194,.F.);
#7252=ORIENTED_EDGE('',*,*,#7251,.F.);
#7254=ORIENTED_EDGE('',*,*,#7253,.F.);
#7255=ORIENTED_EDGE('',*,*,#7236,.T.);
#7256=EDGE_LOOP('',(#7249,#7250,#7252,#7254,#7255));
#7257=FACE_OUTER_BOUND('',#7256,.F.);
#7259=CARTESIAN_POINT('',(-2.6E0,8.E-2,0.E0));
#7260=DIRECTION('',(0.E0,-1.E0,0.E0));
#7261=DIRECTION('',(-1.E0,0.E0,0.E0));
#7262=AXIS2_PLACEMENT_3D('',#7259,#7260,#7261);
#7263=PLANE('',#7262);
#7265=ORIENTED_EDGE('',*,*,#7264,.T.);
#7266=ORIENTED_EDGE('',*,*,#7224,.T.);
#7268=ORIENTED_EDGE('',*,*,#7267,.T.);
#7269=ORIENTED_EDGE('',*,*,#7251,.T.);
#7270=EDGE_LOOP('',(#7265,#7266,#7268,#7269));
#7271=FACE_OUTER_BOUND('',#7270,.F.);
#7273=CARTESIAN_POINT('',(0.E0,0.E0,-4.55E0));
#7274=DIRECTION('',(0.E0,0.E0,-1.E0));
#7275=DIRECTION('',(-1.E0,0.E0,0.E0));
#7276=AXIS2_PLACEMENT_3D('',#7273,#7274,#7275);
#7277=PLANE('',#7276);
#7278=ORIENTED_EDGE('',*,*,#5935,.T.);
#7280=ORIENTED_EDGE('',*,*,#7279,.T.);
#7282=ORIENTED_EDGE('',*,*,#7281,.T.);
#7284=ORIENTED_EDGE('',*,*,#7283,.F.);
#7285=EDGE_LOOP('',(#7278,#7280,#7282,#7284));
#7286=FACE_OUTER_BOUND('',#7285,.F.);
#7288=CARTESIAN_POINT('',(0.E0,0.E0,-4.55E0));
#7289=DIRECTION('',(0.E0,0.E0,-1.E0));
#7290=DIRECTION('',(-1.E0,0.E0,0.E0));
#7291=AXIS2_PLACEMENT_3D('',#7288,#7289,#7290);
#7292=PLANE('',#7291);
#7293=ORIENTED_EDGE('',*,*,#7192,.T.);
#7295=ORIENTED_EDGE('',*,*,#7294,.F.);
#7296=ORIENTED_EDGE('',*,*,#7184,.T.);
#7298=ORIENTED_EDGE('',*,*,#7297,.F.);
#7299=ORIENTED_EDGE('',*,*,#7176,.T.);
#7301=ORIENTED_EDGE('',*,*,#7300,.F.);
#7302=ORIENTED_EDGE('',*,*,#7168,.T.);
#7304=ORIENTED_EDGE('',*,*,#7303,.F.);
#7305=ORIENTED_EDGE('',*,*,#7160,.T.);
#7306=ORIENTED_EDGE('',*,*,#6787,.F.);
#7307=ORIENTED_EDGE('',*,*,#5943,.T.);
#7309=ORIENTED_EDGE('',*,*,#7308,.T.);
#7311=ORIENTED_EDGE('',*,*,#7310,.F.);
#7313=ORIENTED_EDGE('',*,*,#7312,.T.);
#7315=ORIENTED_EDGE('',*,*,#7314,.F.);
#7317=ORIENTED_EDGE('',*,*,#7316,.F.);
#7318=ORIENTED_EDGE('',*,*,#5927,.T.);
#7320=ORIENTED_EDGE('',*,*,#7319,.T.);
#7321=ORIENTED_EDGE('',*,*,#7154,.T.);
#7322=ORIENTED_EDGE('',*,*,#7264,.F.);
#7323=EDGE_LOOP('',(#7293,#7295,#7296,#7298,#7299,#7301,#7302,#7304,#7305,#7306,
#7307,#7309,#7311,#7313,#7315,#7317,#7318,#7320,#7321,#7322));
#7324=FACE_OUTER_BOUND('',#7323,.F.);
#7326=CARTESIAN_POINT('',(-7.5E-1,2.35E0,-4.85E0));
#7327=DIRECTION('',(1.E0,0.E0,0.E0));
#7328=DIRECTION('',(0.E0,-1.E0,0.E0));
#7329=AXIS2_PLACEMENT_3D('',#7326,#7327,#7328);
#7330=PLANE('',#7329);
#7332=ORIENTED_EDGE('',*,*,#7331,.F.);
#7334=ORIENTED_EDGE('',*,*,#7333,.F.);
#7336=ORIENTED_EDGE('',*,*,#7335,.T.);
#7337=ORIENTED_EDGE('',*,*,#7279,.F.);
#7338=ORIENTED_EDGE('',*,*,#5933,.F.);
#7339=EDGE_LOOP('',(#7332,#7334,#7336,#7337,#7338));
#7340=FACE_OUTER_BOUND('',#7339,.F.);
#7342=CARTESIAN_POINT('',(-1.593269740556E1,2.1E0,-4.6E0));
#7343=DIRECTION('',(1.E0,0.E0,0.E0));
#7344=DIRECTION('',(0.E0,0.E0,-1.E0));
#7345=AXIS2_PLACEMENT_3D('',#7342,#7343,#7344);
#7346=CYLINDRICAL_SURFACE('',#7345,2.5E-1);
#7347=ORIENTED_EDGE('',*,*,#7331,.T.);
#7348=ORIENTED_EDGE('',*,*,#5931,.F.);
#7350=ORIENTED_EDGE('',*,*,#7349,.T.);
#7352=ORIENTED_EDGE('',*,*,#7351,.T.);
#7353=EDGE_LOOP('',(#7347,#7348,#7350,#7352));
#7354=FACE_OUTER_BOUND('',#7353,.F.);
#7356=CARTESIAN_POINT('',(-1.7E0,1.15E0,-4.85E0));
#7357=DIRECTION('',(-1.E0,0.E0,0.E0));
#7358=DIRECTION('',(0.E0,1.E0,0.E0));
#7359=AXIS2_PLACEMENT_3D('',#7356,#7357,#7358);
#7360=PLANE('',#7359);
#7361=ORIENTED_EDGE('',*,*,#7349,.F.);
#7362=ORIENTED_EDGE('',*,*,#5929,.T.);
#7363=ORIENTED_EDGE('',*,*,#7316,.T.);
#7365=ORIENTED_EDGE('',*,*,#7364,.F.);
#7367=ORIENTED_EDGE('',*,*,#7366,.F.);
#7368=EDGE_LOOP('',(#7361,#7362,#7363,#7365,#7367));
#7369=FACE_OUTER_BOUND('',#7368,.F.);
#7371=CARTESIAN_POINT('',(-1.45E0,1.4E0,-1.740159755386E1));
#7372=DIRECTION('',(0.E0,0.E0,1.E0));
#7373=DIRECTION('',(-1.E0,0.E0,0.E0));
#7374=AXIS2_PLACEMENT_3D('',#7371,#7372,#7373);
#7375=CYLINDRICAL_SURFACE('',#7374,2.5E-1);
#7377=ORIENTED_EDGE('',*,*,#7376,.F.);
#7379=ORIENTED_EDGE('',*,*,#7378,.T.);
#7380=ORIENTED_EDGE('',*,*,#7364,.T.);
#7381=ORIENTED_EDGE('',*,*,#7314,.T.);
#7382=EDGE_LOOP('',(#7377,#7379,#7380,#7381));
#7383=FACE_OUTER_BOUND('',#7382,.F.);
#7385=CARTESIAN_POINT('',(1.7E0,1.15E0,-4.85E0));
#7386=DIRECTION('',(0.E0,-1.E0,0.E0));
#7387=DIRECTION('',(-1.E0,0.E0,0.E0));
#7388=AXIS2_PLACEMENT_3D('',#7385,#7386,#7387);
#7389=PLANE('',#7388);
#7391=ORIENTED_EDGE('',*,*,#7390,.F.);
#7393=ORIENTED_EDGE('',*,*,#7392,.F.);
#7394=ORIENTED_EDGE('',*,*,#7376,.T.);
#7395=ORIENTED_EDGE('',*,*,#7312,.F.);
#7396=EDGE_LOOP('',(#7391,#7393,#7394,#7395));
#7397=FACE_OUTER_BOUND('',#7396,.F.);
#7399=CARTESIAN_POINT('',(1.45E0,1.4E0,-1.740159755386E1));
#7400=DIRECTION('',(0.E0,0.E0,1.E0));
#7401=DIRECTION('',(0.E0,-1.E0,0.E0));
#7402=AXIS2_PLACEMENT_3D('',#7399,#7400,#7401);
#7403=CYLINDRICAL_SURFACE('',#7402,2.5E-1);
#7405=ORIENTED_EDGE('',*,*,#7404,.F.);
#7407=ORIENTED_EDGE('',*,*,#7406,.T.);
#7408=ORIENTED_EDGE('',*,*,#7390,.T.);
#7409=ORIENTED_EDGE('',*,*,#7310,.T.);
#7410=EDGE_LOOP('',(#7405,#7407,#7408,#7409));
#7411=FACE_OUTER_BOUND('',#7410,.F.);
#7413=CARTESIAN_POINT('',(1.7E0,2.35E0,-4.85E0));
#7414=DIRECTION('',(1.E0,0.E0,0.E0));
#7415=DIRECTION('',(0.E0,-1.E0,0.E0));
#7416=AXIS2_PLACEMENT_3D('',#7413,#7414,#7415);
#7417=PLANE('',#7416);
#7419=ORIENTED_EDGE('',*,*,#7418,.F.);
#7421=ORIENTED_EDGE('',*,*,#7420,.F.);
#7422=ORIENTED_EDGE('',*,*,#7404,.T.);
#7423=ORIENTED_EDGE('',*,*,#7308,.F.);
#7424=ORIENTED_EDGE('',*,*,#5941,.F.);
#7425=EDGE_LOOP('',(#7419,#7421,#7422,#7423,#7424));
#7426=FACE_OUTER_BOUND('',#7425,.F.);
#7428=CARTESIAN_POINT('',(-1.593269740556E1,2.1E0,-4.6E0));
#7429=DIRECTION('',(1.E0,0.E0,0.E0));
#7430=DIRECTION('',(0.E0,0.E0,-1.E0));
#7431=AXIS2_PLACEMENT_3D('',#7428,#7429,#7430);
#7432=CYLINDRICAL_SURFACE('',#7431,2.5E-1);
#7433=ORIENTED_EDGE('',*,*,#7418,.T.);
#7434=ORIENTED_EDGE('',*,*,#5939,.F.);
#7436=ORIENTED_EDGE('',*,*,#7435,.T.);
#7438=ORIENTED_EDGE('',*,*,#7437,.T.);
#7439=EDGE_LOOP('',(#7433,#7434,#7436,#7438));
#7440=FACE_OUTER_BOUND('',#7439,.F.);
#7442=CARTESIAN_POINT('',(7.5E-1,1.75E0,-4.85E0));
#7443=DIRECTION('',(-1.E0,0.E0,0.E0));
#7444=DIRECTION('',(0.E0,1.E0,0.E0));
#7445=AXIS2_PLACEMENT_3D('',#7442,#7443,#7444);
#7446=PLANE('',#7445);
#7447=ORIENTED_EDGE('',*,*,#7435,.F.);
#7448=ORIENTED_EDGE('',*,*,#5937,.T.);
#7449=ORIENTED_EDGE('',*,*,#7283,.T.);
#7451=ORIENTED_EDGE('',*,*,#7450,.F.);
#7453=ORIENTED_EDGE('',*,*,#7452,.F.);
#7454=EDGE_LOOP('',(#7447,#7448,#7449,#7451,#7453));
#7455=FACE_OUTER_BOUND('',#7454,.F.);
#7457=CARTESIAN_POINT('',(-7.5E-1,1.75E0,-4.85E0));
#7458=DIRECTION('',(0.E0,1.E0,0.E0));
#7459=DIRECTION('',(1.E0,0.E0,0.E0));
#7460=AXIS2_PLACEMENT_3D('',#7457,#7458,#7459);
#7461=PLANE('',#7460);
#7462=ORIENTED_EDGE('',*,*,#7281,.F.);
#7463=ORIENTED_EDGE('',*,*,#7335,.F.);
#7465=ORIENTED_EDGE('',*,*,#7464,.F.);
#7466=ORIENTED_EDGE('',*,*,#7450,.T.);
#7467=EDGE_LOOP('',(#7462,#7463,#7465,#7466));
#7468=FACE_OUTER_BOUND('',#7467,.F.);
#7470=CARTESIAN_POINT('',(0.E0,0.E0,-4.85E0));
#7471=DIRECTION('',(0.E0,0.E0,-1.E0));
#7472=DIRECTION('',(-1.E0,0.E0,0.E0));
#7473=AXIS2_PLACEMENT_3D('',#7470,#7471,#7472);
#7474=PLANE('',#7473);
#7475=ORIENTED_EDGE('',*,*,#7351,.F.);
#7476=ORIENTED_EDGE('',*,*,#7366,.T.);
#7477=ORIENTED_EDGE('',*,*,#7378,.F.);
#7478=ORIENTED_EDGE('',*,*,#7392,.T.);
#7479=ORIENTED_EDGE('',*,*,#7406,.F.);
#7480=ORIENTED_EDGE('',*,*,#7420,.T.);
#7481=ORIENTED_EDGE('',*,*,#7437,.F.);
#7482=ORIENTED_EDGE('',*,*,#7452,.T.);
#7483=ORIENTED_EDGE('',*,*,#7464,.T.);
#7484=ORIENTED_EDGE('',*,*,#7333,.T.);
#7485=EDGE_LOOP('',(#7475,#7476,#7477,#7478,#7479,#7480,#7481,#7482,#7483,
#7484));
#7486=FACE_OUTER_BOUND('',#7485,.F.);
#7488=CARTESIAN_POINT('',(-1.95E0,8.E-2,0.E0));
#7489=DIRECTION('',(0.E0,-1.E0,0.E0));
#7490=DIRECTION('',(-1.E0,0.E0,0.E0));
#7491=AXIS2_PLACEMENT_3D('',#7488,#7489,#7490);
#7492=PLANE('',#7491);
#7493=ORIENTED_EDGE('',*,*,#7294,.T.);
#7495=ORIENTED_EDGE('',*,*,#7494,.T.);
#7497=ORIENTED_EDGE('',*,*,#7496,.T.);
#7499=ORIENTED_EDGE('',*,*,#7498,.T.);
#7500=EDGE_LOOP('',(#7493,#7495,#7497,#7499));
#7501=FACE_OUTER_BOUND('',#7500,.F.);
#7503=CARTESIAN_POINT('',(-7.75E-1,-7.E-2,-4.19E0));
#7504=DIRECTION('',(-1.E0,0.E0,0.E0));
#7505=DIRECTION('',(0.E0,0.E0,-1.E0));
#7506=AXIS2_PLACEMENT_3D('',#7503,#7504,#7505);
#7507=PLANE('',#7506);
#7509=ORIENTED_EDGE('',*,*,#7508,.F.);
#7511=ORIENTED_EDGE('',*,*,#7510,.T.);
#7513=ORIENTED_EDGE('',*,*,#7512,.T.);
#7514=ORIENTED_EDGE('',*,*,#7494,.F.);
#7515=ORIENTED_EDGE('',*,*,#7190,.T.);
#7516=EDGE_LOOP('',(#7509,#7511,#7513,#7514,#7515));
#7517=FACE_OUTER_BOUND('',#7516,.F.);
#7519=CARTESIAN_POINT('',(1.707320820556E1,1.8E-1,-4.419128784752E0));
#7520=DIRECTION('',(-1.E0,0.E0,0.E0));
#7521=DIRECTION('',(0.E0,-1.E0,0.E0));
#7522=AXIS2_PLACEMENT_3D('',#7519,#7520,#7521);
#7523=CYLINDRICAL_SURFACE('',#7522,2.5E-1);
#7524=ORIENTED_EDGE('',*,*,#7508,.T.);
#7525=ORIENTED_EDGE('',*,*,#7188,.F.);
#7527=ORIENTED_EDGE('',*,*,#7526,.T.);
#7529=ORIENTED_EDGE('',*,*,#7528,.T.);
#7530=EDGE_LOOP('',(#7524,#7525,#7527,#7529));
#7531=FACE_OUTER_BOUND('',#7530,.F.);
#7533=CARTESIAN_POINT('',(-5.25E-1,-7.E-2,-5.29E0));
#7534=DIRECTION('',(1.E0,0.E0,0.E0));
#7535=DIRECTION('',(0.E0,0.E0,1.E0));
#7536=AXIS2_PLACEMENT_3D('',#7533,#7534,#7535);
#7537=PLANE('',#7536);
#7538=ORIENTED_EDGE('',*,*,#7526,.F.);
#7539=ORIENTED_EDGE('',*,*,#7186,.F.);
#7540=ORIENTED_EDGE('',*,*,#7498,.F.);
#7542=ORIENTED_EDGE('',*,*,#7541,.F.);
#7544=ORIENTED_EDGE('',*,*,#7543,.T.);
#7545=EDGE_LOOP('',(#7538,#7539,#7540,#7542,#7544));
#7546=FACE_OUTER_BOUND('',#7545,.F.);
#7548=CARTESIAN_POINT('',(-7.75E-1,-7.E-2,-5.29E0));
#7549=DIRECTION('',(0.E0,0.E0,-1.E0));
#7550=DIRECTION('',(1.E0,0.E0,0.E0));
#7551=AXIS2_PLACEMENT_3D('',#7548,#7549,#7550);
#7552=PLANE('',#7551);
#7554=ORIENTED_EDGE('',*,*,#7553,.T.);
#7555=ORIENTED_EDGE('',*,*,#7541,.T.);
#7556=ORIENTED_EDGE('',*,*,#7496,.F.);
#7557=ORIENTED_EDGE('',*,*,#7512,.F.);
#7558=EDGE_LOOP('',(#7554,#7555,#7556,#7557));
#7559=FACE_OUTER_BOUND('',#7558,.F.);
#7561=CARTESIAN_POINT('',(-1.95E0,-7.E-2,0.E0));
#7562=DIRECTION('',(0.E0,-1.E0,0.E0));
#7563=DIRECTION('',(-1.E0,0.E0,0.E0));
#7564=AXIS2_PLACEMENT_3D('',#7561,#7562,#7563);
#7565=PLANE('',#7564);
#7566=ORIENTED_EDGE('',*,*,#7528,.F.);
#7567=ORIENTED_EDGE('',*,*,#7543,.F.);
#7568=ORIENTED_EDGE('',*,*,#7553,.F.);
#7569=ORIENTED_EDGE('',*,*,#7510,.F.);
#7570=EDGE_LOOP('',(#7566,#7567,#7568,#7569));
#7571=FACE_OUTER_BOUND('',#7570,.F.);
#7573=CARTESIAN_POINT('',(-1.3E0,8.E-2,0.E0));
#7574=DIRECTION('',(0.E0,-1.E0,0.E0));
#7575=DIRECTION('',(-1.E0,0.E0,0.E0));
#7576=AXIS2_PLACEMENT_3D('',#7573,#7574,#7575);
#7577=PLANE('',#7576);
#7578=ORIENTED_EDGE('',*,*,#7297,.T.);
#7580=ORIENTED_EDGE('',*,*,#7579,.T.);
#7582=ORIENTED_EDGE('',*,*,#7581,.T.);
#7584=ORIENTED_EDGE('',*,*,#7583,.T.);
#7585=EDGE_LOOP('',(#7578,#7580,#7582,#7584));
#7586=FACE_OUTER_BOUND('',#7585,.F.);
#7588=CARTESIAN_POINT('',(-1.25E-1,-7.E-2,-4.19E0));
#7589=DIRECTION('',(-1.E0,0.E0,0.E0));
#7590=DIRECTION('',(0.E0,0.E0,-1.E0));
#7591=AXIS2_PLACEMENT_3D('',#7588,#7589,#7590);
#7592=PLANE('',#7591);
#7594=ORIENTED_EDGE('',*,*,#7593,.F.);
#7596=ORIENTED_EDGE('',*,*,#7595,.T.);
#7598=ORIENTED_EDGE('',*,*,#7597,.T.);
#7599=ORIENTED_EDGE('',*,*,#7579,.F.);
#7600=ORIENTED_EDGE('',*,*,#7182,.T.);
#7601=EDGE_LOOP('',(#7594,#7596,#7598,#7599,#7600));
#7602=FACE_OUTER_BOUND('',#7601,.F.);
#7604=CARTESIAN_POINT('',(1.707320820556E1,1.8E-1,-4.419128784745E0));
#7605=DIRECTION('',(-1.E0,0.E0,0.E0));
#7606=DIRECTION('',(0.E0,-1.E0,0.E0));
#7607=AXIS2_PLACEMENT_3D('',#7604,#7605,#7606);
#7608=CYLINDRICAL_SURFACE('',#7607,2.5E-1);
#7609=ORIENTED_EDGE('',*,*,#7593,.T.);
#7610=ORIENTED_EDGE('',*,*,#7180,.F.);
#7612=ORIENTED_EDGE('',*,*,#7611,.T.);
#7614=ORIENTED_EDGE('',*,*,#7613,.T.);
#7615=EDGE_LOOP('',(#7609,#7610,#7612,#7614));
#7616=FACE_OUTER_BOUND('',#7615,.F.);
#7618=CARTESIAN_POINT('',(1.25E-1,-7.E-2,-5.29E0));
#7619=DIRECTION('',(1.E0,0.E0,0.E0));
#7620=DIRECTION('',(0.E0,0.E0,1.E0));
#7621=AXIS2_PLACEMENT_3D('',#7618,#7619,#7620);
#7622=PLANE('',#7621);
#7623=ORIENTED_EDGE('',*,*,#7611,.F.);
#7624=ORIENTED_EDGE('',*,*,#7178,.F.);
#7625=ORIENTED_EDGE('',*,*,#7583,.F.);
#7627=ORIENTED_EDGE('',*,*,#7626,.F.);
#7629=ORIENTED_EDGE('',*,*,#7628,.T.);
#7630=EDGE_LOOP('',(#7623,#7624,#7625,#7627,#7629));
#7631=FACE_OUTER_BOUND('',#7630,.F.);
#7633=CARTESIAN_POINT('',(-1.25E-1,-7.E-2,-5.29E0));
#7634=DIRECTION('',(0.E0,0.E0,-1.E0));
#7635=DIRECTION('',(1.E0,0.E0,0.E0));
#7636=AXIS2_PLACEMENT_3D('',#7633,#7634,#7635);
#7637=PLANE('',#7636);
#7639=ORIENTED_EDGE('',*,*,#7638,.T.);
#7640=ORIENTED_EDGE('',*,*,#7626,.T.);
#7641=ORIENTED_EDGE('',*,*,#7581,.F.);
#7642=ORIENTED_EDGE('',*,*,#7597,.F.);
#7643=EDGE_LOOP('',(#7639,#7640,#7641,#7642));
#7644=FACE_OUTER_BOUND('',#7643,.F.);
#7646=CARTESIAN_POINT('',(-1.3E0,-7.E-2,0.E0));
#7647=DIRECTION('',(0.E0,-1.E0,0.E0));
#7648=DIRECTION('',(-1.E0,0.E0,0.E0));
#7649=AXIS2_PLACEMENT_3D('',#7646,#7647,#7648);
#7650=PLANE('',#7649);
#7651=ORIENTED_EDGE('',*,*,#7613,.F.);
#7652=ORIENTED_EDGE('',*,*,#7628,.F.);
#7653=ORIENTED_EDGE('',*,*,#7638,.F.);
#7654=ORIENTED_EDGE('',*,*,#7595,.F.);
#7655=EDGE_LOOP('',(#7651,#7652,#7653,#7654));
#7656=FACE_OUTER_BOUND('',#7655,.F.);
#7658=CARTESIAN_POINT('',(-6.5E-1,8.E-2,0.E0));
#7659=DIRECTION('',(0.E0,-1.E0,0.E0));
#7660=DIRECTION('',(-1.E0,0.E0,0.E0));
#7661=AXIS2_PLACEMENT_3D('',#7658,#7659,#7660);
#7662=PLANE('',#7661);
#7663=ORIENTED_EDGE('',*,*,#7300,.T.);
#7665=ORIENTED_EDGE('',*,*,#7664,.T.);
#7667=ORIENTED_EDGE('',*,*,#7666,.T.);
#7669=ORIENTED_EDGE('',*,*,#7668,.T.);
#7670=EDGE_LOOP('',(#7663,#7665,#7667,#7669));
#7671=FACE_OUTER_BOUND('',#7670,.F.);
#7673=CARTESIAN_POINT('',(5.25E-1,-7.E-2,-4.19E0));
#7674=DIRECTION('',(-1.E0,0.E0,0.E0));
#7675=DIRECTION('',(0.E0,0.E0,-1.E0));
#7676=AXIS2_PLACEMENT_3D('',#7673,#7674,#7675);
#7677=PLANE('',#7676);
#7679=ORIENTED_EDGE('',*,*,#7678,.F.);
#7681=ORIENTED_EDGE('',*,*,#7680,.T.);
#7683=ORIENTED_EDGE('',*,*,#7682,.T.);
#7684=ORIENTED_EDGE('',*,*,#7664,.F.);
#7685=ORIENTED_EDGE('',*,*,#7174,.T.);
#7686=EDGE_LOOP('',(#7679,#7681,#7683,#7684,#7685));
#7687=FACE_OUTER_BOUND('',#7686,.F.);
#7689=CARTESIAN_POINT('',(1.707320820556E1,1.8E-1,-4.419128784745E0));
#7690=DIRECTION('',(-1.E0,0.E0,-1.908059456999E-13));
#7691=DIRECTION('',(0.E0,-1.E0,0.E0));
#7692=AXIS2_PLACEMENT_3D('',#7689,#7690,#7691);
#7693=CYLINDRICAL_SURFACE('',#7692,2.5E-1);
#7694=ORIENTED_EDGE('',*,*,#7678,.T.);
#7695=ORIENTED_EDGE('',*,*,#7172,.F.);
#7697=ORIENTED_EDGE('',*,*,#7696,.T.);
#7699=ORIENTED_EDGE('',*,*,#7698,.T.);
#7700=EDGE_LOOP('',(#7694,#7695,#7697,#7699));
#7701=FACE_OUTER_BOUND('',#7700,.F.);
#7703=CARTESIAN_POINT('',(7.75E-1,-7.E-2,-5.29E0));
#7704=DIRECTION('',(1.E0,0.E0,0.E0));
#7705=DIRECTION('',(0.E0,0.E0,1.E0));
#7706=AXIS2_PLACEMENT_3D('',#7703,#7704,#7705);
#7707=PLANE('',#7706);
#7708=ORIENTED_EDGE('',*,*,#7696,.F.);
#7709=ORIENTED_EDGE('',*,*,#7170,.F.);
#7710=ORIENTED_EDGE('',*,*,#7668,.F.);
#7712=ORIENTED_EDGE('',*,*,#7711,.F.);
#7714=ORIENTED_EDGE('',*,*,#7713,.T.);
#7715=EDGE_LOOP('',(#7708,#7709,#7710,#7712,#7714));
#7716=FACE_OUTER_BOUND('',#7715,.F.);
#7718=CARTESIAN_POINT('',(5.25E-1,-7.E-2,-5.29E0));
#7719=DIRECTION('',(0.E0,0.E0,-1.E0));
#7720=DIRECTION('',(1.E0,0.E0,0.E0));
#7721=AXIS2_PLACEMENT_3D('',#7718,#7719,#7720);
#7722=PLANE('',#7721);
#7724=ORIENTED_EDGE('',*,*,#7723,.T.);
#7725=ORIENTED_EDGE('',*,*,#7711,.T.);
#7726=ORIENTED_EDGE('',*,*,#7666,.F.);
#7727=ORIENTED_EDGE('',*,*,#7682,.F.);
#7728=EDGE_LOOP('',(#7724,#7725,#7726,#7727));
#7729=FACE_OUTER_BOUND('',#7728,.F.);
#7731=CARTESIAN_POINT('',(-6.5E-1,-7.E-2,0.E0));
#7732=DIRECTION('',(0.E0,-1.E0,0.E0));
#7733=DIRECTION('',(-1.E0,0.E0,0.E0));
#7734=AXIS2_PLACEMENT_3D('',#7731,#7732,#7733);
#7735=PLANE('',#7734);
#7736=ORIENTED_EDGE('',*,*,#7698,.F.);
#7737=ORIENTED_EDGE('',*,*,#7713,.F.);
#7738=ORIENTED_EDGE('',*,*,#7723,.F.);
#7739=ORIENTED_EDGE('',*,*,#7680,.F.);
#7740=EDGE_LOOP('',(#7736,#7737,#7738,#7739));
#7741=FACE_OUTER_BOUND('',#7740,.F.);
#7743=CARTESIAN_POINT('',(0.E0,8.E-2,0.E0));
#7744=DIRECTION('',(0.E0,-1.E0,0.E0));
#7745=DIRECTION('',(-1.E0,0.E0,0.E0));
#7746=AXIS2_PLACEMENT_3D('',#7743,#7744,#7745);
#7747=PLANE('',#7746);
#7748=ORIENTED_EDGE('',*,*,#7303,.T.);
#7750=ORIENTED_EDGE('',*,*,#7749,.T.);
#7752=ORIENTED_EDGE('',*,*,#7751,.T.);
#7754=ORIENTED_EDGE('',*,*,#7753,.T.);
#7755=EDGE_LOOP('',(#7748,#7750,#7752,#7754));
#7756=FACE_OUTER_BOUND('',#7755,.F.);
#7758=CARTESIAN_POINT('',(1.175E0,-7.E-2,-4.19E0));
#7759=DIRECTION('',(-1.E0,0.E0,0.E0));
#7760=DIRECTION('',(0.E0,0.E0,-1.E0));
#7761=AXIS2_PLACEMENT_3D('',#7758,#7759,#7760);
#7762=PLANE('',#7761);
#7764=ORIENTED_EDGE('',*,*,#7763,.F.);
#7766=ORIENTED_EDGE('',*,*,#7765,.T.);
#7768=ORIENTED_EDGE('',*,*,#7767,.T.);
#7769=ORIENTED_EDGE('',*,*,#7749,.F.);
#7770=ORIENTED_EDGE('',*,*,#7166,.T.);
#7771=EDGE_LOOP('',(#7764,#7766,#7768,#7769,#7770));
#7772=FACE_OUTER_BOUND('',#7771,.F.);
#7774=CARTESIAN_POINT('',(1.707320820556E1,1.8E-1,-4.419128784752E0));
#7775=DIRECTION('',(-1.E0,0.E0,0.E0));
#7776=DIRECTION('',(0.E0,-1.E0,0.E0));
#7777=AXIS2_PLACEMENT_3D('',#7774,#7775,#7776);
#7778=CYLINDRICAL_SURFACE('',#7777,2.5E-1);
#7779=ORIENTED_EDGE('',*,*,#7763,.T.);
#7780=ORIENTED_EDGE('',*,*,#7164,.F.);
#7782=ORIENTED_EDGE('',*,*,#7781,.T.);
#7784=ORIENTED_EDGE('',*,*,#7783,.T.);
#7785=EDGE_LOOP('',(#7779,#7780,#7782,#7784));
#7786=FACE_OUTER_BOUND('',#7785,.F.);
#7788=CARTESIAN_POINT('',(1.425E0,-7.E-2,-5.29E0));
#7789=DIRECTION('',(1.E0,0.E0,0.E0));
#7790=DIRECTION('',(0.E0,0.E0,1.E0));
#7791=AXIS2_PLACEMENT_3D('',#7788,#7789,#7790);
#7792=PLANE('',#7791);
#7793=ORIENTED_EDGE('',*,*,#7781,.F.);
#7794=ORIENTED_EDGE('',*,*,#7162,.F.);
#7795=ORIENTED_EDGE('',*,*,#7753,.F.);
#7797=ORIENTED_EDGE('',*,*,#7796,.F.);
#7799=ORIENTED_EDGE('',*,*,#7798,.T.);
#7800=EDGE_LOOP('',(#7793,#7794,#7795,#7797,#7799));
#7801=FACE_OUTER_BOUND('',#7800,.F.);
#7803=CARTESIAN_POINT('',(1.175E0,-7.E-2,-5.29E0));
#7804=DIRECTION('',(0.E0,0.E0,-1.E0));
#7805=DIRECTION('',(1.E0,0.E0,0.E0));
#7806=AXIS2_PLACEMENT_3D('',#7803,#7804,#7805);
#7807=PLANE('',#7806);
#7809=ORIENTED_EDGE('',*,*,#7808,.T.);
#7810=ORIENTED_EDGE('',*,*,#7796,.T.);
#7811=ORIENTED_EDGE('',*,*,#7751,.F.);
#7812=ORIENTED_EDGE('',*,*,#7767,.F.);
#7813=EDGE_LOOP('',(#7809,#7810,#7811,#7812));
#7814=FACE_OUTER_BOUND('',#7813,.F.);
#7816=CARTESIAN_POINT('',(0.E0,-7.E-2,0.E0));
#7817=DIRECTION('',(0.E0,-1.E0,0.E0));
#7818=DIRECTION('',(-1.E0,0.E0,0.E0));
#7819=AXIS2_PLACEMENT_3D('',#7816,#7817,#7818);
#7820=PLANE('',#7819);
#7821=ORIENTED_EDGE('',*,*,#7783,.F.);
#7822=ORIENTED_EDGE('',*,*,#7798,.F.);
#7823=ORIENTED_EDGE('',*,*,#7808,.F.);
#7824=ORIENTED_EDGE('',*,*,#7765,.F.);
#7825=EDGE_LOOP('',(#7821,#7822,#7823,#7824));
#7826=FACE_OUTER_BOUND('',#7825,.F.);
#7828=CARTESIAN_POINT('',(-1.75E0,-3.588720915001E0,-3.72E0));
#7829=DIRECTION('',(-1.E0,0.E0,0.E0));
#7830=DIRECTION('',(0.E0,0.E0,-1.E0));
#7831=AXIS2_PLACEMENT_3D('',#7828,#7829,#7830);
#7832=PLANE('',#7831);
#7833=ORIENTED_EDGE('',*,*,#7156,.T.);
#7834=ORIENTED_EDGE('',*,*,#7319,.F.);
#7835=ORIENTED_EDGE('',*,*,#5925,.F.);
#7836=ORIENTED_EDGE('',*,*,#6757,.T.);
#7837=ORIENTED_EDGE('',*,*,#6831,.T.);
#7838=ORIENTED_EDGE('',*,*,#6982,.F.);
#7839=ORIENTED_EDGE('',*,*,#7014,.T.);
#7840=ORIENTED_EDGE('',*,*,#7140,.T.);
#7841=EDGE_LOOP('',(#7833,#7834,#7835,#7836,#7837,#7838,#7839,#7840));
#7842=FACE_OUTER_BOUND('',#7841,.F.);
#7844=CARTESIAN_POINT('',(-1.425E0,-7.E-2,-5.29E0));
#7845=DIRECTION('',(0.E0,0.E0,-1.E0));
#7846=DIRECTION('',(1.E0,0.E0,0.E0));
#7847=AXIS2_PLACEMENT_3D('',#7844,#7845,#7846);
#7848=PLANE('',#7847);
#7849=ORIENTED_EDGE('',*,*,#7238,.T.);
#7850=ORIENTED_EDGE('',*,*,#7253,.T.);
#7851=ORIENTED_EDGE('',*,*,#7267,.F.);
#7852=ORIENTED_EDGE('',*,*,#7222,.F.);
#7853=EDGE_LOOP('',(#7849,#7850,#7851,#7852));
#7854=FACE_OUTER_BOUND('',#7853,.F.);
#7856=CARTESIAN_POINT('',(-2.604916595073E0,5.E-1,0.E0));
#7857=DIRECTION('',(0.E0,0.E0,1.E0));
#7858=DIRECTION('',(1.E0,0.E0,0.E0));
#7859=AXIS2_PLACEMENT_3D('',#7856,#7857,#7858);
#7860=CYLINDRICAL_SURFACE('',#7859,5.E-1);
#7862=ORIENTED_EDGE('',*,*,#7861,.T.);
#7863=ORIENTED_EDGE('',*,*,#7022,.T.);
#7864=ORIENTED_EDGE('',*,*,#6773,.F.);
#7866=ORIENTED_EDGE('',*,*,#7865,.F.);
#7867=EDGE_LOOP('',(#7862,#7863,#7864,#7866));
#7868=FACE_OUTER_BOUND('',#7867,.F.);
#7870=CARTESIAN_POINT('',(-2.604916595073E0,5.E-1,0.E0));
#7871=DIRECTION('',(0.E0,0.E0,1.E0));
#7872=DIRECTION('',(1.E0,0.E0,0.E0));
#7873=AXIS2_PLACEMENT_3D('',#7870,#7871,#7872);
#7874=CYLINDRICAL_SURFACE('',#7873,5.E-1);
#7876=ORIENTED_EDGE('',*,*,#7875,.F.);
#7878=ORIENTED_EDGE('',*,*,#7877,.F.);
#7879=ORIENTED_EDGE('',*,*,#5347,.T.);
#7880=ORIENTED_EDGE('',*,*,#7034,.T.);
#7881=EDGE_LOOP('',(#7876,#7878,#7879,#7880));
#7882=FACE_OUTER_BOUND('',#7881,.F.);
#7884=CARTESIAN_POINT('',(-4.1E0,0.E0,-3.05E0));
#7885=DIRECTION('',(0.E0,0.E0,-1.E0));
#7886=DIRECTION('',(1.E0,0.E0,0.E0));
#7887=AXIS2_PLACEMENT_3D('',#7884,#7885,#7886);
#7888=PLANE('',#7887);
#7889=ORIENTED_EDGE('',*,*,#6510,.T.);
#7891=ORIENTED_EDGE('',*,*,#7890,.T.);
#7893=ORIENTED_EDGE('',*,*,#7892,.T.);
#7895=ORIENTED_EDGE('',*,*,#7894,.T.);
#7897=ORIENTED_EDGE('',*,*,#7896,.T.);
#7899=ORIENTED_EDGE('',*,*,#7898,.F.);
#7900=ORIENTED_EDGE('',*,*,#7024,.F.);
#7901=ORIENTED_EDGE('',*,*,#7861,.F.);
#7903=ORIENTED_EDGE('',*,*,#7902,.F.);
#7905=ORIENTED_EDGE('',*,*,#7904,.F.);
#7907=ORIENTED_EDGE('',*,*,#7906,.F.);
#7908=EDGE_LOOP('',(#7889,#7891,#7893,#7895,#7897,#7899,#7900,#7901,#7903,#7905,
#7907));
#7909=FACE_OUTER_BOUND('',#7908,.F.);
#7911=CARTESIAN_POINT('',(-3.25E0,1.086706716908E0,0.E0));
#7912=DIRECTION('',(0.E0,0.E0,1.E0));
#7913=DIRECTION('',(1.E0,0.E0,0.E0));
#7914=AXIS2_PLACEMENT_3D('',#7911,#7912,#7913);
#7915=CYLINDRICAL_SURFACE('',#7914,2.E-1);
#7916=ORIENTED_EDGE('',*,*,#7890,.F.);
#7917=ORIENTED_EDGE('',*,*,#6508,.T.);
#7918=ORIENTED_EDGE('',*,*,#6403,.T.);
#7920=ORIENTED_EDGE('',*,*,#7919,.F.);
#7921=EDGE_LOOP('',(#7916,#7917,#7918,#7920));
#7922=FACE_OUTER_BOUND('',#7921,.F.);
#7924=CARTESIAN_POINT('',(-3.25E0,1.086706716908E0,0.E0));
#7925=DIRECTION('',(0.E0,0.E0,1.E0));
#7926=DIRECTION('',(1.E0,0.E0,0.E0));
#7927=AXIS2_PLACEMENT_3D('',#7924,#7925,#7926);
#7928=CYLINDRICAL_SURFACE('',#7927,2.E-1);
#7930=ORIENTED_EDGE('',*,*,#7929,.T.);
#7932=ORIENTED_EDGE('',*,*,#7931,.F.);
#7933=ORIENTED_EDGE('',*,*,#5335,.F.);
#7934=ORIENTED_EDGE('',*,*,#6498,.T.);
#7935=EDGE_LOOP('',(#7930,#7932,#7933,#7934));
#7936=FACE_OUTER_BOUND('',#7935,.F.);
#7938=CARTESIAN_POINT('',(-3.396598624487E0,9.506595070929E-1,0.E0));
#7939=DIRECTION('',(-7.142128391426E-1,-6.999285823596E-1,0.E0));
#7940=DIRECTION('',(6.999285823596E-1,-7.142128391426E-1,0.E0));
#7941=AXIS2_PLACEMENT_3D('',#7938,#7939,#7940);
#7942=PLANE('',#7941);
#7943=ORIENTED_EDGE('',*,*,#7892,.F.);
#7944=ORIENTED_EDGE('',*,*,#7919,.T.);
#7945=ORIENTED_EDGE('',*,*,#6401,.T.);
#7947=ORIENTED_EDGE('',*,*,#7946,.F.);
#7948=EDGE_LOOP('',(#7943,#7944,#7945,#7947));
#7949=FACE_OUTER_BOUND('',#7948,.F.);
#7951=CARTESIAN_POINT('',(-3.396598624487E0,9.506595070929E-1,0.E0));
#7952=DIRECTION('',(-7.142128391426E-1,-6.999285823596E-1,0.E0));
#7953=DIRECTION('',(6.999285823596E-1,-7.142128391426E-1,0.E0));
#7954=AXIS2_PLACEMENT_3D('',#7951,#7952,#7953);
#7955=PLANE('',#7954);
#7957=ORIENTED_EDGE('',*,*,#7956,.T.);
#7959=ORIENTED_EDGE('',*,*,#7958,.F.);
#7960=ORIENTED_EDGE('',*,*,#5337,.F.);
#7961=ORIENTED_EDGE('',*,*,#7931,.T.);
#7962=EDGE_LOOP('',(#7957,#7959,#7960,#7961));
#7963=FACE_OUTER_BOUND('',#7962,.F.);
#7965=CARTESIAN_POINT('',(-2.604916595073E0,5.E-1,0.E0));
#7966=DIRECTION('',(0.E0,0.E0,1.E0));
#7967=DIRECTION('',(1.E0,0.E0,0.E0));
#7968=AXIS2_PLACEMENT_3D('',#7965,#7966,#7967);
#7969=CYLINDRICAL_SURFACE('',#7968,2.5E-1);
#7970=ORIENTED_EDGE('',*,*,#7894,.F.);
#7971=ORIENTED_EDGE('',*,*,#7946,.T.);
#7972=ORIENTED_EDGE('',*,*,#6399,.T.);
#7974=ORIENTED_EDGE('',*,*,#7973,.F.);
#7975=EDGE_LOOP('',(#7970,#7971,#7972,#7974));
#7976=FACE_OUTER_BOUND('',#7975,.F.);
#7978=CARTESIAN_POINT('',(-2.604916595073E0,5.E-1,0.E0));
#7979=DIRECTION('',(0.E0,0.E0,1.E0));
#7980=DIRECTION('',(1.E0,0.E0,0.E0));
#7981=AXIS2_PLACEMENT_3D('',#7978,#7979,#7980);
#7982=CYLINDRICAL_SURFACE('',#7981,2.5E-1);
#7984=ORIENTED_EDGE('',*,*,#7983,.T.);
#7986=ORIENTED_EDGE('',*,*,#7985,.F.);
#7987=ORIENTED_EDGE('',*,*,#5339,.F.);
#7988=ORIENTED_EDGE('',*,*,#7958,.T.);
#7989=EDGE_LOOP('',(#7984,#7986,#7987,#7988));
#7990=FACE_OUTER_BOUND('',#7989,.F.);
#7992=CARTESIAN_POINT('',(-2.604916595073E0,2.5E-1,0.E0));
#7993=DIRECTION('',(0.E0,-1.E0,0.E0));
#7994=DIRECTION('',(1.E0,0.E0,0.E0));
#7995=AXIS2_PLACEMENT_3D('',#7992,#7993,#7994);
#7996=PLANE('',#7995);
#7998=ORIENTED_EDGE('',*,*,#7997,.F.);
#8000=ORIENTED_EDGE('',*,*,#7999,.F.);
#8001=ORIENTED_EDGE('',*,*,#7896,.F.);
#8002=ORIENTED_EDGE('',*,*,#7973,.T.);
#8003=ORIENTED_EDGE('',*,*,#6397,.T.);
#8005=ORIENTED_EDGE('',*,*,#8004,.F.);
#8007=ORIENTED_EDGE('',*,*,#8006,.T.);
#8009=ORIENTED_EDGE('',*,*,#8008,.F.);
#8011=ORIENTED_EDGE('',*,*,#8010,.F.);
#8013=ORIENTED_EDGE('',*,*,#8012,.F.);
#8015=ORIENTED_EDGE('',*,*,#8014,.F.);
#8017=ORIENTED_EDGE('',*,*,#8016,.F.);
#8018=ORIENTED_EDGE('',*,*,#5377,.T.);
#8020=ORIENTED_EDGE('',*,*,#8019,.F.);
#8022=ORIENTED_EDGE('',*,*,#8021,.F.);
#8024=ORIENTED_EDGE('',*,*,#8023,.T.);
#8025=ORIENTED_EDGE('',*,*,#5341,.F.);
#8026=ORIENTED_EDGE('',*,*,#7985,.T.);
#8028=ORIENTED_EDGE('',*,*,#8027,.T.);
#8030=ORIENTED_EDGE('',*,*,#8029,.F.);
#8031=EDGE_LOOP('',(#7998,#8000,#8001,#8002,#8003,#8005,#8007,#8009,#8011,#8013,
#8015,#8017,#8018,#8020,#8022,#8024,#8025,#8026,#8028,#8030));
#8032=FACE_OUTER_BOUND('',#8031,.F.);
#8034=CARTESIAN_POINT('',(-6.E-1,0.E0,-3.05E0));
#8035=DIRECTION('',(1.E0,0.E0,0.E0));
#8036=DIRECTION('',(0.E0,0.E0,1.E0));
#8037=AXIS2_PLACEMENT_3D('',#8034,#8035,#8036);
#8038=PLANE('',#8037);
#8040=ORIENTED_EDGE('',*,*,#8039,.F.);
#8041=ORIENTED_EDGE('',*,*,#7028,.F.);
#8043=ORIENTED_EDGE('',*,*,#8042,.T.);
#8044=ORIENTED_EDGE('',*,*,#7997,.T.);
#8045=EDGE_LOOP('',(#8040,#8041,#8043,#8044));
#8046=FACE_OUTER_BOUND('',#8045,.F.);
#8048=CARTESIAN_POINT('',(-7.5E-1,-1.262058664854E1,-1.1E0));
#8049=DIRECTION('',(0.E0,1.E0,0.E0));
#8050=DIRECTION('',(0.E0,0.E0,1.E0));
#8051=AXIS2_PLACEMENT_3D('',#8048,#8049,#8050);
#8052=CYLINDRICAL_SURFACE('',#8051,1.5E-1);
#8054=ORIENTED_EDGE('',*,*,#8053,.F.);
#8055=ORIENTED_EDGE('',*,*,#7030,.T.);
#8056=ORIENTED_EDGE('',*,*,#8039,.T.);
#8057=ORIENTED_EDGE('',*,*,#8029,.T.);
#8058=EDGE_LOOP('',(#8054,#8055,#8056,#8057));
#8059=FACE_OUTER_BOUND('',#8058,.F.);
#8061=CARTESIAN_POINT('',(-6.E-1,0.E0,-9.5E-1));
#8062=DIRECTION('',(0.E0,0.E0,1.E0));
#8063=DIRECTION('',(-1.E0,0.E0,0.E0));
#8064=AXIS2_PLACEMENT_3D('',#8061,#8062,#8063);
#8065=PLANE('',#8064);
#8067=ORIENTED_EDGE('',*,*,#8066,.F.);
#8069=ORIENTED_EDGE('',*,*,#8068,.T.);
#8071=ORIENTED_EDGE('',*,*,#8070,.T.);
#8072=ORIENTED_EDGE('',*,*,#7875,.T.);
#8073=ORIENTED_EDGE('',*,*,#7032,.T.);
#8074=ORIENTED_EDGE('',*,*,#8053,.T.);
#8075=ORIENTED_EDGE('',*,*,#8027,.F.);
#8076=ORIENTED_EDGE('',*,*,#7983,.F.);
#8077=ORIENTED_EDGE('',*,*,#7956,.F.);
#8078=ORIENTED_EDGE('',*,*,#7929,.F.);
#8079=ORIENTED_EDGE('',*,*,#6496,.F.);
#8080=EDGE_LOOP('',(#8067,#8069,#8071,#8072,#8073,#8074,#8075,#8076,#8077,#8078,
#8079));
#8081=FACE_OUTER_BOUND('',#8080,.F.);
#8083=CARTESIAN_POINT('',(-1.593269740556E1,9.5E-1,-1.1E0));
#8084=DIRECTION('',(1.E0,0.E0,0.E0));
#8085=DIRECTION('',(0.E0,1.E0,0.E0));
#8086=AXIS2_PLACEMENT_3D('',#8083,#8084,#8085);
#8087=CYLINDRICAL_SURFACE('',#8086,1.5E-1);
#8088=ORIENTED_EDGE('',*,*,#6573,.T.);
#8090=ORIENTED_EDGE('',*,*,#8089,.T.);
#8091=ORIENTED_EDGE('',*,*,#8066,.T.);
#8092=ORIENTED_EDGE('',*,*,#6494,.T.);
#8094=ORIENTED_EDGE('',*,*,#8093,.F.);
#8095=EDGE_LOOP('',(#8088,#8090,#8091,#8092,#8094));
#8096=FACE_OUTER_BOUND('',#8095,.F.);
#8098=CARTESIAN_POINT('',(-3.25E0,1.086706716908E0,0.E0));
#8099=DIRECTION('',(0.E0,0.E0,1.E0));
#8100=DIRECTION('',(1.E0,0.E0,0.E0));
#8101=AXIS2_PLACEMENT_3D('',#8098,#8099,#8100);
#8102=CYLINDRICAL_SURFACE('',#8101,4.5E-1);
#8103=ORIENTED_EDGE('',*,*,#8068,.F.);
#8104=ORIENTED_EDGE('',*,*,#8089,.F.);
#8105=ORIENTED_EDGE('',*,*,#6571,.F.);
#8106=ORIENTED_EDGE('',*,*,#5351,.T.);
#8108=ORIENTED_EDGE('',*,*,#8107,.T.);
#8109=EDGE_LOOP('',(#8103,#8104,#8105,#8106,#8108));
#8110=FACE_OUTER_BOUND('',#8109,.F.);
#8112=CARTESIAN_POINT('',(-3.25E0,1.086706716908E0,0.E0));
#8113=DIRECTION('',(0.E0,0.E0,1.E0));
#8114=DIRECTION('',(1.E0,0.E0,0.E0));
#8115=AXIS2_PLACEMENT_3D('',#8112,#8113,#8114);
#8116=CYLINDRICAL_SURFACE('',#8115,4.5E-1);
#8117=ORIENTED_EDGE('',*,*,#6769,.F.);
#8118=ORIENTED_EDGE('',*,*,#6709,.F.);
#8119=ORIENTED_EDGE('',*,*,#6602,.T.);
#8121=ORIENTED_EDGE('',*,*,#8120,.F.);
#8122=ORIENTED_EDGE('',*,*,#7904,.T.);
#8124=ORIENTED_EDGE('',*,*,#8123,.T.);
#8125=EDGE_LOOP('',(#8117,#8118,#8119,#8121,#8122,#8124));
#8126=FACE_OUTER_BOUND('',#8125,.F.);
#8128=CARTESIAN_POINT('',(-3.5770566E0,7.776210000001E-1,0.E0));
#8129=DIRECTION('',(-7.142128391426E-1,-6.999285823596E-1,0.E0));
#8130=DIRECTION('',(6.999285823596E-1,-7.142128391426E-1,0.E0));
#8131=AXIS2_PLACEMENT_3D('',#8128,#8129,#8130);
#8132=PLANE('',#8131);
#8133=ORIENTED_EDGE('',*,*,#8070,.F.);
#8134=ORIENTED_EDGE('',*,*,#8107,.F.);
#8135=ORIENTED_EDGE('',*,*,#5349,.F.);
#8136=ORIENTED_EDGE('',*,*,#7877,.T.);
#8137=EDGE_LOOP('',(#8133,#8134,#8135,#8136));
#8138=FACE_OUTER_BOUND('',#8137,.F.);
#8140=CARTESIAN_POINT('',(-3.5770566E0,7.776210000001E-1,0.E0));
#8141=DIRECTION('',(-7.142128391426E-1,-6.999285823596E-1,0.E0));
#8142=DIRECTION('',(6.999285823596E-1,-7.142128391426E-1,0.E0));
#8143=AXIS2_PLACEMENT_3D('',#8140,#8141,#8142);
#8144=PLANE('',#8143);
#8145=ORIENTED_EDGE('',*,*,#8123,.F.);
#8146=ORIENTED_EDGE('',*,*,#7902,.T.);
#8147=ORIENTED_EDGE('',*,*,#7865,.T.);
#8148=ORIENTED_EDGE('',*,*,#6771,.F.);
#8149=EDGE_LOOP('',(#8145,#8146,#8147,#8148));
#8150=FACE_OUTER_BOUND('',#8149,.F.);
#8152=CARTESIAN_POINT('',(1.707320820556E1,9.5E-1,-2.9E0));
#8153=DIRECTION('',(-1.E0,0.E0,0.E0));
#8154=DIRECTION('',(0.E0,1.E0,0.E0));
#8155=AXIS2_PLACEMENT_3D('',#8152,#8153,#8154);
#8156=CYLINDRICAL_SURFACE('',#8155,1.5E-1);
#8157=ORIENTED_EDGE('',*,*,#6512,.T.);
#8158=ORIENTED_EDGE('',*,*,#7906,.T.);
#8159=ORIENTED_EDGE('',*,*,#8120,.T.);
#8160=ORIENTED_EDGE('',*,*,#6600,.T.);
#8162=ORIENTED_EDGE('',*,*,#8161,.F.);
#8163=EDGE_LOOP('',(#8157,#8158,#8159,#8160,#8162));
#8164=FACE_OUTER_BOUND('',#8163,.F.);
#8166=CARTESIAN_POINT('',(0.E0,1.1E0,0.E0));
#8167=DIRECTION('',(0.E0,-1.E0,0.E0));
#8168=DIRECTION('',(1.E0,0.E0,0.E0));
#8169=AXIS2_PLACEMENT_3D('',#8166,#8167,#8168);
#8170=PLANE('',#8169);
#8171=ORIENTED_EDGE('',*,*,#8093,.T.);
#8172=ORIENTED_EDGE('',*,*,#6492,.F.);
#8174=ORIENTED_EDGE('',*,*,#8173,.T.);
#8175=ORIENTED_EDGE('',*,*,#6575,.T.);
#8176=EDGE_LOOP('',(#8171,#8172,#8174,#8175));
#8177=FACE_OUTER_BOUND('',#8176,.F.);
#8179=CARTESIAN_POINT('',(0.E0,1.1E0,0.E0));
#8180=DIRECTION('',(0.E0,-1.E0,0.E0));
#8181=DIRECTION('',(1.E0,0.E0,0.E0));
#8182=AXIS2_PLACEMENT_3D('',#8179,#8180,#8181);
#8183=PLANE('',#8182);
#8185=ORIENTED_EDGE('',*,*,#8184,.T.);
#8186=ORIENTED_EDGE('',*,*,#6514,.F.);
#8187=ORIENTED_EDGE('',*,*,#8161,.T.);
#8188=ORIENTED_EDGE('',*,*,#6598,.T.);
#8189=EDGE_LOOP('',(#8185,#8186,#8187,#8188));
#8190=FACE_OUTER_BOUND('',#8189,.F.);
#8192=CARTESIAN_POINT('',(0.E0,1.1E0,0.E0));
#8193=DIRECTION('',(0.E0,-1.E0,0.E0));
#8194=DIRECTION('',(1.E0,0.E0,0.E0));
#8195=AXIS2_PLACEMENT_3D('',#8192,#8193,#8194);
#8196=PLANE('',#8195);
#8197=ORIENTED_EDGE('',*,*,#5702,.T.);
#8198=ORIENTED_EDGE('',*,*,#5655,.T.);
#8200=ORIENTED_EDGE('',*,*,#8199,.T.);
#8201=ORIENTED_EDGE('',*,*,#5747,.F.);
#8202=EDGE_LOOP('',(#8197,#8198,#8200,#8201));
#8203=FACE_OUTER_BOUND('',#8202,.F.);
#8205=CARTESIAN_POINT('',(0.E0,1.1E0,0.E0));
#8206=DIRECTION('',(0.E0,-1.E0,0.E0));
#8207=DIRECTION('',(1.E0,0.E0,0.E0));
#8208=AXIS2_PLACEMENT_3D('',#8205,#8206,#8207);
#8209=PLANE('',#8208);
#8211=ORIENTED_EDGE('',*,*,#8210,.T.);
#8212=ORIENTED_EDGE('',*,*,#5726,.F.);
#8214=ORIENTED_EDGE('',*,*,#8213,.T.);
#8215=ORIENTED_EDGE('',*,*,#5632,.T.);
#8216=EDGE_LOOP('',(#8211,#8212,#8214,#8215));
#8217=FACE_OUTER_BOUND('',#8216,.F.);
#8219=CARTESIAN_POINT('',(1.707320820556E1,9.5E-1,-1.18E0));
#8220=DIRECTION('',(-1.E0,0.E0,0.E0));
#8221=DIRECTION('',(0.E0,1.E0,0.E0));
#8222=AXIS2_PLACEMENT_3D('',#8219,#8220,#8221);
#8223=CYLINDRICAL_SURFACE('',#8222,1.5E-1);
#8224=ORIENTED_EDGE('',*,*,#6490,.T.);
#8226=ORIENTED_EDGE('',*,*,#8225,.T.);
#8227=ORIENTED_EDGE('',*,*,#6577,.T.);
#8228=ORIENTED_EDGE('',*,*,#8173,.F.);
#8229=EDGE_LOOP('',(#8224,#8226,#8227,#8228));
#8230=FACE_OUTER_BOUND('',#8229,.F.);
#8232=CARTESIAN_POINT('',(-3.7E0,1.1E0,-1.33E0));
#8233=DIRECTION('',(0.E0,0.E0,1.E0));
#8234=DIRECTION('',(0.E0,-1.E0,0.E0));
#8235=AXIS2_PLACEMENT_3D('',#8232,#8233,#8234);
#8236=PLANE('',#8235);
#8237=ORIENTED_EDGE('',*,*,#6542,.T.);
#8238=ORIENTED_EDGE('',*,*,#6579,.T.);
#8239=ORIENTED_EDGE('',*,*,#8225,.F.);
#8240=ORIENTED_EDGE('',*,*,#6488,.T.);
#8241=EDGE_LOOP('',(#8237,#8238,#8239,#8240));
#8242=FACE_OUTER_BOUND('',#8241,.F.);
#8244=CARTESIAN_POINT('',(-1.593269740556E1,9.5E-1,-2.78E0));
#8245=DIRECTION('',(1.E0,0.E0,0.E0));
#8246=DIRECTION('',(0.E0,1.E0,0.E0));
#8247=AXIS2_PLACEMENT_3D('',#8244,#8245,#8246);
#8248=CYLINDRICAL_SURFACE('',#8247,1.5E-1);
#8249=ORIENTED_EDGE('',*,*,#6516,.T.);
#8250=ORIENTED_EDGE('',*,*,#8184,.F.);
#8251=ORIENTED_EDGE('',*,*,#6596,.T.);
#8253=ORIENTED_EDGE('',*,*,#8252,.T.);
#8254=EDGE_LOOP('',(#8249,#8250,#8251,#8253));
#8255=FACE_OUTER_BOUND('',#8254,.F.);
#8257=CARTESIAN_POINT('',(-3.7E0,-1.8E0,-2.63E0));
#8258=DIRECTION('',(0.E0,0.E0,-1.E0));
#8259=DIRECTION('',(0.E0,1.E0,0.E0));
#8260=AXIS2_PLACEMENT_3D('',#8257,#8258,#8259);
#8261=PLANE('',#8260);
#8262=ORIENTED_EDGE('',*,*,#6518,.F.);
#8263=ORIENTED_EDGE('',*,*,#8252,.F.);
#8264=ORIENTED_EDGE('',*,*,#6594,.T.);
#8266=ORIENTED_EDGE('',*,*,#8265,.F.);
#8267=EDGE_LOOP('',(#8262,#8263,#8264,#8266));
#8268=FACE_OUTER_BOUND('',#8267,.F.);
#8270=CARTESIAN_POINT('',(1.707320820556E1,-1.6E0,-2.43E0));
#8271=DIRECTION('',(-1.E0,0.E0,0.E0));
#8272=DIRECTION('',(0.E0,0.E0,-1.E0));
#8273=AXIS2_PLACEMENT_3D('',#8270,#8271,#8272);
#8274=CYLINDRICAL_SURFACE('',#8273,2.E-1);
#8275=ORIENTED_EDGE('',*,*,#6520,.T.);
#8276=ORIENTED_EDGE('',*,*,#8265,.T.);
#8277=ORIENTED_EDGE('',*,*,#6592,.T.);
#8279=ORIENTED_EDGE('',*,*,#8278,.F.);
#8280=EDGE_LOOP('',(#8275,#8276,#8277,#8279));
#8281=FACE_OUTER_BOUND('',#8280,.F.);
#8283=CARTESIAN_POINT('',(-3.7E0,-1.8E0,-1.73E0));
#8284=DIRECTION('',(0.E0,-1.E0,0.E0));
#8285=DIRECTION('',(0.E0,0.E0,-1.E0));
#8286=AXIS2_PLACEMENT_3D('',#8283,#8284,#8285);
#8287=PLANE('',#8286);
#8288=ORIENTED_EDGE('',*,*,#6590,.T.);
#8290=ORIENTED_EDGE('',*,*,#8289,.F.);
#8291=ORIENTED_EDGE('',*,*,#6522,.F.);
#8292=ORIENTED_EDGE('',*,*,#8278,.T.);
#8293=EDGE_LOOP('',(#8288,#8290,#8291,#8292));
#8294=FACE_OUTER_BOUND('',#8293,.F.);
#8296=CARTESIAN_POINT('',(1.707320820556E1,-1.6E0,-1.93E0));
#8297=DIRECTION('',(-1.E0,0.E0,0.E0));
#8298=DIRECTION('',(0.E0,-1.E0,0.E0));
#8299=AXIS2_PLACEMENT_3D('',#8296,#8297,#8298);
#8300=CYLINDRICAL_SURFACE('',#8299,2.E-1);
#8301=ORIENTED_EDGE('',*,*,#6524,.T.);
#8302=ORIENTED_EDGE('',*,*,#8289,.T.);
#8303=ORIENTED_EDGE('',*,*,#6588,.T.);
#8305=ORIENTED_EDGE('',*,*,#8304,.F.);
#8306=EDGE_LOOP('',(#8301,#8302,#8303,#8305));
#8307=FACE_OUTER_BOUND('',#8306,.F.);
#8309=CARTESIAN_POINT('',(-3.7E0,1.5E-1,-1.73E0));
#8310=DIRECTION('',(0.E0,0.E0,1.E0));
#8311=DIRECTION('',(0.E0,-1.E0,0.E0));
#8312=AXIS2_PLACEMENT_3D('',#8309,#8310,#8311);
#8313=PLANE('',#8312);
#8315=ORIENTED_EDGE('',*,*,#8314,.T.);
#8316=ORIENTED_EDGE('',*,*,#6526,.T.);
#8317=ORIENTED_EDGE('',*,*,#8304,.T.);
#8318=ORIENTED_EDGE('',*,*,#6586,.T.);
#8319=EDGE_LOOP('',(#8315,#8316,#8317,#8318));
#8320=FACE_OUTER_BOUND('',#8319,.F.);
#8322=CARTESIAN_POINT('',(-1.593269740556E1,0.E0,-1.58E0));
#8323=DIRECTION('',(1.E0,0.E0,0.E0));
#8324=DIRECTION('',(0.E0,0.E0,-1.E0));
#8325=AXIS2_PLACEMENT_3D('',#8322,#8323,#8324);
#8326=CYLINDRICAL_SURFACE('',#8325,1.5E-1);
#8327=ORIENTED_EDGE('',*,*,#8314,.F.);
#8328=ORIENTED_EDGE('',*,*,#6584,.T.);
#8330=ORIENTED_EDGE('',*,*,#8329,.T.);
#8331=ORIENTED_EDGE('',*,*,#6528,.T.);
#8332=EDGE_LOOP('',(#8327,#8328,#8330,#8331));
#8333=FACE_OUTER_BOUND('',#8332,.F.);
#8335=CARTESIAN_POINT('',(-3.7E0,1.5E-1,-1.33E0));
#8336=DIRECTION('',(0.E0,-1.E0,0.E0));
#8337=DIRECTION('',(0.E0,0.E0,-1.E0));
#8338=AXIS2_PLACEMENT_3D('',#8335,#8336,#8337);
#8339=PLANE('',#8338);
#8340=ORIENTED_EDGE('',*,*,#6545,.F.);
#8341=ORIENTED_EDGE('',*,*,#6530,.T.);
#8342=ORIENTED_EDGE('',*,*,#8329,.F.);
#8343=ORIENTED_EDGE('',*,*,#6582,.T.);
#8344=EDGE_LOOP('',(#8340,#8341,#8342,#8343));
#8345=FACE_OUTER_BOUND('',#8344,.F.);
#8347=CARTESIAN_POINT('',(-1.593269740556E1,9.5E-1,-1.1E0));
#8348=DIRECTION('',(1.E0,0.E0,0.E0));
#8349=DIRECTION('',(0.E0,1.E0,0.E0));
#8350=AXIS2_PLACEMENT_3D('',#8347,#8348,#8349);
#8351=CYLINDRICAL_SURFACE('',#8350,1.5E-1);
#8353=ORIENTED_EDGE('',*,*,#8352,.T.);
#8354=ORIENTED_EDGE('',*,*,#5749,.T.);
#8355=ORIENTED_EDGE('',*,*,#8199,.F.);
#8356=ORIENTED_EDGE('',*,*,#5653,.T.);
#8358=ORIENTED_EDGE('',*,*,#8357,.T.);
#8359=EDGE_LOOP('',(#8353,#8354,#8355,#8356,#8358));
#8360=FACE_OUTER_BOUND('',#8359,.F.);
#8362=CARTESIAN_POINT('',(3.25E0,1.086706716908E0,0.E0));
#8363=DIRECTION('',(0.E0,0.E0,1.E0));
#8364=DIRECTION('',(1.E0,0.E0,0.E0));
#8365=AXIS2_PLACEMENT_3D('',#8362,#8363,#8364);
#8366=CYLINDRICAL_SURFACE('',#8365,4.5E-1);
#8367=ORIENTED_EDGE('',*,*,#5751,.F.);
#8368=ORIENTED_EDGE('',*,*,#8352,.F.);
#8370=ORIENTED_EDGE('',*,*,#8369,.F.);
#8372=ORIENTED_EDGE('',*,*,#8371,.F.);
#8373=ORIENTED_EDGE('',*,*,#5367,.T.);
#8374=EDGE_LOOP('',(#8367,#8368,#8370,#8372,#8373));
#8375=FACE_OUTER_BOUND('',#8374,.F.);
#8377=CARTESIAN_POINT('',(3.25E0,1.086706716908E0,0.E0));
#8378=DIRECTION('',(0.E0,0.E0,1.E0));
#8379=DIRECTION('',(1.E0,0.E0,0.E0));
#8380=AXIS2_PLACEMENT_3D('',#8377,#8378,#8379);
#8381=CYLINDRICAL_SURFACE('',#8380,4.5E-1);
#8382=ORIENTED_EDGE('',*,*,#5722,.F.);
#8384=ORIENTED_EDGE('',*,*,#8383,.F.);
#8385=ORIENTED_EDGE('',*,*,#6731,.F.);
#8387=ORIENTED_EDGE('',*,*,#8386,.F.);
#8389=ORIENTED_EDGE('',*,*,#8388,.T.);
#8391=ORIENTED_EDGE('',*,*,#8390,.F.);
#8392=EDGE_LOOP('',(#8382,#8384,#8385,#8387,#8389,#8391));
#8393=FACE_OUTER_BOUND('',#8392,.F.);
#8395=CARTESIAN_POINT('',(4.1E0,0.E0,-9.5E-1));
#8396=DIRECTION('',(0.E0,0.E0,1.E0));
#8397=DIRECTION('',(-1.E0,0.E0,0.E0));
#8398=AXIS2_PLACEMENT_3D('',#8395,#8396,#8397);
#8399=PLANE('',#8398);
#8400=ORIENTED_EDGE('',*,*,#8357,.F.);
#8401=ORIENTED_EDGE('',*,*,#5651,.T.);
#8403=ORIENTED_EDGE('',*,*,#8402,.F.);
#8405=ORIENTED_EDGE('',*,*,#8404,.F.);
#8407=ORIENTED_EDGE('',*,*,#8406,.F.);
#8408=ORIENTED_EDGE('',*,*,#8014,.T.);
#8410=ORIENTED_EDGE('',*,*,#8409,.F.);
#8411=ORIENTED_EDGE('',*,*,#7046,.F.);
#8413=ORIENTED_EDGE('',*,*,#8412,.T.);
#8415=ORIENTED_EDGE('',*,*,#8414,.T.);
#8416=ORIENTED_EDGE('',*,*,#8369,.T.);
#8417=EDGE_LOOP('',(#8400,#8401,#8403,#8405,#8407,#8408,#8410,#8411,#8413,#8415,
#8416));
#8418=FACE_OUTER_BOUND('',#8417,.F.);
#8420=CARTESIAN_POINT('',(3.25E0,1.086706716908E0,0.E0));
#8421=DIRECTION('',(0.E0,0.E0,1.E0));
#8422=DIRECTION('',(1.E0,0.E0,0.E0));
#8423=AXIS2_PLACEMENT_3D('',#8420,#8421,#8422);
#8424=CYLINDRICAL_SURFACE('',#8423,2.E-1);
#8425=ORIENTED_EDGE('',*,*,#5649,.F.);
#8426=ORIENTED_EDGE('',*,*,#5383,.F.);
#8428=ORIENTED_EDGE('',*,*,#8427,.T.);
#8429=ORIENTED_EDGE('',*,*,#8402,.T.);
#8430=EDGE_LOOP('',(#8425,#8426,#8428,#8429));
#8431=FACE_OUTER_BOUND('',#8430,.F.);
#8433=CARTESIAN_POINT('',(3.25E0,1.086706716908E0,0.E0));
#8434=DIRECTION('',(0.E0,0.E0,1.E0));
#8435=DIRECTION('',(1.E0,0.E0,0.E0));
#8436=AXIS2_PLACEMENT_3D('',#8433,#8434,#8435);
#8437=CYLINDRICAL_SURFACE('',#8436,2.E-1);
#8438=ORIENTED_EDGE('',*,*,#5638,.F.);
#8440=ORIENTED_EDGE('',*,*,#8439,.F.);
#8442=ORIENTED_EDGE('',*,*,#8441,.T.);
#8443=ORIENTED_EDGE('',*,*,#6391,.T.);
#8444=EDGE_LOOP('',(#8438,#8440,#8442,#8443));
#8445=FACE_OUTER_BOUND('',#8444,.F.);
#8447=CARTESIAN_POINT('',(2.783469804858E0,3.250178544101E-1,0.E0));
#8448=DIRECTION('',(7.142128391426E-1,-6.999285823596E-1,0.E0));
#8449=DIRECTION('',(6.999285823596E-1,7.142128391426E-1,0.E0));
#8450=AXIS2_PLACEMENT_3D('',#8447,#8448,#8449);
#8451=PLANE('',#8450);
#8453=ORIENTED_EDGE('',*,*,#8452,.T.);
#8454=ORIENTED_EDGE('',*,*,#8404,.T.);
#8455=ORIENTED_EDGE('',*,*,#8427,.F.);
#8456=ORIENTED_EDGE('',*,*,#5381,.F.);
#8457=EDGE_LOOP('',(#8453,#8454,#8455,#8456));
#8458=FACE_OUTER_BOUND('',#8457,.F.);
#8460=CARTESIAN_POINT('',(2.783469804858E0,3.250178544101E-1,0.E0));
#8461=DIRECTION('',(7.142128391426E-1,-6.999285823596E-1,0.E0));
#8462=DIRECTION('',(6.999285823596E-1,7.142128391426E-1,0.E0));
#8463=AXIS2_PLACEMENT_3D('',#8460,#8461,#8462);
#8464=PLANE('',#8463);
#8466=ORIENTED_EDGE('',*,*,#8465,.T.);
#8467=ORIENTED_EDGE('',*,*,#6393,.T.);
#8468=ORIENTED_EDGE('',*,*,#8441,.F.);
#8470=ORIENTED_EDGE('',*,*,#8469,.F.);
#8471=EDGE_LOOP('',(#8466,#8467,#8468,#8470));
#8472=FACE_OUTER_BOUND('',#8471,.F.);
#8474=CARTESIAN_POINT('',(2.604916595073E0,5.E-1,0.E0));
#8475=DIRECTION('',(0.E0,0.E0,1.E0));
#8476=DIRECTION('',(1.E0,0.E0,0.E0));
#8477=AXIS2_PLACEMENT_3D('',#8474,#8475,#8476);
#8478=CYLINDRICAL_SURFACE('',#8477,2.5E-1);
#8479=ORIENTED_EDGE('',*,*,#8452,.F.);
#8480=ORIENTED_EDGE('',*,*,#5379,.F.);
#8481=ORIENTED_EDGE('',*,*,#8016,.T.);
#8482=ORIENTED_EDGE('',*,*,#8406,.T.);
#8483=EDGE_LOOP('',(#8479,#8480,#8481,#8482));
#8484=FACE_OUTER_BOUND('',#8483,.F.);
#8486=CARTESIAN_POINT('',(2.604916595073E0,5.E-1,0.E0));
#8487=DIRECTION('',(0.E0,0.E0,1.E0));
#8488=DIRECTION('',(1.E0,0.E0,0.E0));
#8489=AXIS2_PLACEMENT_3D('',#8486,#8487,#8488);
#8490=CYLINDRICAL_SURFACE('',#8489,2.5E-1);
#8491=ORIENTED_EDGE('',*,*,#8465,.F.);
#8493=ORIENTED_EDGE('',*,*,#8492,.F.);
#8494=ORIENTED_EDGE('',*,*,#8004,.T.);
#8495=ORIENTED_EDGE('',*,*,#6395,.T.);
#8496=EDGE_LOOP('',(#8491,#8493,#8494,#8495));
#8497=FACE_OUTER_BOUND('',#8496,.F.);
#8499=CARTESIAN_POINT('',(6.E-1,0.E0,-3.05E0));
#8500=DIRECTION('',(0.E0,0.E0,-1.E0));
#8501=DIRECTION('',(1.E0,0.E0,0.E0));
#8502=AXIS2_PLACEMENT_3D('',#8499,#8500,#8501);
#8503=PLANE('',#8502);
#8505=ORIENTED_EDGE('',*,*,#8504,.F.);
#8506=ORIENTED_EDGE('',*,*,#8388,.F.);
#8508=ORIENTED_EDGE('',*,*,#8507,.F.);
#8510=ORIENTED_EDGE('',*,*,#8509,.F.);
#8511=ORIENTED_EDGE('',*,*,#7054,.T.);
#8513=ORIENTED_EDGE('',*,*,#8512,.T.);
#8514=ORIENTED_EDGE('',*,*,#8006,.F.);
#8515=ORIENTED_EDGE('',*,*,#8492,.T.);
#8516=ORIENTED_EDGE('',*,*,#8469,.T.);
#8517=ORIENTED_EDGE('',*,*,#8439,.T.);
#8518=ORIENTED_EDGE('',*,*,#5636,.F.);
#8519=EDGE_LOOP('',(#8505,#8506,#8508,#8510,#8511,#8513,#8514,#8515,#8516,#8517,
#8518));
#8520=FACE_OUTER_BOUND('',#8519,.F.);
#8522=CARTESIAN_POINT('',(1.707320820556E1,9.5E-1,-2.9E0));
#8523=DIRECTION('',(-1.E0,0.E0,0.E0));
#8524=DIRECTION('',(0.E0,1.E0,0.E0));
#8525=AXIS2_PLACEMENT_3D('',#8522,#8523,#8524);
#8526=CYLINDRICAL_SURFACE('',#8525,1.5E-1);
#8527=ORIENTED_EDGE('',*,*,#8390,.T.);
#8528=ORIENTED_EDGE('',*,*,#8504,.T.);
#8529=ORIENTED_EDGE('',*,*,#5634,.T.);
#8530=ORIENTED_EDGE('',*,*,#8213,.F.);
#8531=ORIENTED_EDGE('',*,*,#5724,.T.);
#8532=EDGE_LOOP('',(#8527,#8528,#8529,#8530,#8531));
#8533=FACE_OUTER_BOUND('',#8532,.F.);
#8535=CARTESIAN_POINT('',(2.962023014644E0,1.500357088202E-1,0.E0));
#8536=DIRECTION('',(7.142128391426E-1,-6.999285823596E-1,0.E0));
#8537=DIRECTION('',(6.999285823596E-1,7.142128391426E-1,0.E0));
#8538=AXIS2_PLACEMENT_3D('',#8535,#8536,#8537);
#8539=PLANE('',#8538);
#8540=ORIENTED_EDGE('',*,*,#8371,.T.);
#8541=ORIENTED_EDGE('',*,*,#8414,.F.);
#8543=ORIENTED_EDGE('',*,*,#8542,.F.);
#8544=ORIENTED_EDGE('',*,*,#5369,.F.);
#8545=EDGE_LOOP('',(#8540,#8541,#8543,#8544));
#8546=FACE_OUTER_BOUND('',#8545,.F.);
#8548=CARTESIAN_POINT('',(2.962023014644E0,1.500357088202E-1,0.E0));
#8549=DIRECTION('',(7.142128391426E-1,-6.999285823596E-1,0.E0));
#8550=DIRECTION('',(6.999285823596E-1,7.142128391426E-1,0.E0));
#8551=AXIS2_PLACEMENT_3D('',#8548,#8549,#8550);
#8552=PLANE('',#8551);
#8553=ORIENTED_EDGE('',*,*,#6729,.F.);
#8555=ORIENTED_EDGE('',*,*,#8554,.F.);
#8556=ORIENTED_EDGE('',*,*,#8507,.T.);
#8557=ORIENTED_EDGE('',*,*,#8386,.T.);
#8558=EDGE_LOOP('',(#8553,#8555,#8556,#8557));
#8559=FACE_OUTER_BOUND('',#8558,.F.);
#8561=CARTESIAN_POINT('',(2.604916595073E0,5.E-1,0.E0));
#8562=DIRECTION('',(0.E0,0.E0,1.E0));
#8563=DIRECTION('',(1.E0,0.E0,0.E0));
#8564=AXIS2_PLACEMENT_3D('',#8561,#8562,#8563);
#8565=CYLINDRICAL_SURFACE('',#8564,5.E-1);
#8566=ORIENTED_EDGE('',*,*,#7044,.F.);
#8567=ORIENTED_EDGE('',*,*,#5371,.T.);
#8568=ORIENTED_EDGE('',*,*,#8542,.T.);
#8569=ORIENTED_EDGE('',*,*,#8412,.F.);
#8570=EDGE_LOOP('',(#8566,#8567,#8568,#8569));
#8571=FACE_OUTER_BOUND('',#8570,.F.);
#8573=CARTESIAN_POINT('',(2.604916595073E0,5.E-1,0.E0));
#8574=DIRECTION('',(0.E0,0.E0,1.E0));
#8575=DIRECTION('',(1.E0,0.E0,0.E0));
#8576=AXIS2_PLACEMENT_3D('',#8573,#8574,#8575);
#8577=CYLINDRICAL_SURFACE('',#8576,5.E-1);
#8578=ORIENTED_EDGE('',*,*,#7056,.F.);
#8579=ORIENTED_EDGE('',*,*,#8509,.T.);
#8580=ORIENTED_EDGE('',*,*,#8554,.T.);
#8581=ORIENTED_EDGE('',*,*,#6727,.F.);
#8582=EDGE_LOOP('',(#8578,#8579,#8580,#8581));
#8583=FACE_OUTER_BOUND('',#8582,.F.);
#8585=CARTESIAN_POINT('',(7.5E-1,-1.262058664854E1,-2.9E0));
#8586=DIRECTION('',(0.E0,1.E0,0.E0));
#8587=DIRECTION('',(0.E0,0.E0,-1.E0));
#8588=AXIS2_PLACEMENT_3D('',#8585,#8586,#8587);
#8589=CYLINDRICAL_SURFACE('',#8588,1.5E-1);
#8590=ORIENTED_EDGE('',*,*,#8512,.F.);
#8591=ORIENTED_EDGE('',*,*,#7052,.T.);
#8593=ORIENTED_EDGE('',*,*,#8592,.T.);
#8594=ORIENTED_EDGE('',*,*,#8008,.T.);
#8595=EDGE_LOOP('',(#8590,#8591,#8593,#8594));
#8596=FACE_OUTER_BOUND('',#8595,.F.);
#8598=CARTESIAN_POINT('',(6.E-1,0.E0,-9.5E-1));
#8599=DIRECTION('',(-1.E0,0.E0,0.E0));
#8600=DIRECTION('',(0.E0,0.E0,-1.E0));
#8601=AXIS2_PLACEMENT_3D('',#8598,#8599,#8600);
#8602=PLANE('',#8601);
#8604=ORIENTED_EDGE('',*,*,#8603,.T.);
#8605=ORIENTED_EDGE('',*,*,#8010,.T.);
#8606=ORIENTED_EDGE('',*,*,#8592,.F.);
#8607=ORIENTED_EDGE('',*,*,#7050,.F.);
#8608=EDGE_LOOP('',(#8604,#8605,#8606,#8607));
#8609=FACE_OUTER_BOUND('',#8608,.F.);
#8611=CARTESIAN_POINT('',(7.5E-1,-1.262058664854E1,-1.1E0));
#8612=DIRECTION('',(0.E0,1.E0,0.E0));
#8613=DIRECTION('',(-1.E0,0.E0,0.E0));
#8614=AXIS2_PLACEMENT_3D('',#8611,#8612,#8613);
#8615=CYLINDRICAL_SURFACE('',#8614,1.5E-1);
#8616=ORIENTED_EDGE('',*,*,#8603,.F.);
#8617=ORIENTED_EDGE('',*,*,#7048,.T.);
#8618=ORIENTED_EDGE('',*,*,#8409,.T.);
#8619=ORIENTED_EDGE('',*,*,#8012,.T.);
#8620=EDGE_LOOP('',(#8616,#8617,#8618,#8619));
#8621=FACE_OUTER_BOUND('',#8620,.F.);
#8623=CARTESIAN_POINT('',(1.707320820556E1,9.5E-1,-4.95E0));
#8624=DIRECTION('',(-1.E0,0.E0,0.E0));
#8625=DIRECTION('',(0.E0,0.E0,1.E0));
#8626=AXIS2_PLACEMENT_3D('',#8623,#8624,#8625);
#8627=CYLINDRICAL_SURFACE('',#8626,1.5E-1);
#8628=ORIENTED_EDGE('',*,*,#6733,.F.);
#8629=ORIENTED_EDGE('',*,*,#8383,.T.);
#8630=ORIENTED_EDGE('',*,*,#5720,.T.);
#8631=ORIENTED_EDGE('',*,*,#6692,.T.);
#8632=ORIENTED_EDGE('',*,*,#5802,.T.);
#8633=EDGE_LOOP('',(#8628,#8629,#8630,#8631,#8632));
#8634=FACE_OUTER_BOUND('',#8633,.F.);
#8636=CARTESIAN_POINT('',(-1.536775728791E1,9.5E-1,-2.78E0));
#8637=DIRECTION('',(1.E0,0.E0,0.E0));
#8638=DIRECTION('',(0.E0,1.E0,0.E0));
#8639=AXIS2_PLACEMENT_3D('',#8636,#8637,#8638);
#8640=CYLINDRICAL_SURFACE('',#8639,1.5E-1);
#8641=ORIENTED_EDGE('',*,*,#5630,.T.);
#8643=ORIENTED_EDGE('',*,*,#8642,.T.);
#8644=ORIENTED_EDGE('',*,*,#5728,.T.);
#8645=ORIENTED_EDGE('',*,*,#8210,.F.);
#8646=EDGE_LOOP('',(#8641,#8643,#8644,#8645));
#8647=FACE_OUTER_BOUND('',#8646,.F.);
#8649=CARTESIAN_POINT('',(3.7E0,-1.8E0,-2.63E0));
#8650=DIRECTION('',(0.E0,0.E0,1.E0));
#8651=DIRECTION('',(0.E0,1.E0,0.E0));
#8652=AXIS2_PLACEMENT_3D('',#8649,#8650,#8651);
#8653=PLANE('',#8652);
#8654=ORIENTED_EDGE('',*,*,#8642,.F.);
#8655=ORIENTED_EDGE('',*,*,#5628,.F.);
#8657=ORIENTED_EDGE('',*,*,#8656,.F.);
#8658=ORIENTED_EDGE('',*,*,#5730,.T.);
#8659=EDGE_LOOP('',(#8654,#8655,#8657,#8658));
#8660=FACE_OUTER_BOUND('',#8659,.F.);
#8662=CARTESIAN_POINT('',(1.707320820556E1,-1.6E0,-2.43E0));
#8663=DIRECTION('',(-1.E0,0.E0,0.E0));
#8664=DIRECTION('',(0.E0,0.E0,-1.E0));
#8665=AXIS2_PLACEMENT_3D('',#8662,#8663,#8664);
#8666=CYLINDRICAL_SURFACE('',#8665,2.E-1);
#8667=ORIENTED_EDGE('',*,*,#5626,.T.);
#8669=ORIENTED_EDGE('',*,*,#8668,.F.);
#8670=ORIENTED_EDGE('',*,*,#5732,.T.);
#8671=ORIENTED_EDGE('',*,*,#8656,.T.);
#8672=EDGE_LOOP('',(#8667,#8669,#8670,#8671));
#8673=FACE_OUTER_BOUND('',#8672,.F.);
#8675=CARTESIAN_POINT('',(3.7E0,-1.8E0,-1.73E0));
#8676=DIRECTION('',(0.E0,1.E0,0.E0));
#8677=DIRECTION('',(0.E0,0.E0,-1.E0));
#8678=AXIS2_PLACEMENT_3D('',#8675,#8676,#8677);
#8679=PLANE('',#8678);
#8681=ORIENTED_EDGE('',*,*,#8680,.F.);
#8682=ORIENTED_EDGE('',*,*,#5734,.T.);
#8683=ORIENTED_EDGE('',*,*,#8668,.T.);
#8684=ORIENTED_EDGE('',*,*,#5624,.F.);
#8685=EDGE_LOOP('',(#8681,#8682,#8683,#8684));
#8686=FACE_OUTER_BOUND('',#8685,.F.);
#8688=CARTESIAN_POINT('',(1.707320820556E1,-1.6E0,-1.93E0));
#8689=DIRECTION('',(-1.E0,0.E0,0.E0));
#8690=DIRECTION('',(0.E0,-1.E0,0.E0));
#8691=AXIS2_PLACEMENT_3D('',#8688,#8689,#8690);
#8692=CYLINDRICAL_SURFACE('',#8691,2.E-1);
#8693=ORIENTED_EDGE('',*,*,#5622,.T.);
#8695=ORIENTED_EDGE('',*,*,#8694,.F.);
#8696=ORIENTED_EDGE('',*,*,#5736,.T.);
#8697=ORIENTED_EDGE('',*,*,#8680,.T.);
#8698=EDGE_LOOP('',(#8693,#8695,#8696,#8697));
#8699=FACE_OUTER_BOUND('',#8698,.F.);
#8701=CARTESIAN_POINT('',(3.7E0,1.5E-1,-1.73E0));
#8702=DIRECTION('',(0.E0,0.E0,-1.E0));
#8703=DIRECTION('',(0.E0,-1.E0,0.E0));
#8704=AXIS2_PLACEMENT_3D('',#8701,#8702,#8703);
#8705=PLANE('',#8704);
#8707=ORIENTED_EDGE('',*,*,#8706,.T.);
#8708=ORIENTED_EDGE('',*,*,#5738,.T.);
#8709=ORIENTED_EDGE('',*,*,#8694,.T.);
#8710=ORIENTED_EDGE('',*,*,#5620,.F.);
#8711=EDGE_LOOP('',(#8707,#8708,#8709,#8710));
#8712=FACE_OUTER_BOUND('',#8711,.F.);
#8714=CARTESIAN_POINT('',(-1.545274146898E1,0.E0,-1.58E0));
#8715=DIRECTION('',(1.E0,0.E0,0.E0));
#8716=DIRECTION('',(0.E0,0.E0,-1.E0));
#8717=AXIS2_PLACEMENT_3D('',#8714,#8715,#8716);
#8718=CYLINDRICAL_SURFACE('',#8717,1.5E-1);
#8719=ORIENTED_EDGE('',*,*,#5618,.T.);
#8721=ORIENTED_EDGE('',*,*,#8720,.T.);
#8722=ORIENTED_EDGE('',*,*,#5740,.T.);
#8723=ORIENTED_EDGE('',*,*,#8706,.F.);
#8724=EDGE_LOOP('',(#8719,#8721,#8722,#8723));
#8725=FACE_OUTER_BOUND('',#8724,.F.);
#8727=CARTESIAN_POINT('',(3.7E0,1.5E-1,-1.33E0));
#8728=DIRECTION('',(0.E0,1.E0,0.E0));
#8729=DIRECTION('',(0.E0,0.E0,-1.E0));
#8730=AXIS2_PLACEMENT_3D('',#8727,#8728,#8729);
#8731=PLANE('',#8730);
#8732=ORIENTED_EDGE('',*,*,#5674,.F.);
#8733=ORIENTED_EDGE('',*,*,#5742,.T.);
#8734=ORIENTED_EDGE('',*,*,#8720,.F.);
#8735=ORIENTED_EDGE('',*,*,#5616,.F.);
#8736=EDGE_LOOP('',(#8732,#8733,#8734,#8735));
#8737=FACE_OUTER_BOUND('',#8736,.F.);
#8739=CARTESIAN_POINT('',(-7.5E-1,-1.262058664854E1,-2.9E0));
#8740=DIRECTION('',(0.E0,1.E0,0.E0));
#8741=DIRECTION('',(1.E0,0.E0,0.E0));
#8742=AXIS2_PLACEMENT_3D('',#8739,#8740,#8741);
#8743=CYLINDRICAL_SURFACE('',#8742,1.5E-1);
#8744=ORIENTED_EDGE('',*,*,#8042,.F.);
#8745=ORIENTED_EDGE('',*,*,#7026,.T.);
#8746=ORIENTED_EDGE('',*,*,#7898,.T.);
#8747=ORIENTED_EDGE('',*,*,#7999,.T.);
#8748=EDGE_LOOP('',(#8744,#8745,#8746,#8747));
#8749=FACE_OUTER_BOUND('',#8748,.F.);
#8751=CARTESIAN_POINT('',(2.6E0,0.E0,0.E0));
#8752=DIRECTION('',(1.E0,0.E0,0.E0));
#8753=DIRECTION('',(0.E0,0.E0,-1.E0));
#8754=AXIS2_PLACEMENT_3D('',#8751,#8752,#8753);
#8755=PLANE('',#8754);
#8757=ORIENTED_EDGE('',*,*,#8756,.T.);
#8759=ORIENTED_EDGE('',*,*,#8758,.F.);
#8761=ORIENTED_EDGE('',*,*,#8760,.F.);
#8762=ORIENTED_EDGE('',*,*,#8019,.T.);
#8763=ORIENTED_EDGE('',*,*,#5375,.F.);
#8764=ORIENTED_EDGE('',*,*,#7041,.F.);
#8766=ORIENTED_EDGE('',*,*,#8765,.T.);
#8768=ORIENTED_EDGE('',*,*,#8767,.F.);
#8769=EDGE_LOOP('',(#8757,#8759,#8761,#8762,#8763,#8764,#8766,#8768));
#8770=FACE_OUTER_BOUND('',#8769,.F.);
#8772=CARTESIAN_POINT('',(2.4E0,-1.262058664854E1,-1.383041190690E1));
#8773=DIRECTION('',(0.E0,6.616216370849E-1,7.498378553668E-1));
#8774=DIRECTION('',(0.E0,-7.498378553668E-1,6.616216370849E-1));
#8775=AXIS2_PLACEMENT_3D('',#8772,#8773,#8774);
#8776=CYLINDRICAL_SURFACE('',#8775,2.E-1);
#8778=ORIENTED_EDGE('',*,*,#8777,.T.);
#8779=ORIENTED_EDGE('',*,*,#8756,.F.);
#8781=ORIENTED_EDGE('',*,*,#8780,.T.);
#8783=ORIENTED_EDGE('',*,*,#8782,.T.);
#8784=EDGE_LOOP('',(#8778,#8779,#8781,#8783));
#8785=FACE_OUTER_BOUND('',#8784,.F.);
#8787=CARTESIAN_POINT('',(-3.1E0,8.081081854244E-2,3.922893447618E-1));
#8788=DIRECTION('',(0.E0,6.616216370849E-1,7.498378553668E-1));
#8789=DIRECTION('',(0.E0,-7.498378553668E-1,6.616216370849E-1));
#8790=AXIS2_PLACEMENT_3D('',#8787,#8788,#8789);
#8791=PLANE('',#8790);
#8792=ORIENTED_EDGE('',*,*,#8777,.F.);
#8794=ORIENTED_EDGE('',*,*,#8793,.F.);
#8796=ORIENTED_EDGE('',*,*,#8795,.F.);
#8798=ORIENTED_EDGE('',*,*,#8797,.F.);
#8800=ORIENTED_EDGE('',*,*,#8799,.T.);
#8801=ORIENTED_EDGE('',*,*,#8758,.T.);
#8802=EDGE_LOOP('',(#8792,#8794,#8796,#8798,#8800,#8801));
#8803=FACE_OUTER_BOUND('',#8802,.F.);
#8805=CARTESIAN_POINT('',(-3.1E0,-1.545945907288E-1,6.E-1));
#8806=DIRECTION('',(0.E0,-7.498378553668E-1,6.616216370849E-1));
#8807=DIRECTION('',(0.E0,-6.616216370849E-1,-7.498378553668E-1));
#8808=AXIS2_PLACEMENT_3D('',#8805,#8806,#8807);
#8809=PLANE('',#8808);
#8810=ORIENTED_EDGE('',*,*,#8782,.F.);
#8812=ORIENTED_EDGE('',*,*,#8811,.F.);
#8814=ORIENTED_EDGE('',*,*,#8813,.F.);
#8815=ORIENTED_EDGE('',*,*,#8793,.T.);
#8816=EDGE_LOOP('',(#8810,#8812,#8814,#8815));
#8817=FACE_OUTER_BOUND('',#8816,.F.);
#8819=CARTESIAN_POINT('',(-3.1E0,-3.2E-1,4.125405361583E-1));
#8820=DIRECTION('',(0.E0,-6.616216370849E-1,-7.498378553668E-1));
#8821=DIRECTION('',(0.E0,7.498378553668E-1,-6.616216370849E-1));
#8822=AXIS2_PLACEMENT_3D('',#8819,#8820,#8821);
#8823=PLANE('',#8822);
#8824=ORIENTED_EDGE('',*,*,#8780,.F.);
#8825=ORIENTED_EDGE('',*,*,#8767,.T.);
#8827=ORIENTED_EDGE('',*,*,#8826,.F.);
#8829=ORIENTED_EDGE('',*,*,#8828,.F.);
#8831=ORIENTED_EDGE('',*,*,#8830,.F.);
#8832=ORIENTED_EDGE('',*,*,#8811,.T.);
#8833=EDGE_LOOP('',(#8824,#8825,#8827,#8829,#8831,#8832));
#8834=FACE_OUTER_BOUND('',#8833,.F.);
#8836=CARTESIAN_POINT('',(-3.1E0,-2.5E-1,1.737041707837E-2));
#8837=DIRECTION('',(1.E0,0.E0,0.E0));
#8838=DIRECTION('',(0.E0,0.E0,-1.E0));
#8839=AXIS2_PLACEMENT_3D('',#8836,#8837,#8838);
#8840=CYLINDRICAL_SURFACE('',#8839,2.5E-1);
#8842=ORIENTED_EDGE('',*,*,#8841,.T.);
#8843=ORIENTED_EDGE('',*,*,#8826,.T.);
#8844=ORIENTED_EDGE('',*,*,#8765,.F.);
#8845=ORIENTED_EDGE('',*,*,#7039,.F.);
#8846=EDGE_LOOP('',(#8842,#8843,#8844,#8845));
#8847=FACE_OUTER_BOUND('',#8846,.F.);
#8849=CARTESIAN_POINT('',(-2.6E0,0.E0,0.E0));
#8850=DIRECTION('',(-1.E0,0.E0,0.E0));
#8851=DIRECTION('',(0.E0,0.E0,1.E0));
#8852=AXIS2_PLACEMENT_3D('',#8849,#8850,#8851);
#8853=PLANE('',#8852);
#8855=ORIENTED_EDGE('',*,*,#8854,.T.);
#8856=ORIENTED_EDGE('',*,*,#8828,.T.);
#8857=ORIENTED_EDGE('',*,*,#8841,.F.);
#8858=ORIENTED_EDGE('',*,*,#7037,.T.);
#8859=ORIENTED_EDGE('',*,*,#5343,.F.);
#8860=ORIENTED_EDGE('',*,*,#8023,.F.);
#8862=ORIENTED_EDGE('',*,*,#8861,.T.);
#8863=ORIENTED_EDGE('',*,*,#8797,.T.);
#8864=EDGE_LOOP('',(#8855,#8856,#8857,#8858,#8859,#8860,#8862,#8863));
#8865=FACE_OUTER_BOUND('',#8864,.F.);
#8867=CARTESIAN_POINT('',(-2.4E0,1.149495227259E1,1.350053220386E1));
#8868=DIRECTION('',(0.E0,-6.616216370849E-1,-7.498378553668E-1));
#8869=DIRECTION('',(0.E0,-7.498378553668E-1,6.616216370849E-1));
#8870=AXIS2_PLACEMENT_3D('',#8867,#8868,#8869);
#8871=CYLINDRICAL_SURFACE('',#8870,2.E-1);
#8872=ORIENTED_EDGE('',*,*,#8830,.T.);
#8873=ORIENTED_EDGE('',*,*,#8854,.F.);
#8874=ORIENTED_EDGE('',*,*,#8795,.T.);
#8875=ORIENTED_EDGE('',*,*,#8813,.T.);
#8876=EDGE_LOOP('',(#8872,#8873,#8874,#8875));
#8877=FACE_OUTER_BOUND('',#8876,.F.);
#8879=CARTESIAN_POINT('',(-3.1E0,-2.5E-1,1.737041707837E-2));
#8880=DIRECTION('',(1.E0,0.E0,0.E0));
#8881=DIRECTION('',(0.E0,0.E0,-1.E0));
#8882=AXIS2_PLACEMENT_3D('',#8879,#8880,#8881);
#8883=CYLINDRICAL_SURFACE('',#8882,5.E-1);
#8884=ORIENTED_EDGE('',*,*,#8861,.F.);
#8885=ORIENTED_EDGE('',*,*,#8021,.T.);
#8886=ORIENTED_EDGE('',*,*,#8760,.T.);
#8887=ORIENTED_EDGE('',*,*,#8799,.F.);
#8888=EDGE_LOOP('',(#8884,#8885,#8886,#8887));
#8889=FACE_OUTER_BOUND('',#8888,.F.);
#8891=CARTESIAN_POINT('',(3.2E0,1.85E0,-4.8E0));
#8892=DIRECTION('',(0.E0,0.E0,-1.E0));
#8893=DIRECTION('',(-1.E0,0.E0,0.E0));
#8894=AXIS2_PLACEMENT_3D('',#8891,#8892,#8893);
#8895=CYLINDRICAL_SURFACE('',#8894,2.5E-1);
#8896=ORIENTED_EDGE('',*,*,#6736,.T.);
#8897=ORIENTED_EDGE('',*,*,#5798,.T.);
#8898=ORIENTED_EDGE('',*,*,#5848,.T.);
#8900=ORIENTED_EDGE('',*,*,#8899,.F.);
#8901=EDGE_LOOP('',(#8896,#8897,#8898,#8900));
#8902=FACE_OUTER_BOUND('',#8901,.F.);
#8904=CARTESIAN_POINT('',(3.2E0,2.1E0,-4.8E0));
#8905=DIRECTION('',(0.E0,-1.E0,0.E0));
#8906=DIRECTION('',(-1.E0,0.E0,0.E0));
#8907=AXIS2_PLACEMENT_3D('',#8904,#8905,#8906);
#8908=PLANE('',#8907);
#8909=ORIENTED_EDGE('',*,*,#5893,.F.);
#8911=ORIENTED_EDGE('',*,*,#8910,.F.);
#8912=ORIENTED_EDGE('',*,*,#6738,.F.);
#8913=ORIENTED_EDGE('',*,*,#8899,.T.);
#8914=ORIENTED_EDGE('',*,*,#5846,.T.);
#8915=EDGE_LOOP('',(#8909,#8911,#8912,#8913,#8914));
#8916=FACE_OUTER_BOUND('',#8915,.F.);
#8918=CARTESIAN_POINT('',(2.375E0,2.1E0,-4.8E0));
#8919=DIRECTION('',(-1.E0,0.E0,0.E0));
#8920=DIRECTION('',(0.E0,1.E0,0.E0));
#8921=AXIS2_PLACEMENT_3D('',#8918,#8919,#8920);
#8922=PLANE('',#8921);
#8923=ORIENTED_EDGE('',*,*,#5891,.T.);
#8924=ORIENTED_EDGE('',*,*,#5949,.F.);
#8925=ORIENTED_EDGE('',*,*,#6740,.T.);
#8926=ORIENTED_EDGE('',*,*,#8910,.T.);
#8927=EDGE_LOOP('',(#8923,#8924,#8925,#8926));
#8928=FACE_OUTER_BOUND('',#8927,.F.);
#8930=CARTESIAN_POINT('',(-2.375E0,2.35E0,-4.8E0));
#8931=DIRECTION('',(1.E0,0.E0,0.E0));
#8932=DIRECTION('',(0.E0,-1.E0,0.E0));
#8933=AXIS2_PLACEMENT_3D('',#8930,#8931,#8932);
#8934=PLANE('',#8933);
#8936=ORIENTED_EDGE('',*,*,#8935,.T.);
#8938=ORIENTED_EDGE('',*,*,#8937,.F.);
#8939=ORIENTED_EDGE('',*,*,#6760,.F.);
#8940=ORIENTED_EDGE('',*,*,#5921,.T.);
#8941=EDGE_LOOP('',(#8936,#8938,#8939,#8940));
#8942=FACE_OUTER_BOUND('',#8941,.F.);
#8944=CARTESIAN_POINT('',(-2.525E0,1.444799599854E1,-5.85E0));
#8945=DIRECTION('',(0.E0,-1.E0,0.E0));
#8946=DIRECTION('',(0.E0,0.E0,-1.E0));
#8947=AXIS2_PLACEMENT_3D('',#8944,#8945,#8946);
#8948=CYLINDRICAL_SURFACE('',#8947,1.5E-1);
#8950=ORIENTED_EDGE('',*,*,#8949,.T.);
#8951=ORIENTED_EDGE('',*,*,#8935,.F.);
#8952=ORIENTED_EDGE('',*,*,#5919,.T.);
#8953=ORIENTED_EDGE('',*,*,#5865,.T.);
#8954=EDGE_LOOP('',(#8950,#8951,#8952,#8953));
#8955=FACE_OUTER_BOUND('',#8954,.F.);
#8957=CARTESIAN_POINT('',(-2.375E0,2.1E0,-4.8E0));
#8958=DIRECTION('',(0.E0,-1.E0,0.E0));
#8959=DIRECTION('',(-1.E0,0.E0,0.E0));
#8960=AXIS2_PLACEMENT_3D('',#8957,#8958,#8959);
#8961=PLANE('',#8960);
#8962=ORIENTED_EDGE('',*,*,#8949,.F.);
#8963=ORIENTED_EDGE('',*,*,#5879,.T.);
#8965=ORIENTED_EDGE('',*,*,#8964,.F.);
#8966=ORIENTED_EDGE('',*,*,#6762,.F.);
#8967=ORIENTED_EDGE('',*,*,#8937,.T.);
#8968=EDGE_LOOP('',(#8962,#8963,#8965,#8966,#8967));
#8969=FACE_OUTER_BOUND('',#8968,.F.);
#8971=CARTESIAN_POINT('',(-3.2E0,1.85E0,-4.8E0));
#8972=DIRECTION('',(0.E0,0.E0,-1.E0));
#8973=DIRECTION('',(-1.E0,0.E0,0.E0));
#8974=AXIS2_PLACEMENT_3D('',#8971,#8972,#8973);
#8975=CYLINDRICAL_SURFACE('',#8974,2.5E-1);
#8976=ORIENTED_EDGE('',*,*,#6764,.T.);
#8977=ORIENTED_EDGE('',*,*,#8964,.T.);
#8978=ORIENTED_EDGE('',*,*,#5877,.T.);
#8980=ORIENTED_EDGE('',*,*,#8979,.F.);
#8981=EDGE_LOOP('',(#8976,#8977,#8978,#8980));
#8982=FACE_OUTER_BOUND('',#8981,.F.);
#8984=CARTESIAN_POINT('',(-3.45E0,1.85E0,-4.8E0));
#8985=DIRECTION('',(1.E0,0.E0,0.E0));
#8986=DIRECTION('',(0.E0,-1.E0,0.E0));
#8987=AXIS2_PLACEMENT_3D('',#8984,#8985,#8986);
#8988=PLANE('',#8987);
#8989=ORIENTED_EDGE('',*,*,#6623,.F.);
#8990=ORIENTED_EDGE('',*,*,#6652,.T.);
#8992=ORIENTED_EDGE('',*,*,#8991,.F.);
#8993=ORIENTED_EDGE('',*,*,#6677,.F.);
#8994=ORIENTED_EDGE('',*,*,#6705,.F.);
#8995=ORIENTED_EDGE('',*,*,#6766,.T.);
#8996=ORIENTED_EDGE('',*,*,#8979,.T.);
#8997=ORIENTED_EDGE('',*,*,#5875,.T.);
#8999=ORIENTED_EDGE('',*,*,#8998,.F.);
#9001=ORIENTED_EDGE('',*,*,#9000,.F.);
#9002=EDGE_LOOP('',(#8989,#8990,#8992,#8993,#8994,#8995,#8996,#8997,#8999,
#9001));
#9003=FACE_OUTER_BOUND('',#9002,.F.);
#9005=CARTESIAN_POINT('',(1.707320820556E1,9.5E-1,-5.05E0));
#9006=DIRECTION('',(-1.E0,0.E0,0.E0));
#9007=DIRECTION('',(0.E0,1.E0,0.E0));
#9008=AXIS2_PLACEMENT_3D('',#9005,#9006,#9007);
#9009=CYLINDRICAL_SURFACE('',#9008,1.5E-1);
#9010=ORIENTED_EDGE('',*,*,#6679,.F.);
#9011=ORIENTED_EDGE('',*,*,#8991,.T.);
#9012=ORIENTED_EDGE('',*,*,#6650,.T.);
#9013=ORIENTED_EDGE('',*,*,#6608,.T.);
#9014=EDGE_LOOP('',(#9010,#9011,#9012,#9013));
#9015=FACE_OUTER_BOUND('',#9014,.F.);
#9017=CARTESIAN_POINT('',(1.707320820556E1,-1.65E0,-5.85E0));
#9018=DIRECTION('',(-1.E0,0.E0,0.E0));
#9019=DIRECTION('',(0.E0,0.E0,-1.E0));
#9020=AXIS2_PLACEMENT_3D('',#9017,#9018,#9019);
#9021=CYLINDRICAL_SURFACE('',#9020,1.5E-1);
#9022=ORIENTED_EDGE('',*,*,#6559,.T.);
#9024=ORIENTED_EDGE('',*,*,#9023,.F.);
#9025=ORIENTED_EDGE('',*,*,#8998,.T.);
#9026=ORIENTED_EDGE('',*,*,#5873,.T.);
#9027=EDGE_LOOP('',(#9022,#9024,#9025,#9026));
#9028=FACE_OUTER_BOUND('',#9027,.F.);
#9030=CARTESIAN_POINT('',(-3.45E0,-1.8E0,-4.8E0));
#9031=DIRECTION('',(0.E0,-1.E0,0.E0));
#9032=DIRECTION('',(-1.E0,0.E0,0.E0));
#9033=AXIS2_PLACEMENT_3D('',#9030,#9031,#9032);
#9034=PLANE('',#9033);
#9035=ORIENTED_EDGE('',*,*,#6625,.F.);
#9036=ORIENTED_EDGE('',*,*,#9000,.T.);
#9037=ORIENTED_EDGE('',*,*,#9023,.T.);
#9038=ORIENTED_EDGE('',*,*,#6557,.F.);
#9039=EDGE_LOOP('',(#9035,#9036,#9037,#9038));
#9040=FACE_OUTER_BOUND('',#9039,.F.);
#9042=CARTESIAN_POINT('',(-3.2E0,1.85E0,0.E0));
#9043=DIRECTION('',(0.E0,0.E0,1.E0));
#9044=DIRECTION('',(1.E0,0.E0,0.E0));
#9045=AXIS2_PLACEMENT_3D('',#9042,#9043,#9044);
#9046=CYLINDRICAL_SURFACE('',#9045,5.E-1);
#9047=ORIENTED_EDGE('',*,*,#6562,.T.);
#9048=ORIENTED_EDGE('',*,*,#5869,.T.);
#9049=ORIENTED_EDGE('',*,*,#5916,.T.);
#9050=ORIENTED_EDGE('',*,*,#5397,.T.);
#9051=ORIENTED_EDGE('',*,*,#5584,.F.);
#9053=ORIENTED_EDGE('',*,*,#9052,.T.);
#9054=EDGE_LOOP('',(#9047,#9048,#9049,#9050,#9051,#9053));
#9055=FACE_OUTER_BOUND('',#9054,.F.);
#9057=CARTESIAN_POINT('',(-3.7E0,1.20531255E0,-9.879320080019E-2));
#9058=DIRECTION('',(0.E0,0.E0,-1.E0));
#9059=DIRECTION('',(1.E0,0.E0,0.E0));
#9060=AXIS2_PLACEMENT_3D('',#9057,#9058,#9059);
#9061=PLANE('',#9060);
#9062=ORIENTED_EDGE('',*,*,#9052,.F.);
#9063=ORIENTED_EDGE('',*,*,#5582,.F.);
#9064=ORIENTED_EDGE('',*,*,#6564,.F.);
#9065=EDGE_LOOP('',(#9062,#9063,#9064));
#9066=FACE_OUTER_BOUND('',#9065,.F.);
#9068=CARTESIAN_POINT('',(-3.85E0,1.20531255E0,7.056682522308E-2));
#9069=DIRECTION('',(0.E0,-1.E0,0.E0));
#9070=DIRECTION('',(1.E0,0.E0,0.E0));
#9071=AXIS2_PLACEMENT_3D('',#9068,#9069,#9070);
#9072=CYLINDRICAL_SURFACE('',#9071,1.5E-1);
#9073=ORIENTED_EDGE('',*,*,#5473,.T.);
#9074=ORIENTED_EDGE('',*,*,#6567,.T.);
#9075=ORIENTED_EDGE('',*,*,#5578,.F.);
#9077=ORIENTED_EDGE('',*,*,#9076,.F.);
#9078=EDGE_LOOP('',(#9073,#9074,#9075,#9077));
#9079=FACE_OUTER_BOUND('',#9078,.F.);
#9081=CARTESIAN_POINT('',(-4.E0,1.20531255E0,4.168016270928E-1));
#9082=DIRECTION('',(-6.839411288810E-1,0.E0,-7.295372041404E-1));
#9083=DIRECTION('',(7.295372041404E-1,0.E0,-6.839411288810E-1));
#9084=AXIS2_PLACEMENT_3D('',#9081,#9082,#9083);
#9085=PLANE('',#9084);
#9087=ORIENTED_EDGE('',*,*,#9086,.F.);
#9089=ORIENTED_EDGE('',*,*,#9088,.F.);
#9091=ORIENTED_EDGE('',*,*,#9090,.F.);
#9092=ORIENTED_EDGE('',*,*,#5475,.T.);
#9093=ORIENTED_EDGE('',*,*,#9076,.T.);
#9094=ORIENTED_EDGE('',*,*,#5576,.F.);
#9095=EDGE_LOOP('',(#9087,#9089,#9091,#9092,#9093,#9094));
#9096=FACE_OUTER_BOUND('',#9095,.F.);
#9098=CARTESIAN_POINT('',(-1.593269740556E1,1.70517145E0,-1.272771824321E1));
#9099=DIRECTION('',(6.804510993646E-1,0.E0,7.327934916288E-1));
#9100=DIRECTION('',(0.E0,1.E0,0.E0));
#9101=AXIS2_PLACEMENT_3D('',#9098,#9099,#9100);
#9102=CYLINDRICAL_SURFACE('',#9101,2.E-1);
#9104=ORIENTED_EDGE('',*,*,#9103,.T.);
#9106=ORIENTED_EDGE('',*,*,#9105,.F.);
#9107=ORIENTED_EDGE('',*,*,#9086,.T.);
#9108=ORIENTED_EDGE('',*,*,#5574,.T.);
#9109=EDGE_LOOP('',(#9104,#9106,#9107,#9108));
#9110=FACE_OUTER_BOUND('',#9109,.F.);
#9112=CARTESIAN_POINT('',(-3.574902140835E0,1.20531255E0,3.584351832712E-1));
#9113=DIRECTION('',(6.877446479123E-1,0.E0,7.259526839044E-1));
#9114=DIRECTION('',(-7.259526839044E-1,0.E0,6.877446479123E-1));
#9115=AXIS2_PLACEMENT_3D('',#9112,#9113,#9114);
#9116=PLANE('',#9115);
#9117=ORIENTED_EDGE('',*,*,#9103,.F.);
#9118=ORIENTED_EDGE('',*,*,#5591,.F.);
#9120=ORIENTED_EDGE('',*,*,#9119,.F.);
#9121=ORIENTED_EDGE('',*,*,#5464,.T.);
#9123=ORIENTED_EDGE('',*,*,#9122,.F.);
#9125=ORIENTED_EDGE('',*,*,#9124,.T.);
#9126=EDGE_LOOP('',(#9117,#9118,#9120,#9121,#9123,#9125));
#9127=FACE_OUTER_BOUND('',#9126,.F.);
#9129=CARTESIAN_POINT('',(-3.85E0,1.20531255E0,6.805410970947E-2));
#9130=DIRECTION('',(0.E0,-1.E0,0.E0));
#9131=DIRECTION('',(1.E0,0.E0,0.E0));
#9132=AXIS2_PLACEMENT_3D('',#9129,#9130,#9131);
#9133=CYLINDRICAL_SURFACE('',#9132,4.E-1);
#9134=ORIENTED_EDGE('',*,*,#5466,.T.);
#9135=ORIENTED_EDGE('',*,*,#9119,.T.);
#9136=ORIENTED_EDGE('',*,*,#5589,.F.);
#9137=ORIENTED_EDGE('',*,*,#6502,.F.);
#9138=EDGE_LOOP('',(#9134,#9135,#9136,#9137));
#9139=FACE_OUTER_BOUND('',#9138,.F.);
#9141=CARTESIAN_POINT('',(8.422106580829E0,1.40531255E0,1.350053220386E1));
#9142=DIRECTION('',(-6.804510993646E-1,0.E0,-7.327934916288E-1));
#9143=DIRECTION('',(0.E0,-1.E0,0.E0));
#9144=AXIS2_PLACEMENT_3D('',#9141,#9142,#9143);
#9145=CYLINDRICAL_SURFACE('',#9144,2.E-1);
#9146=ORIENTED_EDGE('',*,*,#9090,.T.);
#9148=ORIENTED_EDGE('',*,*,#9147,.F.);
#9149=ORIENTED_EDGE('',*,*,#9122,.T.);
#9150=ORIENTED_EDGE('',*,*,#5462,.T.);
#9151=EDGE_LOOP('',(#9146,#9148,#9149,#9150));
#9152=FACE_OUTER_BOUND('',#9151,.F.);
#9154=CARTESIAN_POINT('',(-3.829887225159E0,1.20531255E0,6.E-1));
#9155=DIRECTION('',(-7.327934916288E-1,0.E0,6.804510993646E-1));
#9156=DIRECTION('',(-6.804510993646E-1,0.E0,-7.327934916288E-1));
#9157=AXIS2_PLACEMENT_3D('',#9154,#9155,#9156);
#9158=PLANE('',#9157);
#9159=ORIENTED_EDGE('',*,*,#9105,.T.);
#9160=ORIENTED_EDGE('',*,*,#9124,.F.);
#9161=ORIENTED_EDGE('',*,*,#9147,.T.);
#9162=ORIENTED_EDGE('',*,*,#9088,.T.);
#9163=EDGE_LOOP('',(#9159,#9160,#9161,#9162));
#9164=FACE_OUTER_BOUND('',#9163,.F.);
#9166=CARTESIAN_POINT('',(1.69780585E0,1.28307465E0,0.E0));
#9167=DIRECTION('',(1.E0,0.E0,0.E0));
#9168=DIRECTION('',(0.E0,1.E0,0.E0));
#9169=AXIS2_PLACEMENT_3D('',#9166,#9167,#9168);
#9170=PLANE('',#9169);
#9172=ORIENTED_EDGE('',*,*,#9171,.T.);
#9174=ORIENTED_EDGE('',*,*,#9173,.T.);
#9175=ORIENTED_EDGE('',*,*,#6409,.F.);
#9177=ORIENTED_EDGE('',*,*,#9176,.F.);
#9178=EDGE_LOOP('',(#9172,#9174,#9175,#9177));
#9179=FACE_OUTER_BOUND('',#9178,.F.);
#9181=CARTESIAN_POINT('',(1.59780585E0,1.260611564648E0,-1.1E0));
#9182=DIRECTION('',(0.E0,1.E0,0.E0));
#9183=DIRECTION('',(0.E0,0.E0,1.E0));
#9184=AXIS2_PLACEMENT_3D('',#9181,#9182,#9183);
#9185=CYLINDRICAL_SURFACE('',#9184,1.E-1);
#9187=ORIENTED_EDGE('',*,*,#9186,.T.);
#9189=ORIENTED_EDGE('',*,*,#9188,.T.);
#9190=ORIENTED_EDGE('',*,*,#9171,.F.);
#9192=ORIENTED_EDGE('',*,*,#9191,.F.);
#9193=EDGE_LOOP('',(#9187,#9189,#9190,#9192));
#9194=FACE_OUTER_BOUND('',#9193,.F.);
#9196=CARTESIAN_POINT('',(0.E0,0.E0,-1.E0));
#9197=DIRECTION('',(0.E0,0.E0,1.E0));
#9198=DIRECTION('',(1.E0,0.E0,0.E0));
#9199=AXIS2_PLACEMENT_3D('',#9196,#9197,#9198);
#9200=PLANE('',#9199);
#9202=ORIENTED_EDGE('',*,*,#9201,.F.);
#9204=ORIENTED_EDGE('',*,*,#9203,.F.);
#9206=ORIENTED_EDGE('',*,*,#9205,.F.);
#9208=ORIENTED_EDGE('',*,*,#9207,.F.);
#9210=ORIENTED_EDGE('',*,*,#9209,.F.);
#9212=ORIENTED_EDGE('',*,*,#9211,.F.);
#9213=ORIENTED_EDGE('',*,*,#9186,.F.);
#9215=ORIENTED_EDGE('',*,*,#9214,.F.);
#9217=ORIENTED_EDGE('',*,*,#9216,.F.);
#9219=ORIENTED_EDGE('',*,*,#9218,.F.);
#9221=ORIENTED_EDGE('',*,*,#9220,.F.);
#9223=ORIENTED_EDGE('',*,*,#9222,.F.);
#9225=ORIENTED_EDGE('',*,*,#9224,.F.);
#9227=ORIENTED_EDGE('',*,*,#9226,.F.);
#9229=ORIENTED_EDGE('',*,*,#9228,.F.);
#9231=ORIENTED_EDGE('',*,*,#9230,.F.);
#9233=ORIENTED_EDGE('',*,*,#9232,.F.);
#9235=ORIENTED_EDGE('',*,*,#9234,.F.);
#9237=ORIENTED_EDGE('',*,*,#9236,.F.);
#9239=ORIENTED_EDGE('',*,*,#9238,.F.);
#9241=ORIENTED_EDGE('',*,*,#9240,.F.);
#9243=ORIENTED_EDGE('',*,*,#9242,.F.);
#9245=ORIENTED_EDGE('',*,*,#9244,.F.);
#9247=ORIENTED_EDGE('',*,*,#9246,.F.);
#9249=ORIENTED_EDGE('',*,*,#9248,.F.);
#9251=ORIENTED_EDGE('',*,*,#9250,.F.);
#9253=ORIENTED_EDGE('',*,*,#9252,.F.);
#9255=ORIENTED_EDGE('',*,*,#9254,.F.);
#9256=EDGE_LOOP('',(#9202,#9204,#9206,#9208,#9210,#9212,#9213,#9215,#9217,#9219,
#9221,#9223,#9225,#9227,#9229,#9231,#9233,#9235,#9237,#9239,#9241,#9243,#9245,
#9247,#9249,#9251,#9253,#9255));
#9257=FACE_OUTER_BOUND('',#9256,.F.);
#9259=CARTESIAN_POINT('',(-1.629546485352E0,1.27939185E0,-1.1E0));
#9260=DIRECTION('',(1.E0,0.E0,0.E0));
#9261=DIRECTION('',(0.E0,0.E0,1.E0));
#9262=AXIS2_PLACEMENT_3D('',#9259,#9260,#9261);
#9263=CYLINDRICAL_SURFACE('',#9262,1.E-1);
#9265=ORIENTED_EDGE('',*,*,#9264,.T.);
#9267=ORIENTED_EDGE('',*,*,#9266,.F.);
#9269=ORIENTED_EDGE('',*,*,#9268,.F.);
#9270=ORIENTED_EDGE('',*,*,#9201,.T.);
#9271=EDGE_LOOP('',(#9265,#9267,#9269,#9270));
#9272=FACE_OUTER_BOUND('',#9271,.F.);
#9274=CARTESIAN_POINT('',(-1.5034006E0,1.17939185E0,0.E0));
#9275=DIRECTION('',(1.E0,0.E0,0.E0));
#9276=DIRECTION('',(0.E0,1.E0,0.E0));
#9277=AXIS2_PLACEMENT_3D('',#9274,#9275,#9276);
#9278=PLANE('',#9277);
#9279=ORIENTED_EDGE('',*,*,#9264,.F.);
#9280=ORIENTED_EDGE('',*,*,#9254,.T.);
#9282=ORIENTED_EDGE('',*,*,#9281,.T.);
#9283=ORIENTED_EDGE('',*,*,#6423,.F.);
#9285=ORIENTED_EDGE('',*,*,#9284,.F.);
#9286=EDGE_LOOP('',(#9279,#9280,#9282,#9283,#9285));
#9287=FACE_OUTER_BOUND('',#9286,.F.);
#9289=CARTESIAN_POINT('',(-1.5034006E0,1.33491605E0,0.E0));
#9290=DIRECTION('',(0.E0,-1.E0,0.E0));
#9291=DIRECTION('',(1.E0,0.E0,0.E0));
#9292=AXIS2_PLACEMENT_3D('',#9289,#9290,#9291);
#9293=PLANE('',#9292);
#9294=ORIENTED_EDGE('',*,*,#6425,.F.);
#9295=ORIENTED_EDGE('',*,*,#9281,.F.);
#9296=ORIENTED_EDGE('',*,*,#9252,.T.);
#9298=ORIENTED_EDGE('',*,*,#9297,.T.);
#9299=EDGE_LOOP('',(#9294,#9295,#9296,#9298));
#9300=FACE_OUTER_BOUND('',#9299,.F.);
#9302=CARTESIAN_POINT('',(-1.10162975E0,1.33491605E0,0.E0));
#9303=DIRECTION('',(-1.E0,0.E0,0.E0));
#9304=DIRECTION('',(0.E0,-1.E0,0.E0));
#9305=AXIS2_PLACEMENT_3D('',#9302,#9303,#9304);
#9306=PLANE('',#9305);
#9307=ORIENTED_EDGE('',*,*,#6427,.F.);
#9308=ORIENTED_EDGE('',*,*,#9297,.F.);
#9309=ORIENTED_EDGE('',*,*,#9250,.T.);
#9311=ORIENTED_EDGE('',*,*,#9310,.T.);
#9312=EDGE_LOOP('',(#9307,#9308,#9309,#9311));
#9313=FACE_OUTER_BOUND('',#9312,.F.);
#9315=CARTESIAN_POINT('',(-1.10162975E0,1.17939185E0,0.E0));
#9316=DIRECTION('',(0.E0,-1.E0,0.E0));
#9317=DIRECTION('',(1.E0,0.E0,0.E0));
#9318=AXIS2_PLACEMENT_3D('',#9315,#9316,#9317);
#9319=PLANE('',#9318);
#9320=ORIENTED_EDGE('',*,*,#6429,.F.);
#9321=ORIENTED_EDGE('',*,*,#9310,.F.);
#9322=ORIENTED_EDGE('',*,*,#9248,.T.);
#9324=ORIENTED_EDGE('',*,*,#9323,.T.);
#9325=EDGE_LOOP('',(#9320,#9321,#9322,#9324));
#9326=FACE_OUTER_BOUND('',#9325,.F.);
#9328=CARTESIAN_POINT('',(-8.553831000002E-1,1.17939185E0,0.E0));
#9329=DIRECTION('',(1.E0,0.E0,0.E0));
#9330=DIRECTION('',(0.E0,1.E0,0.E0));
#9331=AXIS2_PLACEMENT_3D('',#9328,#9329,#9330);
#9332=PLANE('',#9331);
#9333=ORIENTED_EDGE('',*,*,#6431,.F.);
#9334=ORIENTED_EDGE('',*,*,#9323,.F.);
#9335=ORIENTED_EDGE('',*,*,#9246,.T.);
#9337=ORIENTED_EDGE('',*,*,#9336,.T.);
#9338=EDGE_LOOP('',(#9333,#9334,#9335,#9337));
#9339=FACE_OUTER_BOUND('',#9338,.F.);
#9341=CARTESIAN_POINT('',(-8.553831000002E-1,1.33491605E0,0.E0));
#9342=DIRECTION('',(0.E0,-1.E0,0.E0));
#9343=DIRECTION('',(1.E0,0.E0,0.E0));
#9344=AXIS2_PLACEMENT_3D('',#9341,#9342,#9343);
#9345=PLANE('',#9344);
#9346=ORIENTED_EDGE('',*,*,#6433,.F.);
#9347=ORIENTED_EDGE('',*,*,#9336,.F.);
#9348=ORIENTED_EDGE('',*,*,#9244,.T.);
#9350=ORIENTED_EDGE('',*,*,#9349,.T.);
#9351=EDGE_LOOP('',(#9346,#9347,#9348,#9350));
#9352=FACE_OUTER_BOUND('',#9351,.F.);
#9354=CARTESIAN_POINT('',(-4.536122500001E-1,1.33491605E0,0.E0));
#9355=DIRECTION('',(-1.E0,0.E0,0.E0));
#9356=DIRECTION('',(0.E0,-1.E0,0.E0));
#9357=AXIS2_PLACEMENT_3D('',#9354,#9355,#9356);
#9358=PLANE('',#9357);
#9359=ORIENTED_EDGE('',*,*,#6435,.F.);
#9360=ORIENTED_EDGE('',*,*,#9349,.F.);
#9361=ORIENTED_EDGE('',*,*,#9242,.T.);
#9363=ORIENTED_EDGE('',*,*,#9362,.T.);
#9364=EDGE_LOOP('',(#9359,#9360,#9361,#9363));
#9365=FACE_OUTER_BOUND('',#9364,.F.);
#9367=CARTESIAN_POINT('',(-4.536122500001E-1,1.17939185E0,0.E0));
#9368=DIRECTION('',(0.E0,-1.E0,0.E0));
#9369=DIRECTION('',(1.E0,0.E0,0.E0));
#9370=AXIS2_PLACEMENT_3D('',#9367,#9368,#9369);
#9371=PLANE('',#9370);
#9372=ORIENTED_EDGE('',*,*,#6437,.F.);
#9373=ORIENTED_EDGE('',*,*,#9362,.F.);
#9374=ORIENTED_EDGE('',*,*,#9240,.T.);
#9376=ORIENTED_EDGE('',*,*,#9375,.T.);
#9377=EDGE_LOOP('',(#9372,#9373,#9374,#9376));
#9378=FACE_OUTER_BOUND('',#9377,.F.);
#9380=CARTESIAN_POINT('',(-2.073656E-1,1.17939185E0,0.E0));
#9381=DIRECTION('',(1.E0,0.E0,0.E0));
#9382=DIRECTION('',(0.E0,1.E0,0.E0));
#9383=AXIS2_PLACEMENT_3D('',#9380,#9381,#9382);
#9384=PLANE('',#9383);
#9385=ORIENTED_EDGE('',*,*,#6439,.F.);
#9386=ORIENTED_EDGE('',*,*,#9375,.F.);
#9387=ORIENTED_EDGE('',*,*,#9238,.T.);
#9389=ORIENTED_EDGE('',*,*,#9388,.T.);
#9390=EDGE_LOOP('',(#9385,#9386,#9387,#9389));
#9391=FACE_OUTER_BOUND('',#9390,.F.);
#9393=CARTESIAN_POINT('',(-2.073656E-1,1.33491605E0,0.E0));
#9394=DIRECTION('',(0.E0,-1.E0,0.E0));
#9395=DIRECTION('',(1.E0,0.E0,0.E0));
#9396=AXIS2_PLACEMENT_3D('',#9393,#9394,#9395);
#9397=PLANE('',#9396);
#9398=ORIENTED_EDGE('',*,*,#6441,.F.);
#9399=ORIENTED_EDGE('',*,*,#9388,.F.);
#9400=ORIENTED_EDGE('',*,*,#9236,.T.);
#9402=ORIENTED_EDGE('',*,*,#9401,.T.);
#9403=EDGE_LOOP('',(#9398,#9399,#9400,#9402));
#9404=FACE_OUTER_BOUND('',#9403,.F.);
#9406=CARTESIAN_POINT('',(1.9440525E-1,1.33491605E0,0.E0));
#9407=DIRECTION('',(-1.E0,0.E0,0.E0));
#9408=DIRECTION('',(0.E0,-1.E0,0.E0));
#9409=AXIS2_PLACEMENT_3D('',#9406,#9407,#9408);
#9410=PLANE('',#9409);
#9411=ORIENTED_EDGE('',*,*,#6443,.F.);
#9412=ORIENTED_EDGE('',*,*,#9401,.F.);
#9413=ORIENTED_EDGE('',*,*,#9234,.T.);
#9415=ORIENTED_EDGE('',*,*,#9414,.T.);
#9416=EDGE_LOOP('',(#9411,#9412,#9413,#9415));
#9417=FACE_OUTER_BOUND('',#9416,.F.);
#9419=CARTESIAN_POINT('',(1.9440525E-1,1.17939185E0,0.E0));
#9420=DIRECTION('',(0.E0,-1.E0,0.E0));
#9421=DIRECTION('',(1.E0,0.E0,0.E0));
#9422=AXIS2_PLACEMENT_3D('',#9419,#9420,#9421);
#9423=PLANE('',#9422);
#9424=ORIENTED_EDGE('',*,*,#6445,.F.);
#9425=ORIENTED_EDGE('',*,*,#9414,.F.);
#9426=ORIENTED_EDGE('',*,*,#9232,.T.);
#9428=ORIENTED_EDGE('',*,*,#9427,.T.);
#9429=EDGE_LOOP('',(#9424,#9425,#9426,#9428));
#9430=FACE_OUTER_BOUND('',#9429,.F.);
#9432=CARTESIAN_POINT('',(4.406518999999E-1,1.17939185E0,0.E0));
#9433=DIRECTION('',(1.E0,0.E0,0.E0));
#9434=DIRECTION('',(0.E0,1.E0,0.E0));
#9435=AXIS2_PLACEMENT_3D('',#9432,#9433,#9434);
#9436=PLANE('',#9435);
#9437=ORIENTED_EDGE('',*,*,#6447,.F.);
#9438=ORIENTED_EDGE('',*,*,#9427,.F.);
#9439=ORIENTED_EDGE('',*,*,#9230,.T.);
#9441=ORIENTED_EDGE('',*,*,#9440,.T.);
#9442=EDGE_LOOP('',(#9437,#9438,#9439,#9441));
#9443=FACE_OUTER_BOUND('',#9442,.F.);
#9445=CARTESIAN_POINT('',(4.406518999999E-1,1.33491605E0,0.E0));
#9446=DIRECTION('',(0.E0,-1.E0,0.E0));
#9447=DIRECTION('',(1.E0,0.E0,0.E0));
#9448=AXIS2_PLACEMENT_3D('',#9445,#9446,#9447);
#9449=PLANE('',#9448);
#9450=ORIENTED_EDGE('',*,*,#6449,.F.);
#9451=ORIENTED_EDGE('',*,*,#9440,.F.);
#9452=ORIENTED_EDGE('',*,*,#9228,.T.);
#9454=ORIENTED_EDGE('',*,*,#9453,.T.);
#9455=EDGE_LOOP('',(#9450,#9451,#9452,#9454));
#9456=FACE_OUTER_BOUND('',#9455,.F.);
#9458=CARTESIAN_POINT('',(8.4242275E-1,1.33491605E0,0.E0));
#9459=DIRECTION('',(-1.E0,0.E0,0.E0));
#9460=DIRECTION('',(0.E0,-1.E0,0.E0));
#9461=AXIS2_PLACEMENT_3D('',#9458,#9459,#9460);
#9462=PLANE('',#9461);
#9463=ORIENTED_EDGE('',*,*,#6451,.F.);
#9464=ORIENTED_EDGE('',*,*,#9453,.F.);
#9465=ORIENTED_EDGE('',*,*,#9226,.T.);
#9467=ORIENTED_EDGE('',*,*,#9466,.T.);
#9468=EDGE_LOOP('',(#9463,#9464,#9465,#9467));
#9469=FACE_OUTER_BOUND('',#9468,.F.);
#9471=CARTESIAN_POINT('',(8.4242275E-1,1.17939185E0,0.E0));
#9472=DIRECTION('',(0.E0,-1.E0,0.E0));
#9473=DIRECTION('',(1.E0,0.E0,0.E0));
#9474=AXIS2_PLACEMENT_3D('',#9471,#9472,#9473);
#9475=PLANE('',#9474);
#9476=ORIENTED_EDGE('',*,*,#6453,.F.);
#9477=ORIENTED_EDGE('',*,*,#9466,.F.);
#9478=ORIENTED_EDGE('',*,*,#9224,.T.);
#9480=ORIENTED_EDGE('',*,*,#9479,.T.);
#9481=EDGE_LOOP('',(#9476,#9477,#9478,#9480));
#9482=FACE_OUTER_BOUND('',#9481,.F.);
#9484=CARTESIAN_POINT('',(1.0886694E0,1.17939185E0,0.E0));
#9485=DIRECTION('',(1.E0,0.E0,0.E0));
#9486=DIRECTION('',(0.E0,1.E0,0.E0));
#9487=AXIS2_PLACEMENT_3D('',#9484,#9485,#9486);
#9488=PLANE('',#9487);
#9489=ORIENTED_EDGE('',*,*,#6455,.F.);
#9490=ORIENTED_EDGE('',*,*,#9479,.F.);
#9491=ORIENTED_EDGE('',*,*,#9222,.T.);
#9493=ORIENTED_EDGE('',*,*,#9492,.T.);
#9494=EDGE_LOOP('',(#9489,#9490,#9491,#9493));
#9495=FACE_OUTER_BOUND('',#9494,.F.);
#9497=CARTESIAN_POINT('',(1.0886694E0,1.33491605E0,0.E0));
#9498=DIRECTION('',(0.E0,-1.E0,0.E0));
#9499=DIRECTION('',(1.E0,0.E0,0.E0));
#9500=AXIS2_PLACEMENT_3D('',#9497,#9498,#9499);
#9501=PLANE('',#9500);
#9502=ORIENTED_EDGE('',*,*,#6457,.F.);
#9503=ORIENTED_EDGE('',*,*,#9492,.F.);
#9504=ORIENTED_EDGE('',*,*,#9220,.T.);
#9506=ORIENTED_EDGE('',*,*,#9505,.T.);
#9507=EDGE_LOOP('',(#9502,#9503,#9504,#9506));
#9508=FACE_OUTER_BOUND('',#9507,.F.);
#9510=CARTESIAN_POINT('',(1.5034006E0,1.33491605E0,0.E0));
#9511=DIRECTION('',(-1.E0,0.E0,0.E0));
#9512=DIRECTION('',(0.E0,-1.E0,0.E0));
#9513=AXIS2_PLACEMENT_3D('',#9510,#9511,#9512);
#9514=PLANE('',#9513);
#9516=ORIENTED_EDGE('',*,*,#9515,.F.);
#9518=ORIENTED_EDGE('',*,*,#9517,.T.);
#9519=ORIENTED_EDGE('',*,*,#6459,.F.);
#9520=ORIENTED_EDGE('',*,*,#9505,.F.);
#9521=ORIENTED_EDGE('',*,*,#9218,.T.);
#9522=EDGE_LOOP('',(#9516,#9518,#9519,#9520,#9521));
#9523=FACE_OUTER_BOUND('',#9522,.F.);
#9525=CARTESIAN_POINT('',(-1.585720475697E1,1.27939185E0,-1.1E0));
#9526=DIRECTION('',(1.E0,0.E0,0.E0));
#9527=DIRECTION('',(0.E0,0.E0,1.E0));
#9528=AXIS2_PLACEMENT_3D('',#9525,#9526,#9527);
#9529=CYLINDRICAL_SURFACE('',#9528,1.E-1);
#9530=ORIENTED_EDGE('',*,*,#9515,.T.);
#9531=ORIENTED_EDGE('',*,*,#9216,.T.);
#9533=ORIENTED_EDGE('',*,*,#9532,.T.);
#9535=ORIENTED_EDGE('',*,*,#9534,.F.);
#9536=EDGE_LOOP('',(#9530,#9531,#9533,#9535));
#9537=FACE_OUTER_BOUND('',#9536,.F.);
#9539=CARTESIAN_POINT('',(1.576933567584E0,1.182381246850E0,-1.117441155413E0));
#9540=CARTESIAN_POINT('',(1.574909782704E0,1.170526219347E0,-1.049543154855E0));
#9541=CARTESIAN_POINT('',(1.582527419235E0,1.215149188652E0,
-9.975283676655E-1));
#9542=CARTESIAN_POINT('',(1.59412305E0,1.28307465E0,-1.000067838089E0));
#9543=CARTESIAN_POINT('',(1.653153002090E0,1.169369742738E0,-1.117441155413E0));
#9544=CARTESIAN_POINT('',(1.660102828828E0,1.155982820053E0,-1.049543154855E0));
#9545=CARTESIAN_POINT('',(1.633943302406E0,1.206371926269E0,
-9.975283676655E-1));
#9546=CARTESIAN_POINT('',(1.59412305E0,1.28307465E0,-1.000067838089E0));
#9547=CARTESIAN_POINT('',(1.707827957230E0,1.224044697847E0,-1.117441155413E0));
#9548=CARTESIAN_POINT('',(1.721214879911E0,1.217094871102E0,-1.049543154855E0));
#9549=CARTESIAN_POINT('',(1.670825773709E0,1.243254397551E0,
-9.975283676655E-1));
#9550=CARTESIAN_POINT('',(1.59412305E0,1.28307465E0,-1.000067838089E0));
#9551=CARTESIAN_POINT('',(1.694816453160E0,1.300264132360E0,-1.117441155413E0));
#9552=CARTESIAN_POINT('',(1.706671480664E0,1.302287917234E0,-1.049543154855E0));
#9553=CARTESIAN_POINT('',(1.662048511355E0,1.294670280728E0,
-9.975283676655E-1));
#9554=CARTESIAN_POINT('',(1.59412305E0,1.28307465E0,-1.000067838089E0));
#9555=(BOUNDED_SURFACE()B_SPLINE_SURFACE(3,3,((#9539,#9540,#9541,#9542),(#9543,
#9544,#9545,#9546),(#9547,#9548,#9549,#9550),(#9551,#9552,#9553,#9554)),
.UNSPECIFIED.,.F.,.F.,.F.)B_SPLINE_SURFACE_WITH_KNOTS((4,4),(4,4),(0.E0,1.E0),(
0.E0,1.E0),.UNSPECIFIED.)GEOMETRIC_REPRESENTATION_ITEM()RATIONAL_B_SPLINE_SURFACE(((1.556745568708E0,1.170951579371E0,1.170951579371E0,1.556745568708E0),(
1.118816097045E0,8.415501557826E-1,8.415501557826E-1,1.118816097045E0),(
1.118816097045E0,8.415501557826E-1,8.415501557826E-1,1.118816097045E0),(
1.556745568708E0,1.170951579371E0,1.170951579371E0,1.556745568708E0)))REPRESENTATION_ITEM('')SURFACE());
#9556=ORIENTED_EDGE('',*,*,#9214,.T.);
#9557=ORIENTED_EDGE('',*,*,#9191,.T.);
#9559=ORIENTED_EDGE('',*,*,#9558,.F.);
#9560=ORIENTED_EDGE('',*,*,#9532,.F.);
#9561=EDGE_LOOP('',(#9556,#9557,#9559,#9560));
#9562=FACE_OUTER_BOUND('',#9561,.F.);
#9564=CARTESIAN_POINT('',(1.59412305E0,1.28307465E0,0.E0));
#9565=DIRECTION('',(0.E0,0.E0,1.E0));
#9566=DIRECTION('',(1.E0,0.E0,0.E0));
#9567=AXIS2_PLACEMENT_3D('',#9564,#9565,#9566);
#9568=CYLINDRICAL_SURFACE('',#9567,1.036827999999E-1);
#9569=ORIENTED_EDGE('',*,*,#9558,.T.);
#9570=ORIENTED_EDGE('',*,*,#9176,.T.);
#9571=ORIENTED_EDGE('',*,*,#6463,.F.);
#9573=ORIENTED_EDGE('',*,*,#9572,.F.);
#9574=EDGE_LOOP('',(#9569,#9570,#9571,#9573));
#9575=FACE_OUTER_BOUND('',#9574,.F.);
#9577=CARTESIAN_POINT('',(1.5034006E0,1.17939185E0,0.E0));
#9578=DIRECTION('',(0.E0,-1.E0,0.E0));
#9579=DIRECTION('',(1.E0,0.E0,0.E0));
#9580=AXIS2_PLACEMENT_3D('',#9577,#9578,#9579);
#9581=PLANE('',#9580);
#9582=ORIENTED_EDGE('',*,*,#9534,.T.);
#9583=ORIENTED_EDGE('',*,*,#9572,.T.);
#9584=ORIENTED_EDGE('',*,*,#6461,.F.);
#9585=ORIENTED_EDGE('',*,*,#9517,.F.);
#9586=EDGE_LOOP('',(#9582,#9583,#9584,#9585));
#9587=FACE_OUTER_BOUND('',#9586,.F.);
#9589=CARTESIAN_POINT('',(-1.6070834E0,1.17939185E0,0.E0));
#9590=DIRECTION('',(0.E0,-1.E0,0.E0));
#9591=DIRECTION('',(1.E0,0.E0,0.E0));
#9592=AXIS2_PLACEMENT_3D('',#9589,#9590,#9591);
#9593=PLANE('',#9592);
#9594=ORIENTED_EDGE('',*,*,#9266,.T.);
#9595=ORIENTED_EDGE('',*,*,#9284,.T.);
#9596=ORIENTED_EDGE('',*,*,#6421,.F.);
#9598=ORIENTED_EDGE('',*,*,#9597,.F.);
#9599=EDGE_LOOP('',(#9594,#9595,#9596,#9598));
#9600=FACE_OUTER_BOUND('',#9599,.F.);
#9602=CARTESIAN_POINT('',(-1.6070834E0,1.28307465E0,0.E0));
#9603=DIRECTION('',(0.E0,0.E0,1.E0));
#9604=DIRECTION('',(1.E0,0.E0,0.E0));
#9605=AXIS2_PLACEMENT_3D('',#9602,#9603,#9604);
#9606=CYLINDRICAL_SURFACE('',#9605,1.036828000001E-1);
#9608=ORIENTED_EDGE('',*,*,#9607,.T.);
#9609=ORIENTED_EDGE('',*,*,#9597,.T.);
#9610=ORIENTED_EDGE('',*,*,#6419,.F.);
#9612=ORIENTED_EDGE('',*,*,#9611,.F.);
#9613=EDGE_LOOP('',(#9608,#9609,#9610,#9612));
#9614=FACE_OUTER_BOUND('',#9613,.F.);
#9616=CARTESIAN_POINT('',(-1.707776803150E0,1.300264132416E0,
-1.117441155413E0));
#9617=CARTESIAN_POINT('',(-1.719631830653E0,1.302287917296E0,
-1.049543154854E0));
#9618=CARTESIAN_POINT('',(-1.675008861348E0,1.294670280766E0,
-9.975283676653E-1));
#9619=CARTESIAN_POINT('',(-1.6070834E0,1.28307465E0,-1.000067838089E0));
#9620=CARTESIAN_POINT('',(-1.720788307263E0,1.224044697910E0,
-1.117441155413E0));
#9621=CARTESIAN_POINT('',(-1.734175229948E0,1.217094871172E0,
-1.049543154854E0));
#9622=CARTESIAN_POINT('',(-1.683786123731E0,1.243254397594E0,
-9.975283676653E-1));
#9623=CARTESIAN_POINT('',(-1.6070834E0,1.28307465E0,-1.000067838089E0));
#9624=CARTESIAN_POINT('',(-1.666113352153E0,1.169369742770E0,
-1.117441155413E0));
#9625=CARTESIAN_POINT('',(-1.673063178899E0,1.155982820089E0,
-1.049543154854E0));
#9626=CARTESIAN_POINT('',(-1.646903652449E0,1.206371926291E0,
-9.975283676653E-1));
#9627=CARTESIAN_POINT('',(-1.6070834E0,1.28307465E0,-1.000067838089E0));
#9628=CARTESIAN_POINT('',(-1.589893917640E0,1.182381246841E0,
-1.117441155413E0));
#9629=CARTESIAN_POINT('',(-1.587870132766E0,1.170526219336E0,
-1.049543154854E0));
#9630=CARTESIAN_POINT('',(-1.595487769272E0,1.215149188646E0,
-9.975283676653E-1));
#9631=CARTESIAN_POINT('',(-1.6070834E0,1.28307465E0,-1.000067838089E0));
#9632=(BOUNDED_SURFACE()B_SPLINE_SURFACE(3,3,((#9616,#9617,#9618,#9619),(#9620,
#9621,#9622,#9623),(#9624,#9625,#9626,#9627),(#9628,#9629,#9630,#9631)),
.UNSPECIFIED.,.F.,.F.,.F.)B_SPLINE_SURFACE_WITH_KNOTS((4,4),(4,4),(0.E0,1.E0),(
0.E0,1.E0),.UNSPECIFIED.)GEOMETRIC_REPRESENTATION_ITEM()RATIONAL_B_SPLINE_SURFACE(((1.556745568709E0,1.170951579370E0,1.170951579370E0,1.556745568709E0),(
1.118816097046E0,8.415501557825E-1,8.415501557825E-1,1.118816097046E0),(
1.118816097046E0,8.415501557825E-1,8.415501557825E-1,1.118816097046E0),(
1.556745568709E0,1.170951579370E0,1.170951579370E0,1.556745568709E0)))REPRESENTATION_ITEM('')SURFACE());
#9633=ORIENTED_EDGE('',*,*,#9203,.T.);
#9634=ORIENTED_EDGE('',*,*,#9268,.T.);
#9635=ORIENTED_EDGE('',*,*,#9607,.F.);
#9637=ORIENTED_EDGE('',*,*,#9636,.F.);
#9638=EDGE_LOOP('',(#9633,#9634,#9635,#9637));
#9639=FACE_OUTER_BOUND('',#9638,.F.);
#9641=CARTESIAN_POINT('',(-1.6107662E0,1.707308585351E0,-1.1E0));
#9642=DIRECTION('',(0.E0,-1.E0,0.E0));
#9643=DIRECTION('',(0.E0,0.E0,1.E0));
#9644=AXIS2_PLACEMENT_3D('',#9641,#9642,#9643);
#9645=CYLINDRICAL_SURFACE('',#9644,1.E-1);
#9646=ORIENTED_EDGE('',*,*,#9205,.T.);
#9647=ORIENTED_EDGE('',*,*,#9636,.T.);
#9649=ORIENTED_EDGE('',*,*,#9648,.F.);
#9651=ORIENTED_EDGE('',*,*,#9650,.F.);
#9652=EDGE_LOOP('',(#9646,#9647,#9649,#9651));
#9653=FACE_OUTER_BOUND('',#9652,.F.);
#9655=CARTESIAN_POINT('',(-1.7107662E0,1.6848455E0,0.E0));
#9656=DIRECTION('',(-1.E0,0.E0,0.E0));
#9657=DIRECTION('',(0.E0,-1.E0,0.E0));
#9658=AXIS2_PLACEMENT_3D('',#9655,#9656,#9657);
#9659=PLANE('',#9658);
#9660=ORIENTED_EDGE('',*,*,#9648,.T.);
#9661=ORIENTED_EDGE('',*,*,#9611,.T.);
#9662=ORIENTED_EDGE('',*,*,#6417,.F.);
#9664=ORIENTED_EDGE('',*,*,#9663,.F.);
#9665=EDGE_LOOP('',(#9660,#9661,#9662,#9664));
#9666=FACE_OUTER_BOUND('',#9665,.F.);
#9668=CARTESIAN_POINT('',(-1.6070834E0,1.684845499999E0,0.E0));
#9669=DIRECTION('',(0.E0,0.E0,1.E0));
#9670=DIRECTION('',(1.E0,0.E0,0.E0));
#9671=AXIS2_PLACEMENT_3D('',#9668,#9669,#9670);
#9672=CYLINDRICAL_SURFACE('',#9671,1.036828000001E-1);
#9674=ORIENTED_EDGE('',*,*,#9673,.T.);
#9675=ORIENTED_EDGE('',*,*,#9663,.T.);
#9676=ORIENTED_EDGE('',*,*,#6415,.F.);
#9678=ORIENTED_EDGE('',*,*,#9677,.F.);
#9679=EDGE_LOOP('',(#9674,#9675,#9676,#9678));
#9680=FACE_OUTER_BOUND('',#9679,.F.);
#9682=CARTESIAN_POINT('',(-1.589893917584E0,1.785538903149E0,
-1.117441155413E0));
#9683=CARTESIAN_POINT('',(-1.587870132704E0,1.797393930652E0,
-1.049543154854E0));
#9684=CARTESIAN_POINT('',(-1.595487769235E0,1.752770961347E0,
-9.975283676653E-1));
#9685=CARTESIAN_POINT('',(-1.6070834E0,1.684845499999E0,-1.000067838089E0));
#9686=CARTESIAN_POINT('',(-1.666113352090E0,1.798550407261E0,
-1.117441155413E0));
#9687=CARTESIAN_POINT('',(-1.673063178828E0,1.811937329946E0,
-1.049543154854E0));
#9688=CARTESIAN_POINT('',(-1.646903652406E0,1.761548223730E0,
-9.975283676653E-1));
#9689=CARTESIAN_POINT('',(-1.6070834E0,1.684845499999E0,-1.000067838089E0));
#9690=CARTESIAN_POINT('',(-1.720788307230E0,1.743875452152E0,
-1.117441155413E0));
#9691=CARTESIAN_POINT('',(-1.734175229911E0,1.750825278897E0,
-1.049543154854E0));
#9692=CARTESIAN_POINT('',(-1.683786123709E0,1.724665752447E0,
-9.975283676653E-1));
#9693=CARTESIAN_POINT('',(-1.6070834E0,1.684845499999E0,-1.000067838089E0));
#9694=CARTESIAN_POINT('',(-1.707776803160E0,1.667656017638E0,
-1.117441155413E0));
#9695=CARTESIAN_POINT('',(-1.719631830664E0,1.665632232765E0,
-1.049543154854E0));
#9696=CARTESIAN_POINT('',(-1.675008861355E0,1.673249869271E0,
-9.975283676653E-1));
#9697=CARTESIAN_POINT('',(-1.6070834E0,1.684845499999E0,-1.000067838089E0));
#9698=(BOUNDED_SURFACE()B_SPLINE_SURFACE(3,3,((#9682,#9683,#9684,#9685),(#9686,
#9687,#9688,#9689),(#9690,#9691,#9692,#9693),(#9694,#9695,#9696,#9697)),
.UNSPECIFIED.,.F.,.F.,.F.)B_SPLINE_SURFACE_WITH_KNOTS((4,4),(4,4),(0.E0,1.E0),(
0.E0,1.E0),.UNSPECIFIED.)GEOMETRIC_REPRESENTATION_ITEM()RATIONAL_B_SPLINE_SURFACE(((1.556745568709E0,1.170951579370E0,1.170951579370E0,1.556745568709E0),(
1.118816097046E0,8.415501557825E-1,8.415501557825E-1,1.118816097046E0),(
1.118816097046E0,8.415501557825E-1,8.415501557825E-1,1.118816097046E0),(
1.556745568709E0,1.170951579370E0,1.170951579370E0,1.556745568709E0)))REPRESENTATION_ITEM('')SURFACE());
#9699=ORIENTED_EDGE('',*,*,#9207,.T.);
#9700=ORIENTED_EDGE('',*,*,#9650,.T.);
#9701=ORIENTED_EDGE('',*,*,#9673,.F.);
#9703=ORIENTED_EDGE('',*,*,#9702,.F.);
#9704=EDGE_LOOP('',(#9699,#9700,#9701,#9703));
#9705=FACE_OUTER_BOUND('',#9704,.F.);
#9707=CARTESIAN_POINT('',(1.616586135352E0,1.688528299999E0,-1.1E0));
#9708=DIRECTION('',(-1.E0,0.E0,0.E0));
#9709=DIRECTION('',(0.E0,0.E0,1.E0));
#9710=AXIS2_PLACEMENT_3D('',#9707,#9708,#9709);
#9711=CYLINDRICAL_SURFACE('',#9710,1.E-1);
#9712=ORIENTED_EDGE('',*,*,#9209,.T.);
#9713=ORIENTED_EDGE('',*,*,#9702,.T.);
#9715=ORIENTED_EDGE('',*,*,#9714,.F.);
#9717=ORIENTED_EDGE('',*,*,#9716,.F.);
#9718=EDGE_LOOP('',(#9712,#9713,#9715,#9717));
#9719=FACE_OUTER_BOUND('',#9718,.F.);
#9721=CARTESIAN_POINT('',(1.59412305E0,1.788528299999E0,0.E0));
#9722=DIRECTION('',(0.E0,1.E0,0.E0));
#9723=DIRECTION('',(-1.E0,0.E0,0.E0));
#9724=AXIS2_PLACEMENT_3D('',#9721,#9722,#9723);
#9725=PLANE('',#9724);
#9726=ORIENTED_EDGE('',*,*,#9714,.T.);
#9727=ORIENTED_EDGE('',*,*,#9677,.T.);
#9728=ORIENTED_EDGE('',*,*,#6413,.F.);
#9730=ORIENTED_EDGE('',*,*,#9729,.F.);
#9731=EDGE_LOOP('',(#9726,#9727,#9728,#9730));
#9732=FACE_OUTER_BOUND('',#9731,.F.);
#9734=CARTESIAN_POINT('',(1.59412305E0,1.684845499999E0,0.E0));
#9735=DIRECTION('',(0.E0,0.E0,1.E0));
#9736=DIRECTION('',(1.E0,0.E0,0.E0));
#9737=AXIS2_PLACEMENT_3D('',#9734,#9735,#9736);
#9738=CYLINDRICAL_SURFACE('',#9737,1.036827999999E-1);
#9740=ORIENTED_EDGE('',*,*,#9739,.T.);
#9741=ORIENTED_EDGE('',*,*,#9729,.T.);
#9742=ORIENTED_EDGE('',*,*,#6411,.F.);
#9743=ORIENTED_EDGE('',*,*,#9173,.F.);
#9744=EDGE_LOOP('',(#9740,#9741,#9742,#9743));
#9745=FACE_OUTER_BOUND('',#9744,.F.);
#9747=CARTESIAN_POINT('',(1.694816453150E0,1.667656017583E0,-1.117441155413E0));
#9748=CARTESIAN_POINT('',(1.706671480653E0,1.665632232703E0,-1.049543154855E0));
#9749=CARTESIAN_POINT('',(1.662048511348E0,1.673249869233E0,
-9.975283676655E-1));
#9750=CARTESIAN_POINT('',(1.59412305E0,1.684845499999E0,-1.000067838089E0));
#9751=CARTESIAN_POINT('',(1.707827957263E0,1.743875452089E0,-1.117441155413E0));
#9752=CARTESIAN_POINT('',(1.721214879947E0,1.750825278827E0,-1.049543154855E0));
#9753=CARTESIAN_POINT('',(1.670825773731E0,1.724665752405E0,
-9.975283676655E-1));
#9754=CARTESIAN_POINT('',(1.59412305E0,1.684845499999E0,-1.000067838089E0));
#9755=CARTESIAN_POINT('',(1.653153002153E0,1.798550407229E0,-1.117441155413E0));
#9756=CARTESIAN_POINT('',(1.660102828899E0,1.811937329910E0,-1.049543154855E0));
#9757=CARTESIAN_POINT('',(1.633943302449E0,1.761548223708E0,
-9.975283676655E-1));
#9758=CARTESIAN_POINT('',(1.59412305E0,1.684845499999E0,-1.000067838089E0));
#9759=CARTESIAN_POINT('',(1.576933567640E0,1.785538903158E0,-1.117441155413E0));
#9760=CARTESIAN_POINT('',(1.574909782766E0,1.797393930663E0,-1.049543154855E0));
#9761=CARTESIAN_POINT('',(1.582527419272E0,1.752770961353E0,
-9.975283676655E-1));
#9762=CARTESIAN_POINT('',(1.59412305E0,1.684845499999E0,-1.000067838089E0));
#9763=(BOUNDED_SURFACE()B_SPLINE_SURFACE(3,3,((#9747,#9748,#9749,#9750),(#9751,
#9752,#9753,#9754),(#9755,#9756,#9757,#9758),(#9759,#9760,#9761,#9762)),
.UNSPECIFIED.,.F.,.F.,.F.)B_SPLINE_SURFACE_WITH_KNOTS((4,4),(4,4),(0.E0,1.E0),(
0.E0,1.E0),.UNSPECIFIED.)GEOMETRIC_REPRESENTATION_ITEM()RATIONAL_B_SPLINE_SURFACE(((1.556745568708E0,1.170951579371E0,1.170951579371E0,1.556745568708E0),(
1.118816097045E0,8.415501557826E-1,8.415501557826E-1,1.118816097045E0),(
1.118816097045E0,8.415501557826E-1,8.415501557826E-1,1.118816097045E0),(
1.556745568708E0,1.170951579371E0,1.170951579371E0,1.556745568708E0)))REPRESENTATION_ITEM('')SURFACE());
#9764=ORIENTED_EDGE('',*,*,#9211,.T.);
#9765=ORIENTED_EDGE('',*,*,#9716,.T.);
#9766=ORIENTED_EDGE('',*,*,#9739,.F.);
#9767=ORIENTED_EDGE('',*,*,#9188,.F.);
#9768=EDGE_LOOP('',(#9764,#9765,#9766,#9767));
#9769=FACE_OUTER_BOUND('',#9768,.F.);
#9771=CARTESIAN_POINT('',(2.05E0,2.35E0,-2.4E0));
#9772=DIRECTION('',(-1.E0,0.E0,0.E0));
#9773=DIRECTION('',(0.E0,0.E0,1.E0));
#9774=AXIS2_PLACEMENT_3D('',#9771,#9772,#9773);
#9775=PLANE('',#9774);
#9776=ORIENTED_EDGE('',*,*,#6114,.F.);
#9777=ORIENTED_EDGE('',*,*,#6009,.F.);
#9779=ORIENTED_EDGE('',*,*,#9778,.T.);
#9780=ORIENTED_EDGE('',*,*,#6173,.T.);
#9781=EDGE_LOOP('',(#9776,#9777,#9779,#9780));
#9782=FACE_OUTER_BOUND('',#9781,.F.);
#9784=CARTESIAN_POINT('',(2.2E0,1.444799599854E1,-2.25E0));
#9785=DIRECTION('',(0.E0,-1.E0,0.E0));
#9786=DIRECTION('',(-1.E0,0.E0,0.E0));
#9787=AXIS2_PLACEMENT_3D('',#9784,#9785,#9786);
#9788=CYLINDRICAL_SURFACE('',#9787,1.5E-1);
#9789=ORIENTED_EDGE('',*,*,#9778,.F.);
#9790=ORIENTED_EDGE('',*,*,#6007,.T.);
#9792=ORIENTED_EDGE('',*,*,#9791,.T.);
#9793=ORIENTED_EDGE('',*,*,#6175,.T.);
#9794=EDGE_LOOP('',(#9789,#9790,#9792,#9793));
#9795=FACE_OUTER_BOUND('',#9794,.F.);
#9797=CARTESIAN_POINT('',(2.7E0,2.35E0,-2.4E0));
#9798=DIRECTION('',(0.E0,0.E0,-1.E0));
#9799=DIRECTION('',(-1.E0,0.E0,0.E0));
#9800=AXIS2_PLACEMENT_3D('',#9797,#9798,#9799);
#9801=PLANE('',#9800);
#9803=ORIENTED_EDGE('',*,*,#9802,.T.);
#9804=ORIENTED_EDGE('',*,*,#6177,.T.);
#9805=ORIENTED_EDGE('',*,*,#9791,.F.);
#9806=ORIENTED_EDGE('',*,*,#6005,.F.);
#9807=EDGE_LOOP('',(#9803,#9804,#9805,#9806));
#9808=FACE_OUTER_BOUND('',#9807,.F.);
#9810=CARTESIAN_POINT('',(2.55E0,1.444799599854E1,-2.25E0));
#9811=DIRECTION('',(0.E0,-1.E0,0.E0));
#9812=DIRECTION('',(0.E0,0.E0,-1.E0));
#9813=AXIS2_PLACEMENT_3D('',#9810,#9811,#9812);
#9814=CYLINDRICAL_SURFACE('',#9813,1.5E-1);
#9815=ORIENTED_EDGE('',*,*,#9802,.F.);
#9816=ORIENTED_EDGE('',*,*,#6003,.T.);
#9818=ORIENTED_EDGE('',*,*,#9817,.T.);
#9819=ORIENTED_EDGE('',*,*,#6179,.T.);
#9820=EDGE_LOOP('',(#9815,#9816,#9818,#9819));
#9821=FACE_OUTER_BOUND('',#9820,.F.);
#9823=CARTESIAN_POINT('',(2.7E0,2.35E0,-1.2E0));
#9824=DIRECTION('',(1.E0,0.E0,0.E0));
#9825=DIRECTION('',(0.E0,0.E0,-1.E0));
#9826=AXIS2_PLACEMENT_3D('',#9823,#9824,#9825);
#9827=PLANE('',#9826);
#9829=ORIENTED_EDGE('',*,*,#9828,.F.);
#9830=ORIENTED_EDGE('',*,*,#6181,.T.);
#9831=ORIENTED_EDGE('',*,*,#9817,.F.);
#9832=ORIENTED_EDGE('',*,*,#6001,.F.);
#9833=EDGE_LOOP('',(#9829,#9830,#9831,#9832));
#9834=FACE_OUTER_BOUND('',#9833,.F.);
#9836=CARTESIAN_POINT('',(2.85E0,-1.262058664854E1,-1.35E0));
#9837=DIRECTION('',(0.E0,1.E0,0.E0));
#9838=DIRECTION('',(-1.E0,0.E0,0.E0));
#9839=AXIS2_PLACEMENT_3D('',#9836,#9837,#9838);
#9840=CYLINDRICAL_SURFACE('',#9839,1.5E-1);
#9842=ORIENTED_EDGE('',*,*,#9841,.F.);
#9843=ORIENTED_EDGE('',*,*,#6183,.T.);
#9844=ORIENTED_EDGE('',*,*,#9828,.T.);
#9845=ORIENTED_EDGE('',*,*,#5999,.T.);
#9846=EDGE_LOOP('',(#9842,#9843,#9844,#9845));
#9847=FACE_OUTER_BOUND('',#9846,.F.);
#9849=CARTESIAN_POINT('',(2.7E0,-1.262058664854E1,-1.090192378865E0));
#9850=DIRECTION('',(0.E0,1.E0,0.E0));
#9851=DIRECTION('',(1.E0,0.E0,0.E0));
#9852=AXIS2_PLACEMENT_3D('',#9849,#9850,#9851);
#9853=CYLINDRICAL_SURFACE('',#9852,1.5E-1);
#9855=ORIENTED_EDGE('',*,*,#9854,.F.);
#9856=ORIENTED_EDGE('',*,*,#6185,.T.);
#9857=ORIENTED_EDGE('',*,*,#9841,.T.);
#9858=ORIENTED_EDGE('',*,*,#5997,.T.);
#9859=EDGE_LOOP('',(#9855,#9856,#9857,#9858));
#9860=FACE_OUTER_BOUND('',#9859,.F.);
#9862=CARTESIAN_POINT('',(2.85E0,2.35E0,-7.E-1));
#9863=DIRECTION('',(1.E0,0.E0,0.E0));
#9864=DIRECTION('',(0.E0,0.E0,-1.E0));
#9865=AXIS2_PLACEMENT_3D('',#9862,#9863,#9864);
#9866=PLANE('',#9865);
#9867=ORIENTED_EDGE('',*,*,#9854,.T.);
#9868=ORIENTED_EDGE('',*,*,#5995,.F.);
#9870=ORIENTED_EDGE('',*,*,#9869,.T.);
#9871=ORIENTED_EDGE('',*,*,#6187,.T.);
#9872=EDGE_LOOP('',(#9867,#9868,#9870,#9871));
#9873=FACE_OUTER_BOUND('',#9872,.F.);
#9875=CARTESIAN_POINT('',(2.7E0,1.444799599854E1,-8.5E-1));
#9876=DIRECTION('',(0.E0,-1.E0,0.E0));
#9877=DIRECTION('',(1.E0,0.E0,0.E0));
#9878=AXIS2_PLACEMENT_3D('',#9875,#9876,#9877);
#9879=CYLINDRICAL_SURFACE('',#9878,1.5E-1);
#9880=ORIENTED_EDGE('',*,*,#9869,.F.);
#9881=ORIENTED_EDGE('',*,*,#5993,.T.);
#9883=ORIENTED_EDGE('',*,*,#9882,.T.);
#9884=ORIENTED_EDGE('',*,*,#6189,.T.);
#9885=EDGE_LOOP('',(#9880,#9881,#9883,#9884));
#9886=FACE_OUTER_BOUND('',#9885,.F.);
#9888=CARTESIAN_POINT('',(1.9E0,2.35E0,-7.E-1));
#9889=DIRECTION('',(0.E0,0.E0,1.E0));
#9890=DIRECTION('',(1.E0,0.E0,0.E0));
#9891=AXIS2_PLACEMENT_3D('',#9888,#9889,#9890);
#9892=PLANE('',#9891);
#9894=ORIENTED_EDGE('',*,*,#9893,.T.);
#9895=ORIENTED_EDGE('',*,*,#6191,.T.);
#9896=ORIENTED_EDGE('',*,*,#9882,.F.);
#9897=ORIENTED_EDGE('',*,*,#5991,.F.);
#9898=EDGE_LOOP('',(#9894,#9895,#9896,#9897));
#9899=FACE_OUTER_BOUND('',#9898,.F.);
#9901=CARTESIAN_POINT('',(2.05E0,1.444799599854E1,-8.5E-1));
#9902=DIRECTION('',(0.E0,-1.E0,0.E0));
#9903=DIRECTION('',(0.E0,0.E0,1.E0));
#9904=AXIS2_PLACEMENT_3D('',#9901,#9902,#9903);
#9905=CYLINDRICAL_SURFACE('',#9904,1.5E-1);
#9906=ORIENTED_EDGE('',*,*,#9893,.F.);
#9907=ORIENTED_EDGE('',*,*,#5989,.T.);
#9908=ORIENTED_EDGE('',*,*,#6143,.T.);
#9909=ORIENTED_EDGE('',*,*,#6193,.T.);
#9910=EDGE_LOOP('',(#9906,#9907,#9908,#9909));
#9911=FACE_OUTER_BOUND('',#9910,.F.);
#9913=CARTESIAN_POINT('',(-2.85E0,2.35E0,-1.2E0));
#9914=DIRECTION('',(-1.E0,0.E0,0.E0));
#9915=DIRECTION('',(0.E0,0.E0,1.E0));
#9916=AXIS2_PLACEMENT_3D('',#9913,#9914,#9915);
#9917=PLANE('',#9916);
#9919=ORIENTED_EDGE('',*,*,#9918,.T.);
#9920=ORIENTED_EDGE('',*,*,#6197,.T.);
#9922=ORIENTED_EDGE('',*,*,#9921,.F.);
#9923=ORIENTED_EDGE('',*,*,#5957,.F.);
#9924=EDGE_LOOP('',(#9919,#9920,#9922,#9923));
#9925=FACE_OUTER_BOUND('',#9924,.F.);
#9927=CARTESIAN_POINT('',(-2.7E0,1.444799599854E1,-1.090192378865E0));
#9928=DIRECTION('',(0.E0,-1.E0,0.E0));
#9929=DIRECTION('',(-1.E0,0.E0,0.E0));
#9930=AXIS2_PLACEMENT_3D('',#9927,#9928,#9929);
#9931=CYLINDRICAL_SURFACE('',#9930,1.5E-1);
#9932=ORIENTED_EDGE('',*,*,#9918,.F.);
#9933=ORIENTED_EDGE('',*,*,#5955,.T.);
#9935=ORIENTED_EDGE('',*,*,#9934,.T.);
#9936=ORIENTED_EDGE('',*,*,#6199,.T.);
#9937=EDGE_LOOP('',(#9932,#9933,#9935,#9936));
#9938=FACE_OUTER_BOUND('',#9937,.F.);
#9940=CARTESIAN_POINT('',(-2.85E0,1.444799599854E1,-1.35E0));
#9941=DIRECTION('',(0.E0,-1.E0,0.E0));
#9942=DIRECTION('',(1.E0,0.E0,0.E0));
#9943=AXIS2_PLACEMENT_3D('',#9940,#9941,#9942);
#9944=CYLINDRICAL_SURFACE('',#9943,1.5E-1);
#9945=ORIENTED_EDGE('',*,*,#9934,.F.);
#9946=ORIENTED_EDGE('',*,*,#5953,.T.);
#9948=ORIENTED_EDGE('',*,*,#9947,.T.);
#9949=ORIENTED_EDGE('',*,*,#6201,.T.);
#9950=EDGE_LOOP('',(#9945,#9946,#9948,#9949));
#9951=FACE_OUTER_BOUND('',#9950,.F.);
#9953=CARTESIAN_POINT('',(-2.7E0,2.35E0,-2.4E0));
#9954=DIRECTION('',(-1.E0,0.E0,0.E0));
#9955=DIRECTION('',(0.E0,0.E0,1.E0));
#9956=AXIS2_PLACEMENT_3D('',#9953,#9954,#9955);
#9957=PLANE('',#9956);
#9958=ORIENTED_EDGE('',*,*,#9947,.F.);
#9959=ORIENTED_EDGE('',*,*,#5979,.F.);
#9961=ORIENTED_EDGE('',*,*,#9960,.T.);
#9962=ORIENTED_EDGE('',*,*,#6203,.T.);
#9963=EDGE_LOOP('',(#9958,#9959,#9961,#9962));
#9964=FACE_OUTER_BOUND('',#9963,.F.);
#9966=CARTESIAN_POINT('',(-2.55E0,1.444799599854E1,-2.25E0));
#9967=DIRECTION('',(0.E0,-1.E0,0.E0));
#9968=DIRECTION('',(-1.E0,0.E0,0.E0));
#9969=AXIS2_PLACEMENT_3D('',#9966,#9967,#9968);
#9970=CYLINDRICAL_SURFACE('',#9969,1.5E-1);
#9971=ORIENTED_EDGE('',*,*,#9960,.F.);
#9972=ORIENTED_EDGE('',*,*,#5977,.T.);
#9974=ORIENTED_EDGE('',*,*,#9973,.T.);
#9975=ORIENTED_EDGE('',*,*,#6205,.T.);
#9976=EDGE_LOOP('',(#9971,#9972,#9974,#9975));
#9977=FACE_OUTER_BOUND('',#9976,.F.);
#9979=CARTESIAN_POINT('',(-2.05E0,2.35E0,-2.4E0));
#9980=DIRECTION('',(0.E0,0.E0,-1.E0));
#9981=DIRECTION('',(-1.E0,0.E0,0.E0));
#9982=AXIS2_PLACEMENT_3D('',#9979,#9980,#9981);
#9983=PLANE('',#9982);
#9984=ORIENTED_EDGE('',*,*,#9973,.F.);
#9985=ORIENTED_EDGE('',*,*,#5975,.F.);
#9987=ORIENTED_EDGE('',*,*,#9986,.T.);
#9988=ORIENTED_EDGE('',*,*,#6207,.T.);
#9989=EDGE_LOOP('',(#9984,#9985,#9987,#9988));
#9990=FACE_OUTER_BOUND('',#9989,.F.);
#9992=CARTESIAN_POINT('',(-2.2E0,1.444799599854E1,-2.25E0));
#9993=DIRECTION('',(0.E0,-1.E0,0.E0));
#9994=DIRECTION('',(0.E0,0.E0,-1.E0));
#9995=AXIS2_PLACEMENT_3D('',#9992,#9993,#9994);
#9996=CYLINDRICAL_SURFACE('',#9995,1.5E-1);
#9997=ORIENTED_EDGE('',*,*,#9986,.F.);
#9998=ORIENTED_EDGE('',*,*,#5973,.T.);
#10000=ORIENTED_EDGE('',*,*,#9999,.T.);
#10001=ORIENTED_EDGE('',*,*,#6209,.T.);
#10002=EDGE_LOOP('',(#9997,#9998,#10000,#10001));
#10003=FACE_OUTER_BOUND('',#10002,.F.);
#10005=CARTESIAN_POINT('',(-2.05E0,2.35E0,-1.2E0));
#10006=DIRECTION('',(1.E0,0.E0,0.E0));
#10007=DIRECTION('',(0.E0,0.E0,-1.E0));
#10008=AXIS2_PLACEMENT_3D('',#10005,#10006,#10007);
#10009=PLANE('',#10008);
#10011=ORIENTED_EDGE('',*,*,#10010,.F.);
#10012=ORIENTED_EDGE('',*,*,#6211,.T.);
#10013=ORIENTED_EDGE('',*,*,#9999,.F.);
#10014=ORIENTED_EDGE('',*,*,#5971,.F.);
#10015=EDGE_LOOP('',(#10011,#10012,#10013,#10014));
#10016=FACE_OUTER_BOUND('',#10015,.F.);
#10018=CARTESIAN_POINT('',(-1.9E0,-1.262058664854E1,-1.35E0));
#10019=DIRECTION('',(0.E0,1.E0,0.E0));
#10020=DIRECTION('',(-1.E0,0.E0,0.E0));
#10021=AXIS2_PLACEMENT_3D('',#10018,#10019,#10020);
#10022=CYLINDRICAL_SURFACE('',#10021,1.5E-1);
#10024=ORIENTED_EDGE('',*,*,#10023,.F.);
#10025=ORIENTED_EDGE('',*,*,#6213,.T.);
#10026=ORIENTED_EDGE('',*,*,#10010,.T.);
#10027=ORIENTED_EDGE('',*,*,#5969,.T.);
#10028=EDGE_LOOP('',(#10024,#10025,#10026,#10027));
#10029=FACE_OUTER_BOUND('',#10028,.F.);
#10031=CARTESIAN_POINT('',(-2.05E0,-1.262058664854E1,-1.090192378865E0));
#10032=DIRECTION('',(0.E0,1.E0,0.E0));
#10033=DIRECTION('',(1.E0,0.E0,0.E0));
#10034=AXIS2_PLACEMENT_3D('',#10031,#10032,#10033);
#10035=CYLINDRICAL_SURFACE('',#10034,1.5E-1);
#10037=ORIENTED_EDGE('',*,*,#10036,.F.);
#10038=ORIENTED_EDGE('',*,*,#6215,.T.);
#10039=ORIENTED_EDGE('',*,*,#10023,.T.);
#10040=ORIENTED_EDGE('',*,*,#5967,.T.);
#10041=EDGE_LOOP('',(#10037,#10038,#10039,#10040));
#10042=FACE_OUTER_BOUND('',#10041,.F.);
#10044=CARTESIAN_POINT('',(-1.9E0,2.35E0,-7.E-1));
#10045=DIRECTION('',(1.E0,0.E0,0.E0));
#10046=DIRECTION('',(0.E0,0.E0,-1.E0));
#10047=AXIS2_PLACEMENT_3D('',#10044,#10045,#10046);
#10048=PLANE('',#10047);
#10049=ORIENTED_EDGE('',*,*,#10036,.T.);
#10050=ORIENTED_EDGE('',*,*,#5965,.F.);
#10052=ORIENTED_EDGE('',*,*,#10051,.T.);
#10053=ORIENTED_EDGE('',*,*,#6217,.T.);
#10054=EDGE_LOOP('',(#10049,#10050,#10052,#10053));
#10055=FACE_OUTER_BOUND('',#10054,.F.);
#10057=CARTESIAN_POINT('',(-2.05E0,1.444799599854E1,-8.5E-1));
#10058=DIRECTION('',(0.E0,-1.E0,0.E0));
#10059=DIRECTION('',(1.E0,0.E0,0.E0));
#10060=AXIS2_PLACEMENT_3D('',#10057,#10058,#10059);
#10061=CYLINDRICAL_SURFACE('',#10060,1.5E-1);
#10062=ORIENTED_EDGE('',*,*,#10051,.F.);
#10063=ORIENTED_EDGE('',*,*,#5963,.T.);
#10065=ORIENTED_EDGE('',*,*,#10064,.T.);
#10066=ORIENTED_EDGE('',*,*,#6219,.T.);
#10067=EDGE_LOOP('',(#10062,#10063,#10065,#10066));
#10068=FACE_OUTER_BOUND('',#10067,.F.);
#10070=CARTESIAN_POINT('',(-2.85E0,2.35E0,-7.E-1));
#10071=DIRECTION('',(0.E0,0.E0,1.E0));
#10072=DIRECTION('',(1.E0,0.E0,0.E0));
#10073=AXIS2_PLACEMENT_3D('',#10070,#10071,#10072);
#10074=PLANE('',#10073);
#10076=ORIENTED_EDGE('',*,*,#10075,.T.);
#10077=ORIENTED_EDGE('',*,*,#6221,.T.);
#10078=ORIENTED_EDGE('',*,*,#10064,.F.);
#10079=ORIENTED_EDGE('',*,*,#5961,.F.);
#10080=EDGE_LOOP('',(#10076,#10077,#10078,#10079));
#10081=FACE_OUTER_BOUND('',#10080,.F.);
#10083=CARTESIAN_POINT('',(-2.7E0,1.444799599854E1,-8.5E-1));
#10084=DIRECTION('',(0.E0,-1.E0,0.E0));
#10085=DIRECTION('',(0.E0,0.E0,1.E0));
#10086=AXIS2_PLACEMENT_3D('',#10083,#10084,#10085);
#10087=CYLINDRICAL_SURFACE('',#10086,1.5E-1);
#10088=ORIENTED_EDGE('',*,*,#10075,.F.);
#10089=ORIENTED_EDGE('',*,*,#5959,.T.);
#10090=ORIENTED_EDGE('',*,*,#9921,.T.);
#10091=ORIENTED_EDGE('',*,*,#6223,.T.);
#10092=EDGE_LOOP('',(#10088,#10089,#10090,#10091));
#10093=FACE_OUTER_BOUND('',#10092,.F.);
#10095=CARTESIAN_POINT('',(3.2E0,1.85E0,0.E0));
#10096=DIRECTION('',(0.E0,0.E0,1.E0));
#10097=DIRECTION('',(1.E0,0.E0,0.E0));
#10098=AXIS2_PLACEMENT_3D('',#10095,#10096,#10097);
#10099=CYLINDRICAL_SURFACE('',#10098,5.E-1);
#10100=ORIENTED_EDGE('',*,*,#5906,.F.);
#10101=ORIENTED_EDGE('',*,*,#5853,.T.);
#10102=ORIENTED_EDGE('',*,*,#5760,.F.);
#10104=ORIENTED_EDGE('',*,*,#10103,.T.);
#10105=ORIENTED_EDGE('',*,*,#5557,.T.);
#10106=ORIENTED_EDGE('',*,*,#5429,.T.);
#10107=EDGE_LOOP('',(#10100,#10101,#10102,#10104,#10105,#10106));
#10108=FACE_OUTER_BOUND('',#10107,.F.);
#10110=CARTESIAN_POINT('',(3.45E0,1.20531255E0,-9.879320080019E-2));
#10111=DIRECTION('',(0.E0,0.E0,-1.E0));
#10112=DIRECTION('',(1.E0,0.E0,0.E0));
#10113=AXIS2_PLACEMENT_3D('',#10110,#10111,#10112);
#10114=PLANE('',#10113);
#10115=ORIENTED_EDGE('',*,*,#10103,.F.);
#10116=ORIENTED_EDGE('',*,*,#5758,.T.);
#10117=ORIENTED_EDGE('',*,*,#5559,.F.);
#10118=EDGE_LOOP('',(#10115,#10116,#10117));
#10119=FACE_OUTER_BOUND('',#10118,.F.);
#10121=CARTESIAN_POINT('',(-1.000246839840E0,2.35E0,-3.079286909465E0));
#10122=DIRECTION('',(0.E0,1.E0,0.E0));
#10123=DIRECTION('',(-1.E0,0.E0,0.E0));
#10124=AXIS2_PLACEMENT_3D('',#10121,#10122,#10123);
#10125=CYLINDRICAL_SURFACE('',#10124,3.854502E-2);
#10126=ORIENTED_EDGE('',*,*,#6013,.T.);
#10128=ORIENTED_EDGE('',*,*,#10127,.T.);
#10130=ORIENTED_EDGE('',*,*,#10129,.T.);
#10132=ORIENTED_EDGE('',*,*,#10131,.F.);
#10133=EDGE_LOOP('',(#10126,#10128,#10130,#10132));
#10134=FACE_OUTER_BOUND('',#10133,.F.);
#10136=CARTESIAN_POINT('',(-8.224607030866E-1,2.35E0,-3.040741889465E0));
#10137=DIRECTION('',(0.E0,0.E0,-1.E0));
#10138=DIRECTION('',(-1.E0,0.E0,0.E0));
#10139=AXIS2_PLACEMENT_3D('',#10136,#10137,#10138);
#10140=PLANE('',#10139);
#10141=ORIENTED_EDGE('',*,*,#6101,.F.);
#10143=ORIENTED_EDGE('',*,*,#10142,.T.);
#10145=ORIENTED_EDGE('',*,*,#10144,.T.);
#10146=ORIENTED_EDGE('',*,*,#10127,.F.);
#10147=EDGE_LOOP('',(#10141,#10143,#10145,#10146));
#10148=FACE_OUTER_BOUND('',#10147,.F.);
#10150=CARTESIAN_POINT('',(-8.481884009612E-1,2.35E0,-2.907975709465E0));
#10151=DIRECTION('',(9.817370361667E-1,0.E0,1.902429809971E-1));
#10152=DIRECTION('',(1.902429809971E-1,0.E0,-9.817370361667E-1));
#10153=AXIS2_PLACEMENT_3D('',#10150,#10151,#10152);
#10154=PLANE('',#10153);
#10155=ORIENTED_EDGE('',*,*,#6099,.F.);
#10157=ORIENTED_EDGE('',*,*,#10156,.T.);
#10159=ORIENTED_EDGE('',*,*,#10158,.T.);
#10160=ORIENTED_EDGE('',*,*,#10142,.F.);
#10161=EDGE_LOOP('',(#10155,#10157,#10159,#10160));
#10162=FACE_OUTER_BOUND('',#10161,.F.);
#10164=CARTESIAN_POINT('',(-1.026783098788E0,2.35E0,-2.907975709465E0));
#10165=DIRECTION('',(0.E0,0.E0,1.E0));
#10166=DIRECTION('',(1.E0,0.E0,0.E0));
#10167=AXIS2_PLACEMENT_3D('',#10164,#10165,#10166);
#10168=PLANE('',#10167);
#10169=ORIENTED_EDGE('',*,*,#6097,.F.);
#10171=ORIENTED_EDGE('',*,*,#10170,.T.);
#10173=ORIENTED_EDGE('',*,*,#10172,.T.);
#10174=ORIENTED_EDGE('',*,*,#10156,.F.);
#10175=EDGE_LOOP('',(#10169,#10171,#10173,#10174));
#10176=FACE_OUTER_BOUND('',#10175,.F.);
#10178=CARTESIAN_POINT('',(-1.026783098788E0,2.35E0,-2.852299569465E0));
#10179=DIRECTION('',(0.E0,1.E0,0.E0));
#10180=DIRECTION('',(-1.E0,0.E0,0.E0));
#10181=AXIS2_PLACEMENT_3D('',#10178,#10179,#10180);
#10182=CYLINDRICAL_SURFACE('',#10181,5.567614E-2);
#10183=ORIENTED_EDGE('',*,*,#6095,.T.);
#10185=ORIENTED_EDGE('',*,*,#10184,.T.);
#10187=ORIENTED_EDGE('',*,*,#10186,.T.);
#10188=ORIENTED_EDGE('',*,*,#10170,.F.);
#10189=EDGE_LOOP('',(#10183,#10185,#10187,#10188));
#10190=FACE_OUTER_BOUND('',#10189,.F.);
#10192=CARTESIAN_POINT('',(-1.105902960483E0,2.35E0,-2.736664509465E0));
#10193=DIRECTION('',(9.817370361667E-1,0.E0,1.902429809971E-1));
#10194=DIRECTION('',(1.902429809971E-1,0.E0,-9.817370361667E-1));
#10195=AXIS2_PLACEMENT_3D('',#10192,#10193,#10194);
#10196=PLANE('',#10195);
#10197=ORIENTED_EDGE('',*,*,#6093,.F.);
#10199=ORIENTED_EDGE('',*,*,#10198,.T.);
#10201=ORIENTED_EDGE('',*,*,#10200,.T.);
#10202=ORIENTED_EDGE('',*,*,#10184,.F.);
#10203=EDGE_LOOP('',(#10197,#10199,#10201,#10202));
#10204=FACE_OUTER_BOUND('',#10203,.F.);
#10206=CARTESIAN_POINT('',(-8.813854304768E-1,2.35E0,-2.736664509465E0));
#10207=DIRECTION('',(0.E0,0.E0,-1.E0));
#10208=DIRECTION('',(-1.E0,0.E0,0.E0));
#10209=AXIS2_PLACEMENT_3D('',#10206,#10207,#10208);
#10210=PLANE('',#10209);
#10211=ORIENTED_EDGE('',*,*,#6091,.F.);
#10213=ORIENTED_EDGE('',*,*,#10212,.T.);
#10215=ORIENTED_EDGE('',*,*,#10214,.T.);
#10216=ORIENTED_EDGE('',*,*,#10198,.F.);
#10217=EDGE_LOOP('',(#10211,#10213,#10215,#10216));
#10218=FACE_OUTER_BOUND('',#10217,.F.);
#10220=CARTESIAN_POINT('',(-9.071131283514E-1,2.35E0,-2.603898329465E0));
#10221=DIRECTION('',(9.817370361667E-1,0.E0,1.902429809971E-1));
#10222=DIRECTION('',(1.902429809971E-1,0.E0,-9.817370361667E-1));
#10223=AXIS2_PLACEMENT_3D('',#10220,#10221,#10222);
#10224=PLANE('',#10223);
#10225=ORIENTED_EDGE('',*,*,#6089,.F.);
#10227=ORIENTED_EDGE('',*,*,#10226,.T.);
#10229=ORIENTED_EDGE('',*,*,#10228,.T.);
#10230=ORIENTED_EDGE('',*,*,#10212,.F.);
#10231=EDGE_LOOP('',(#10225,#10227,#10229,#10230));
#10232=FACE_OUTER_BOUND('',#10231,.F.);
#10234=CARTESIAN_POINT('',(-1.168211484819E0,2.35E0,-2.603898329465E0));
#10235=DIRECTION('',(0.E0,0.E0,1.E0));
#10236=DIRECTION('',(1.E0,0.E0,0.E0));
#10237=AXIS2_PLACEMENT_3D('',#10234,#10235,#10236);
#10238=PLANE('',#10237);
#10239=ORIENTED_EDGE('',*,*,#6087,.F.);
#10241=ORIENTED_EDGE('',*,*,#10240,.T.);
#10243=ORIENTED_EDGE('',*,*,#10242,.T.);
#10244=ORIENTED_EDGE('',*,*,#10226,.F.);
#10245=EDGE_LOOP('',(#10239,#10241,#10243,#10244));
#10246=FACE_OUTER_BOUND('',#10245,.F.);
#10248=CARTESIAN_POINT('',(-1.168211484819E0,2.35E0,-2.685271149465E0));
#10249=DIRECTION('',(0.E0,1.E0,0.E0));
#10250=DIRECTION('',(-1.E0,0.E0,0.E0));
#10251=AXIS2_PLACEMENT_3D('',#10248,#10249,#10250);
#10252=CYLINDRICAL_SURFACE('',#10251,8.137282E-2);
#10253=ORIENTED_EDGE('',*,*,#6085,.F.);
#10255=ORIENTED_EDGE('',*,*,#10254,.T.);
#10257=ORIENTED_EDGE('',*,*,#10256,.T.);
#10258=ORIENTED_EDGE('',*,*,#10240,.F.);
#10259=EDGE_LOOP('',(#10253,#10255,#10257,#10258));
#10260=FACE_OUTER_BOUND('',#10259,.F.);
#10262=CARTESIAN_POINT('',(-1.215100287819E0,2.35E0,-2.871035403830E0));
#10263=DIRECTION('',(-9.817370361667E-1,0.E0,-1.902429809971E-1));
#10264=DIRECTION('',(-1.902429809971E-1,0.E0,9.817370361667E-1));
#10265=AXIS2_PLACEMENT_3D('',#10262,#10263,#10264);
#10266=PLANE('',#10265);
#10267=ORIENTED_EDGE('',*,*,#6083,.F.);
#10269=ORIENTED_EDGE('',*,*,#10268,.T.);
#10271=ORIENTED_EDGE('',*,*,#10270,.T.);
#10272=ORIENTED_EDGE('',*,*,#10254,.F.);
#10273=EDGE_LOOP('',(#10267,#10269,#10271,#10272));
#10274=FACE_OUTER_BOUND('',#10273,.F.);
#10276=CARTESIAN_POINT('',(-1.089985960213E0,2.35E0,-2.972217409465E0));
#10277=DIRECTION('',(-6.288188809351E-1,0.E0,-7.775518085501E-1));
#10278=DIRECTION('',(-7.775518085501E-1,0.E0,6.288188809351E-1));
#10279=AXIS2_PLACEMENT_3D('',#10276,#10277,#10278);
#10280=PLANE('',#10279);
#10281=ORIENTED_EDGE('',*,*,#6081,.F.);
#10283=ORIENTED_EDGE('',*,*,#10282,.T.);
#10285=ORIENTED_EDGE('',*,*,#10284,.T.);
#10286=ORIENTED_EDGE('',*,*,#10268,.F.);
#10287=EDGE_LOOP('',(#10281,#10283,#10285,#10286));
#10288=FACE_OUTER_BOUND('',#10287,.F.);
#10290=CARTESIAN_POINT('',(-1.174129939644E0,2.35E0,-3.082460329877E0));
#10291=DIRECTION('',(-7.949122119128E-1,0.E0,6.067244641119E-1));
#10292=DIRECTION('',(6.067244641119E-1,0.E0,7.949122119128E-1));
#10293=AXIS2_PLACEMENT_3D('',#10290,#10291,#10292);
#10294=PLANE('',#10293);
#10295=ORIENTED_EDGE('',*,*,#6079,.F.);
#10297=ORIENTED_EDGE('',*,*,#10296,.T.);
#10299=ORIENTED_EDGE('',*,*,#10298,.T.);
#10300=ORIENTED_EDGE('',*,*,#10282,.F.);
#10301=EDGE_LOOP('',(#10295,#10297,#10299,#10300));
#10302=FACE_OUTER_BOUND('',#10301,.F.);
#10304=CARTESIAN_POINT('',(-1.125188210731E0,2.35E0,-3.335021068973E0));
#10305=DIRECTION('',(-9.817370361667E-1,0.E0,-1.902429809971E-1));
#10306=DIRECTION('',(-1.902429809971E-1,0.E0,9.817370361667E-1));
#10307=AXIS2_PLACEMENT_3D('',#10304,#10305,#10306);
#10308=PLANE('',#10307);
#10309=ORIENTED_EDGE('',*,*,#6077,.F.);
#10311=ORIENTED_EDGE('',*,*,#10310,.T.);
#10313=ORIENTED_EDGE('',*,*,#10312,.T.);
#10314=ORIENTED_EDGE('',*,*,#10296,.F.);
#10315=EDGE_LOOP('',(#10309,#10311,#10313,#10314));
#10316=FACE_OUTER_BOUND('',#10315,.F.);
#10318=CARTESIAN_POINT('',(-1.087347137037E0,2.35E0,-3.327688149465E0));
#10319=DIRECTION('',(0.E0,1.E0,0.E0));
#10320=DIRECTION('',(-1.E0,0.E0,0.E0));
#10321=AXIS2_PLACEMENT_3D('',#10318,#10319,#10320);
#10322=CYLINDRICAL_SURFACE('',#10321,3.854502E-2);
#10323=ORIENTED_EDGE('',*,*,#6075,.F.);
#10325=ORIENTED_EDGE('',*,*,#10324,.T.);
#10327=ORIENTED_EDGE('',*,*,#10326,.T.);
#10328=ORIENTED_EDGE('',*,*,#10310,.F.);
#10329=EDGE_LOOP('',(#10323,#10325,#10327,#10328));
#10330=FACE_OUTER_BOUND('',#10329,.F.);
#10332=CARTESIAN_POINT('',(-2.696554430619E-1,2.35E0,-3.366233169465E0));
#10333=DIRECTION('',(0.E0,0.E0,-1.E0));
#10334=DIRECTION('',(-1.E0,0.E0,0.E0));
#10335=AXIS2_PLACEMENT_3D('',#10332,#10333,#10334);
#10336=PLANE('',#10335);
#10337=ORIENTED_EDGE('',*,*,#6073,.F.);
#10339=ORIENTED_EDGE('',*,*,#10338,.T.);
#10341=ORIENTED_EDGE('',*,*,#10340,.T.);
#10342=ORIENTED_EDGE('',*,*,#10324,.F.);
#10343=EDGE_LOOP('',(#10337,#10339,#10341,#10342));
#10344=FACE_OUTER_BOUND('',#10343,.F.);
#10346=CARTESIAN_POINT('',(-8.693564840857E-2,2.35E0,-2.997500390031E0));
#10347=DIRECTION('',(8.960219558486E-1,0.E0,-4.440097461062E-1));
#10348=DIRECTION('',(-4.440097461062E-1,0.E0,-8.960219558486E-1));
#10349=AXIS2_PLACEMENT_3D('',#10346,#10347,#10348);
#10350=PLANE('',#10349);
#10351=ORIENTED_EDGE('',*,*,#6071,.F.);
#10353=ORIENTED_EDGE('',*,*,#10352,.T.);
#10355=ORIENTED_EDGE('',*,*,#10354,.T.);
#10356=ORIENTED_EDGE('',*,*,#10338,.F.);
#10357=EDGE_LOOP('',(#10351,#10353,#10355,#10356));
#10358=FACE_OUTER_BOUND('',#10357,.F.);
#10360=CARTESIAN_POINT('',(-1.431331202154E-2,2.35E0,-3.059132204920E0));
#10361=DIRECTION('',(-6.470559615695E-1,0.E0,-7.624425110114E-1));
#10362=DIRECTION('',(-7.624425110114E-1,0.E0,6.470559615695E-1));
#10363=AXIS2_PLACEMENT_3D('',#10360,#10361,#10362);
#10364=PLANE('',#10363);
#10365=ORIENTED_EDGE('',*,*,#6069,.F.);
#10367=ORIENTED_EDGE('',*,*,#10366,.T.);
#10369=ORIENTED_EDGE('',*,*,#10368,.T.);
#10370=ORIENTED_EDGE('',*,*,#10352,.F.);
#10371=EDGE_LOOP('',(#10365,#10367,#10369,#10370));
#10372=FACE_OUTER_BOUND('',#10371,.F.);
#10374=CARTESIAN_POINT('',(4.519733167406E-2,2.35E0,-3.366233169465E0));
#10375=DIRECTION('',(-9.817370361667E-1,0.E0,-1.902429809971E-1));
#10376=DIRECTION('',(-1.902429809971E-1,0.E0,9.817370361667E-1));
#10377=AXIS2_PLACEMENT_3D('',#10374,#10375,#10376);
#10378=PLANE('',#10377);
#10379=ORIENTED_EDGE('',*,*,#6067,.F.);
#10381=ORIENTED_EDGE('',*,*,#10380,.T.);
#10383=ORIENTED_EDGE('',*,*,#10382,.T.);
#10384=ORIENTED_EDGE('',*,*,#10366,.F.);
#10385=EDGE_LOOP('',(#10379,#10381,#10383,#10384));
#10386=FACE_OUTER_BOUND('',#10385,.F.);
#10388=CARTESIAN_POINT('',(1.779635116741E-1,2.35E0,-3.366233169465E0));
#10389=DIRECTION('',(0.E0,0.E0,-1.E0));
#10390=DIRECTION('',(-1.E0,0.E0,0.E0));
#10391=AXIS2_PLACEMENT_3D('',#10388,#10389,#10390);
#10392=PLANE('',#10391);
#10393=ORIENTED_EDGE('',*,*,#6065,.F.);
#10395=ORIENTED_EDGE('',*,*,#10394,.T.);
#10397=ORIENTED_EDGE('',*,*,#10396,.T.);
#10398=ORIENTED_EDGE('',*,*,#10380,.F.);
#10399=EDGE_LOOP('',(#10393,#10395,#10397,#10398));
#10400=FACE_OUTER_BOUND('',#10399,.F.);
#10402=CARTESIAN_POINT('',(3.687613623274E-2,2.35E0,-2.638160569465E0));
#10403=DIRECTION('',(9.817370361667E-1,0.E0,1.902429809971E-1));
#10404=DIRECTION('',(1.902429809971E-1,0.E0,-9.817370361667E-1));
#10405=AXIS2_PLACEMENT_3D('',#10402,#10403,#10404);
#10406=PLANE('',#10405);
#10407=ORIENTED_EDGE('',*,*,#6063,.F.);
#10409=ORIENTED_EDGE('',*,*,#10408,.T.);
#10411=ORIENTED_EDGE('',*,*,#10410,.T.);
#10412=ORIENTED_EDGE('',*,*,#10394,.F.);
#10413=EDGE_LOOP('',(#10407,#10409,#10411,#10412));
#10414=FACE_OUTER_BOUND('',#10413,.F.);
#10416=CARTESIAN_POINT('',(2.381667962327E-1,2.35E0,-2.638160569465E0));
#10417=DIRECTION('',(0.E0,0.E0,-1.E0));
#10418=DIRECTION('',(-1.E0,0.E0,0.E0));
#10419=AXIS2_PLACEMENT_3D('',#10416,#10417,#10418);
#10420=PLANE('',#10419);
#10421=ORIENTED_EDGE('',*,*,#6061,.F.);
#10423=ORIENTED_EDGE('',*,*,#10422,.T.);
#10425=ORIENTED_EDGE('',*,*,#10424,.T.);
#10426=ORIENTED_EDGE('',*,*,#10408,.F.);
#10427=EDGE_LOOP('',(#10421,#10423,#10425,#10426));
#10428=FACE_OUTER_BOUND('',#10427,.F.);
#10430=CARTESIAN_POINT('',(5.005296575269E-1,2.35E0,-2.958591229288E0));
#10431=DIRECTION('',(-7.737296521243E-1,0.E0,-6.335159235754E-1));
#10432=DIRECTION('',(-6.335159235754E-1,0.E0,7.737296521243E-1));
#10433=AXIS2_PLACEMENT_3D('',#10430,#10431,#10432);
#10434=PLANE('',#10433);
#10435=ORIENTED_EDGE('',*,*,#6059,.F.);
#10437=ORIENTED_EDGE('',*,*,#10436,.T.);
#10439=ORIENTED_EDGE('',*,*,#10438,.T.);
#10440=ORIENTED_EDGE('',*,*,#10422,.F.);
#10441=EDGE_LOOP('',(#10435,#10437,#10439,#10440));
#10442=FACE_OUTER_BOUND('',#10441,.F.);
#10444=CARTESIAN_POINT('',(2.262957133086E-1,2.35E0,-3.366233169465E0));
#10445=DIRECTION('',(-8.297201366763E-1,0.E0,5.581796259216E-1));
#10446=DIRECTION('',(5.581796259216E-1,0.E0,8.297201366763E-1));
#10447=AXIS2_PLACEMENT_3D('',#10444,#10445,#10446);
#10448=PLANE('',#10447);
#10449=ORIENTED_EDGE('',*,*,#6057,.F.);
#10451=ORIENTED_EDGE('',*,*,#10450,.T.);
#10453=ORIENTED_EDGE('',*,*,#10452,.T.);
#10454=ORIENTED_EDGE('',*,*,#10436,.F.);
#10455=EDGE_LOOP('',(#10449,#10451,#10453,#10454));
#10456=FACE_OUTER_BOUND('',#10455,.F.);
#10458=CARTESIAN_POINT('',(3.890413533086E-1,2.35E0,-3.366233169465E0));
#10459=DIRECTION('',(0.E0,0.E0,-1.E0));
#10460=DIRECTION('',(-1.E0,0.E0,0.E0));
#10461=AXIS2_PLACEMENT_3D('',#10458,#10459,#10460);
#10462=PLANE('',#10461);
#10463=ORIENTED_EDGE('',*,*,#6055,.F.);
#10465=ORIENTED_EDGE('',*,*,#10464,.T.);
#10467=ORIENTED_EDGE('',*,*,#10466,.T.);
#10468=ORIENTED_EDGE('',*,*,#10450,.F.);
#10469=EDGE_LOOP('',(#10463,#10465,#10467,#10468));
#10470=FACE_OUTER_BOUND('',#10469,.F.);
#10472=CARTESIAN_POINT('',(5.898705321087E-1,2.35E0,-3.067705588120E0));
#10473=DIRECTION('',(8.297201366763E-1,0.E0,-5.581796259216E-1));
#10474=DIRECTION('',(-5.581796259216E-1,0.E0,-8.297201366763E-1));
#10475=AXIS2_PLACEMENT_3D('',#10472,#10473,#10474);
#10476=PLANE('',#10475);
#10477=ORIENTED_EDGE('',*,*,#6053,.F.);
#10479=ORIENTED_EDGE('',*,*,#10478,.T.);
#10481=ORIENTED_EDGE('',*,*,#10480,.T.);
#10482=ORIENTED_EDGE('',*,*,#10464,.F.);
#10483=EDGE_LOOP('',(#10477,#10479,#10481,#10482));
#10484=FACE_OUTER_BOUND('',#10483,.F.);
#10486=CARTESIAN_POINT('',(8.342995466741E-1,2.35E0,-3.366233169465E0));
#10487=DIRECTION('',(-7.737296521243E-1,0.E0,-6.335159235754E-1));
#10488=DIRECTION('',(-6.335159235754E-1,0.E0,7.737296521243E-1));
#10489=AXIS2_PLACEMENT_3D('',#10486,#10487,#10488);
#10490=PLANE('',#10489);
#10491=ORIENTED_EDGE('',*,*,#6051,.F.);
#10493=ORIENTED_EDGE('',*,*,#10492,.T.);
#10495=ORIENTED_EDGE('',*,*,#10494,.T.);
#10496=ORIENTED_EDGE('',*,*,#10478,.F.);
#10497=EDGE_LOOP('',(#10491,#10493,#10495,#10496));
#10498=FACE_OUTER_BOUND('',#10497,.F.);
#10500=CARTESIAN_POINT('',(1.005610746674E0,2.35E0,-3.366233169465E0));
#10501=DIRECTION('',(0.E0,0.E0,-1.E0));
#10502=DIRECTION('',(-1.E0,0.E0,0.E0));
#10503=AXIS2_PLACEMENT_3D('',#10500,#10501,#10502);
#10504=PLANE('',#10503);
#10505=ORIENTED_EDGE('',*,*,#6049,.F.);
#10507=ORIENTED_EDGE('',*,*,#10506,.T.);
#10509=ORIENTED_EDGE('',*,*,#10508,.T.);
#10510=ORIENTED_EDGE('',*,*,#10492,.F.);
#10511=EDGE_LOOP('',(#10505,#10507,#10509,#10510));
#10512=FACE_OUTER_BOUND('',#10511,.F.);
#10514=CARTESIAN_POINT('',(6.671387062331E-1,2.35E0,-2.952848368297E0));
#10515=DIRECTION('',(7.737296521243E-1,0.E0,6.335159235754E-1));
#10516=DIRECTION('',(6.335159235754E-1,0.E0,-7.737296521243E-1));
#10517=AXIS2_PLACEMENT_3D('',#10514,#10515,#10516);
#10518=PLANE('',#10517);
#10519=ORIENTED_EDGE('',*,*,#6047,.F.);
#10521=ORIENTED_EDGE('',*,*,#10520,.T.);
#10523=ORIENTED_EDGE('',*,*,#10522,.T.);
#10524=ORIENTED_EDGE('',*,*,#10506,.F.);
#10525=EDGE_LOOP('',(#10519,#10521,#10523,#10524));
#10526=FACE_OUTER_BOUND('',#10525,.F.);
#10528=CARTESIAN_POINT('',(9.018887063001E-1,2.35E0,-2.603898329465E0));
#10529=DIRECTION('',(8.297201366763E-1,0.E0,-5.581796259215E-1));
#10530=DIRECTION('',(-5.581796259215E-1,0.E0,-8.297201366763E-1));
#10531=AXIS2_PLACEMENT_3D('',#10528,#10529,#10530);
#10532=PLANE('',#10531);
#10533=ORIENTED_EDGE('',*,*,#6045,.F.);
#10535=ORIENTED_EDGE('',*,*,#10534,.T.);
#10537=ORIENTED_EDGE('',*,*,#10536,.T.);
#10538=ORIENTED_EDGE('',*,*,#10520,.F.);
#10539=EDGE_LOOP('',(#10533,#10535,#10537,#10538));
#10540=FACE_OUTER_BOUND('',#10539,.F.);
#10542=CARTESIAN_POINT('',(7.391430663001E-1,2.35E0,-2.603898329465E0));
#10543=DIRECTION('',(0.E0,0.E0,1.E0));
#10544=DIRECTION('',(1.E0,0.E0,0.E0));
#10545=AXIS2_PLACEMENT_3D('',#10542,#10543,#10544);
#10546=PLANE('',#10545);
#10547=ORIENTED_EDGE('',*,*,#6043,.F.);
#10549=ORIENTED_EDGE('',*,*,#10548,.T.);
#10551=ORIENTED_EDGE('',*,*,#10550,.T.);
#10552=ORIENTED_EDGE('',*,*,#10534,.F.);
#10553=EDGE_LOOP('',(#10547,#10549,#10551,#10552));
#10554=FACE_OUTER_BOUND('',#10553,.F.);
#10556=CARTESIAN_POINT('',(5.777978316513E-1,2.35E0,-2.843734009465E0));
#10557=DIRECTION('',(-8.297201366763E-1,0.E0,5.581796259215E-1));
#10558=DIRECTION('',(5.581796259215E-1,0.E0,8.297201366763E-1));
#10559=AXIS2_PLACEMENT_3D('',#10556,#10557,#10558);
#10560=PLANE('',#10559);
#10561=ORIENTED_EDGE('',*,*,#6041,.F.);
#10563=ORIENTED_EDGE('',*,*,#10562,.T.);
#10565=ORIENTED_EDGE('',*,*,#10564,.T.);
#10566=ORIENTED_EDGE('',*,*,#10548,.F.);
#10567=EDGE_LOOP('',(#10561,#10563,#10565,#10566));
#10568=FACE_OUTER_BOUND('',#10567,.F.);
#10570=CARTESIAN_POINT('',(3.814246903296E-1,2.35E0,-2.603898329465E0));
#10571=DIRECTION('',(7.737296521243E-1,0.E0,6.335159235754E-1));
#10572=DIRECTION('',(6.335159235754E-1,0.E0,-7.737296521243E-1));
#10573=AXIS2_PLACEMENT_3D('',#10570,#10571,#10572);
#10574=PLANE('',#10573);
#10575=ORIENTED_EDGE('',*,*,#6039,.F.);
#10577=ORIENTED_EDGE('',*,*,#10576,.T.);
#10579=ORIENTED_EDGE('',*,*,#10578,.T.);
#10580=ORIENTED_EDGE('',*,*,#10562,.F.);
#10581=EDGE_LOOP('',(#10575,#10577,#10579,#10580));
#10582=FACE_OUTER_BOUND('',#10581,.F.);
#10584=CARTESIAN_POINT('',(-1.025294496704E-1,2.35E0,-2.603898329465E0));
#10585=DIRECTION('',(0.E0,0.E0,1.E0));
#10586=DIRECTION('',(1.E0,0.E0,0.E0));
#10587=AXIS2_PLACEMENT_3D('',#10584,#10585,#10586);
#10588=PLANE('',#10587);
#10589=ORIENTED_EDGE('',*,*,#6037,.F.);
#10591=ORIENTED_EDGE('',*,*,#10590,.T.);
#10593=ORIENTED_EDGE('',*,*,#10592,.T.);
#10594=ORIENTED_EDGE('',*,*,#10576,.F.);
#10595=EDGE_LOOP('',(#10589,#10591,#10593,#10594));
#10596=FACE_OUTER_BOUND('',#10595,.F.);
#10598=CARTESIAN_POINT('',(-5.477514819300E-2,2.35E0,-2.850331423348E0));
#10599=DIRECTION('',(-9.817370361667E-1,0.E0,-1.902429809971E-1));
#10600=DIRECTION('',(-1.902429809971E-1,0.E0,9.817370361667E-1));
#10601=AXIS2_PLACEMENT_3D('',#10598,#10599,#10600);
#10602=PLANE('',#10601);
#10603=ORIENTED_EDGE('',*,*,#6035,.F.);
#10605=ORIENTED_EDGE('',*,*,#10604,.T.);
#10607=ORIENTED_EDGE('',*,*,#10606,.T.);
#10608=ORIENTED_EDGE('',*,*,#10590,.F.);
#10609=EDGE_LOOP('',(#10603,#10605,#10607,#10608));
#10610=FACE_OUTER_BOUND('',#10609,.F.);
#10612=CARTESIAN_POINT('',(-3.451535359304E-1,2.35E0,-2.603898329465E0));
#10613=DIRECTION('',(6.470559615694E-1,0.E0,7.624425110114E-1));
#10614=DIRECTION('',(7.624425110114E-1,0.E0,-6.470559615694E-1));
#10615=AXIS2_PLACEMENT_3D('',#10612,#10613,#10614);
#10616=PLANE('',#10615);
#10617=ORIENTED_EDGE('',*,*,#6033,.F.);
#10619=ORIENTED_EDGE('',*,*,#10618,.T.);
#10621=ORIENTED_EDGE('',*,*,#10620,.T.);
#10622=ORIENTED_EDGE('',*,*,#10604,.F.);
#10623=EDGE_LOOP('',(#10617,#10619,#10621,#10622));
#10624=FACE_OUTER_BOUND('',#10623,.F.);
#10626=CARTESIAN_POINT('',(-5.507269759304E-1,2.35E0,-2.603898329465E0));
#10627=DIRECTION('',(0.E0,0.E0,1.E0));
#10628=DIRECTION('',(1.E0,0.E0,0.E0));
#10629=AXIS2_PLACEMENT_3D('',#10626,#10627,#10628);
#10630=PLANE('',#10629);
#10631=ORIENTED_EDGE('',*,*,#6031,.F.);
#10633=ORIENTED_EDGE('',*,*,#10632,.T.);
#10635=ORIENTED_EDGE('',*,*,#10634,.T.);
#10636=ORIENTED_EDGE('',*,*,#10618,.F.);
#10637=EDGE_LOOP('',(#10631,#10633,#10635,#10636));
#10638=FACE_OUTER_BOUND('',#10637,.F.);
#10640=CARTESIAN_POINT('',(-1.912430103417E-1,2.35E0,-2.908978699019E0));
#10641=DIRECTION('',(-6.470559615694E-1,0.E0,-7.624425110114E-1));
#10642=DIRECTION('',(-7.624425110114E-1,0.E0,6.470559615694E-1));
#10643=AXIS2_PLACEMENT_3D('',#10640,#10641,#10642);
#10644=PLANE('',#10643);
#10645=ORIENTED_EDGE('',*,*,#6029,.F.);
#10647=ORIENTED_EDGE('',*,*,#10646,.T.);
#10649=ORIENTED_EDGE('',*,*,#10648,.T.);
#10650=ORIENTED_EDGE('',*,*,#10632,.F.);
#10651=EDGE_LOOP('',(#10645,#10647,#10649,#10650));
#10652=FACE_OUTER_BOUND('',#10651,.F.);
#10654=CARTESIAN_POINT('',(-4.029724971779E-1,2.35E0,-3.336253709465E0));
#10655=DIRECTION('',(-8.960219558486E-1,0.E0,4.440097461062E-1));
#10656=DIRECTION('',(4.440097461062E-1,0.E0,8.960219558486E-1));
#10657=AXIS2_PLACEMENT_3D('',#10654,#10655,#10656);
#10658=PLANE('',#10657);
#10659=ORIENTED_EDGE('',*,*,#6027,.F.);
#10661=ORIENTED_EDGE('',*,*,#10660,.T.);
#10663=ORIENTED_EDGE('',*,*,#10662,.T.);
#10664=ORIENTED_EDGE('',*,*,#10646,.F.);
#10665=EDGE_LOOP('',(#10659,#10661,#10663,#10664));
#10666=FACE_OUTER_BOUND('',#10665,.F.);
#10668=CARTESIAN_POINT('',(-4.971936571779E-1,2.35E0,-3.336253709465E0));
#10669=DIRECTION('',(0.E0,0.E0,1.E0));
#10670=DIRECTION('',(1.E0,0.E0,0.E0));
#10671=AXIS2_PLACEMENT_3D('',#10668,#10669,#10670);
#10672=PLANE('',#10671);
#10673=ORIENTED_EDGE('',*,*,#6025,.F.);
#10675=ORIENTED_EDGE('',*,*,#10674,.T.);
#10677=ORIENTED_EDGE('',*,*,#10676,.T.);
#10678=ORIENTED_EDGE('',*,*,#10660,.F.);
#10679=EDGE_LOOP('',(#10673,#10675,#10677,#10678));
#10680=FACE_OUTER_BOUND('',#10679,.F.);
#10682=CARTESIAN_POINT('',(-6.391109583572E-1,2.35E0,-2.603898329465E0));
#10683=DIRECTION('',(9.817370361667E-1,0.E0,1.902429809971E-1));
#10684=DIRECTION('',(1.902429809971E-1,0.E0,-9.817370361667E-1));
#10685=AXIS2_PLACEMENT_3D('',#10682,#10683,#10684);
#10686=PLANE('',#10685);
#10687=ORIENTED_EDGE('',*,*,#6023,.F.);
#10689=ORIENTED_EDGE('',*,*,#10688,.T.);
#10691=ORIENTED_EDGE('',*,*,#10690,.T.);
#10692=ORIENTED_EDGE('',*,*,#10674,.F.);
#10693=EDGE_LOOP('',(#10687,#10689,#10691,#10692));
#10694=FACE_OUTER_BOUND('',#10693,.F.);
#10696=CARTESIAN_POINT('',(-7.718771383572E-1,2.35E0,-2.603898329465E0));
#10697=DIRECTION('',(0.E0,0.E0,1.E0));
#10698=DIRECTION('',(1.E0,0.E0,0.E0));
#10699=AXIS2_PLACEMENT_3D('',#10696,#10697,#10698);
#10700=PLANE('',#10699);
#10701=ORIENTED_EDGE('',*,*,#6021,.F.);
#10703=ORIENTED_EDGE('',*,*,#10702,.T.);
#10705=ORIENTED_EDGE('',*,*,#10704,.T.);
#10706=ORIENTED_EDGE('',*,*,#10688,.F.);
#10707=EDGE_LOOP('',(#10701,#10703,#10705,#10706));
#10708=FACE_OUTER_BOUND('',#10707,.F.);
#10710=CARTESIAN_POINT('',(-6.498780548873E-1,2.35E0,-3.233466989465E0));
#10711=DIRECTION('',(-9.817370361667E-1,0.E0,-1.902429809971E-1));
#10712=DIRECTION('',(-1.902429809971E-1,0.E0,9.817370361667E-1));
#10713=AXIS2_PLACEMENT_3D('',#10710,#10711,#10712);
#10714=PLANE('',#10713);
#10715=ORIENTED_EDGE('',*,*,#6019,.F.);
#10717=ORIENTED_EDGE('',*,*,#10716,.T.);
#10719=ORIENTED_EDGE('',*,*,#10718,.T.);
#10720=ORIENTED_EDGE('',*,*,#10702,.F.);
#10721=EDGE_LOOP('',(#10715,#10717,#10719,#10720));
#10722=FACE_OUTER_BOUND('',#10721,.F.);
#10724=CARTESIAN_POINT('',(-1.009631574887E0,2.35E0,-3.233466989465E0));
#10725=DIRECTION('',(0.E0,0.E0,1.E0));
#10726=DIRECTION('',(1.E0,0.E0,0.E0));
#10727=AXIS2_PLACEMENT_3D('',#10724,#10725,#10726);
#10728=PLANE('',#10727);
#10729=ORIENTED_EDGE('',*,*,#6017,.F.);
#10731=ORIENTED_EDGE('',*,*,#10730,.T.);
#10733=ORIENTED_EDGE('',*,*,#10732,.T.);
#10734=ORIENTED_EDGE('',*,*,#10716,.F.);
#10735=EDGE_LOOP('',(#10729,#10731,#10733,#10734));
#10736=FACE_OUTER_BOUND('',#10735,.F.);
#10738=CARTESIAN_POINT('',(-1.038087913534E0,2.35E0,-3.086619828973E0));
#10739=DIRECTION('',(9.817370361667E-1,0.E0,1.902429809971E-1));
#10740=DIRECTION('',(1.902429809971E-1,0.E0,-9.817370361667E-1));
#10741=AXIS2_PLACEMENT_3D('',#10738,#10739,#10740);
#10742=PLANE('',#10741);
#10743=ORIENTED_EDGE('',*,*,#6015,.F.);
#10744=ORIENTED_EDGE('',*,*,#10131,.T.);
#10746=ORIENTED_EDGE('',*,*,#10745,.T.);
#10747=ORIENTED_EDGE('',*,*,#10730,.F.);
#10748=EDGE_LOOP('',(#10743,#10744,#10746,#10747));
#10749=FACE_OUTER_BOUND('',#10748,.F.);
#10751=CARTESIAN_POINT('',(0.E0,2.3E0,0.E0));
#10752=DIRECTION('',(0.E0,1.E0,0.E0));
#10753=DIRECTION('',(-1.E0,0.E0,0.E0));
#10754=AXIS2_PLACEMENT_3D('',#10751,#10752,#10753);
#10755=PLANE('',#10754);
#10756=ORIENTED_EDGE('',*,*,#10129,.F.);
#10757=ORIENTED_EDGE('',*,*,#10144,.F.);
#10758=ORIENTED_EDGE('',*,*,#10158,.F.);
#10759=ORIENTED_EDGE('',*,*,#10172,.F.);
#10760=ORIENTED_EDGE('',*,*,#10186,.F.);
#10761=ORIENTED_EDGE('',*,*,#10200,.F.);
#10762=ORIENTED_EDGE('',*,*,#10214,.F.);
#10763=ORIENTED_EDGE('',*,*,#10228,.F.);
#10764=ORIENTED_EDGE('',*,*,#10242,.F.);
#10765=ORIENTED_EDGE('',*,*,#10256,.F.);
#10766=ORIENTED_EDGE('',*,*,#10270,.F.);
#10767=ORIENTED_EDGE('',*,*,#10284,.F.);
#10768=ORIENTED_EDGE('',*,*,#10298,.F.);
#10769=ORIENTED_EDGE('',*,*,#10312,.F.);
#10770=ORIENTED_EDGE('',*,*,#10326,.F.);
#10771=ORIENTED_EDGE('',*,*,#10340,.F.);
#10772=ORIENTED_EDGE('',*,*,#10354,.F.);
#10773=ORIENTED_EDGE('',*,*,#10368,.F.);
#10774=ORIENTED_EDGE('',*,*,#10382,.F.);
#10775=ORIENTED_EDGE('',*,*,#10396,.F.);
#10776=ORIENTED_EDGE('',*,*,#10410,.F.);
#10777=ORIENTED_EDGE('',*,*,#10424,.F.);
#10778=ORIENTED_EDGE('',*,*,#10438,.F.);
#10779=ORIENTED_EDGE('',*,*,#10452,.F.);
#10780=ORIENTED_EDGE('',*,*,#10466,.F.);
#10781=ORIENTED_EDGE('',*,*,#10480,.F.);
#10782=ORIENTED_EDGE('',*,*,#10494,.F.);
#10783=ORIENTED_EDGE('',*,*,#10508,.F.);
#10784=ORIENTED_EDGE('',*,*,#10522,.F.);
#10785=ORIENTED_EDGE('',*,*,#10536,.F.);
#10786=ORIENTED_EDGE('',*,*,#10550,.F.);
#10787=ORIENTED_EDGE('',*,*,#10564,.F.);
#10788=ORIENTED_EDGE('',*,*,#10578,.F.);
#10789=ORIENTED_EDGE('',*,*,#10592,.F.);
#10790=ORIENTED_EDGE('',*,*,#10606,.F.);
#10791=ORIENTED_EDGE('',*,*,#10620,.F.);
#10792=ORIENTED_EDGE('',*,*,#10634,.F.);
#10793=ORIENTED_EDGE('',*,*,#10648,.F.);
#10794=ORIENTED_EDGE('',*,*,#10662,.F.);
#10795=ORIENTED_EDGE('',*,*,#10676,.F.);
#10796=ORIENTED_EDGE('',*,*,#10690,.F.);
#10797=ORIENTED_EDGE('',*,*,#10704,.F.);
#10798=ORIENTED_EDGE('',*,*,#10718,.F.);
#10799=ORIENTED_EDGE('',*,*,#10732,.F.);
#10800=ORIENTED_EDGE('',*,*,#10745,.F.);
#10801=EDGE_LOOP('',(#10756,#10757,#10758,#10759,#10760,#10761,#10762,#10763,
#10764,#10765,#10766,#10767,#10768,#10769,#10770,#10771,#10772,#10773,#10774,
#10775,#10776,#10777,#10778,#10779,#10780,#10781,#10782,#10783,#10784,#10785,
#10786,#10787,#10788,#10789,#10790,#10791,#10792,#10793,#10794,#10795,#10796,
#10797,#10798,#10799,#10800));
#10802=FACE_OUTER_BOUND('',#10801,.F.);
#10804=CARTESIAN_POINT('',(3.85E0,1.20531255E0,7.056682522308E-2));
#10805=DIRECTION('',(0.E0,-1.E0,0.E0));
#10806=DIRECTION('',(1.E0,0.E0,0.E0));
#10807=AXIS2_PLACEMENT_3D('',#10804,#10805,#10806);
#10808=CYLINDRICAL_SURFACE('',#10807,1.5E-1);
#10809=ORIENTED_EDGE('',*,*,#5443,.T.);
#10810=ORIENTED_EDGE('',*,*,#5536,.T.);
#10811=ORIENTED_EDGE('',*,*,#5563,.F.);
#10812=ORIENTED_EDGE('',*,*,#5755,.F.);
#10813=EDGE_LOOP('',(#10809,#10810,#10811,#10812));
#10814=FACE_OUTER_BOUND('',#10813,.F.);
#10816=CARTESIAN_POINT('',(4.E0,1.20531255E0,4.168016270928E-1));
#10817=DIRECTION('',(7.327934916288E-1,0.E0,6.804510993646E-1));
#10818=DIRECTION('',(-6.804510993646E-1,0.E0,7.327934916288E-1));
#10819=AXIS2_PLACEMENT_3D('',#10816,#10817,#10818);
#10820=PLANE('',#10819);
#10821=ORIENTED_EDGE('',*,*,#5520,.T.);
#10822=ORIENTED_EDGE('',*,*,#5540,.F.);
#10823=ORIENTED_EDGE('',*,*,#5487,.T.);
#10824=ORIENTED_EDGE('',*,*,#5502,.T.);
#10825=EDGE_LOOP('',(#10821,#10822,#10823,#10824));
#10826=FACE_OUTER_BOUND('',#10825,.F.);
#10828=CLOSED_SHELL('',(#5357,#5389,#5411,#5433,#5456,#5479,#5494,#5512,#5527,
#5544,#5568,#5595,#5608,#5663,#5678,#5692,#5706,#5770,#5785,#5812,#5825,#5838,
#5859,#5883,#5898,#6105,#6120,#6134,#6148,#6227,#6248,#6263,#6281,#6294,#6313,
#6327,#6343,#6355,#6367,#6380,#6467,#6480,#6534,#6549,#6614,#6629,#6642,#6656,
#6669,#6684,#6697,#6713,#6745,#6777,#6799,#6819,#6840,#6859,#6874,#6886,#6897,
#6912,#6925,#6943,#6959,#6973,#6987,#7000,#7065,#7081,#7093,#7106,#7118,#7130,
#7144,#7198,#7213,#7229,#7243,#7258,#7272,#7287,#7325,#7341,#7355,#7370,#7384,
#7398,#7412,#7427,#7441,#7456,#7469,#7487,#7502,#7518,#7532,#7547,#7560,#7572,
#7587,#7603,#7617,#7632,#7645,#7657,#7672,#7688,#7702,#7717,#7730,#7742,#7757,
#7773,#7787,#7802,#7815,#7827,#7843,#7855,#7869,#7883,#7910,#7923,#7937,#7950,
#7964,#7977,#7991,#8033,#8047,#8060,#8082,#8097,#8111,#8127,#8139,#8151,#8165,
#8178,#8191,#8204,#8218,#8231,#8243,#8256,#8269,#8282,#8295,#8308,#8321,#8334,
#8346,#8361,#8376,#8394,#8419,#8432,#8446,#8459,#8473,#8485,#8498,#8521,#8534,
#8547,#8560,#8572,#8584,#8597,#8610,#8622,#8635,#8648,#8661,#8674,#8687,#8700,
#8713,#8726,#8738,#8750,#8771,#8786,#8804,#8818,#8835,#8848,#8866,#8878,#8890,
#8903,#8917,#8929,#8943,#8956,#8970,#8983,#9004,#9016,#9029,#9041,#9056,#9067,
#9080,#9097,#9111,#9128,#9140,#9153,#9165,#9180,#9195,#9258,#9273,#9288,#9301,
#9314,#9327,#9340,#9353,#9366,#9379,#9392,#9405,#9418,#9431,#9444,#9457,#9470,
#9483,#9496,#9509,#9524,#9538,#9563,#9576,#9588,#9601,#9615,#9640,#9654,#9667,
#9681,#9706,#9720,#9733,#9746,#9770,#9783,#9796,#9809,#9822,#9835,#9848,#9861,
#9874,#9887,#9900,#9912,#9926,#9939,#9952,#9965,#9978,#9991,#10004,#10017,
#10030,#10043,#10056,#10069,#10082,#10094,#10109,#10120,#10135,#10149,#10163,
#10177,#10191,#10205,#10219,#10233,#10247,#10261,#10275,#10289,#10303,#10317,
#10331,#10345,#10359,#10373,#10387,#10401,#10415,#10429,#10443,#10457,#10471,
#10485,#10499,#10513,#10527,#10541,#10555,#10569,#10583,#10597,#10611,#10625,
#10639,#10653,#10667,#10681,#10695,#10709,#10723,#10737,#10750,#10803,#10815,
#10827));
#10829=MANIFOLD_SOLID_BREP('',#10828);
#10831=DIMENSIONAL_EXPONENTS(0.E0,0.E0,0.E0,0.E0,0.E0,0.E0,0.E0);
#10833=PLANE_ANGLE_MEASURE_WITH_UNIT(PLANE_ANGLE_MEASURE(1.745329251994E-2),
#10832);
#10834=(CONVERSION_BASED_UNIT('DEGREE',#10833)NAMED_UNIT(*)PLANE_ANGLE_UNIT());
#10836=UNCERTAINTY_MEASURE_WITH_UNIT(LENGTH_MEASURE(1.460842655946E-3),#10830,
'closure',
'Maximum model space distance between geometric entities at asserted connectivities');
#10839=APPLICATION_CONTEXT(
'CONFIGURATION CONTROLLED 3D DESIGNS OF MECHANICAL PARTS AND ASSEMBLIES');
#10840=APPLICATION_PROTOCOL_DEFINITION('international standard',
'config_control_design',1994,#10839);
#10841=DESIGN_CONTEXT('',#10839,'design');
#10842=MECHANICAL_CONTEXT('',#10839,'mechanical');
#10843=PRODUCT('U254-05XX-4BH806','U254-05XX-4BH806','NOT SPECIFIED',(#10842));
#10844=PRODUCT_DEFINITION_FORMATION_WITH_SPECIFIED_SOURCE('17','LAST_VERSION',
#10843,.MADE.);
#10848=PRODUCT_CATEGORY('part','');
#10849=PRODUCT_RELATED_PRODUCT_CATEGORY('detail','',(#10843));
#10850=PRODUCT_CATEGORY_RELATIONSHIP('','',#10848,#10849);
#10851=SECURITY_CLASSIFICATION_LEVEL('unclassified');
#10852=SECURITY_CLASSIFICATION('','',#10851);
#10853=CC_DESIGN_SECURITY_CLASSIFICATION(#10852,(#10844));
#10854=APPROVAL_STATUS('approved');
#10855=APPROVAL(#10854,'');
#10856=CC_DESIGN_APPROVAL(#10855,(#10852,#10844,#10845));
#10857=CALENDAR_DATE(120,20,8);
#10858=COORDINATED_UNIVERSAL_TIME_OFFSET(8,0,.AHEAD.);
#10859=LOCAL_TIME(16,56,4.3E1,#10858);
#10860=DATE_AND_TIME(#10857,#10859);
#10861=APPROVAL_DATE_TIME(#10860,#10855);
#10862=DATE_TIME_ROLE('creation_date');
#10863=CC_DESIGN_DATE_AND_TIME_ASSIGNMENT(#10860,#10862,(#10845));
#10864=DATE_TIME_ROLE('classification_date');
#10865=CC_DESIGN_DATE_AND_TIME_ASSIGNMENT(#10860,#10864,(#10852));
#10866=PERSON('UNSPECIFIED','UNSPECIFIED',$,$,$,$);
#10867=ORGANIZATION('UNSPECIFIED','UNSPECIFIED','UNSPECIFIED');
#10868=PERSON_AND_ORGANIZATION(#10866,#10867);
#10869=APPROVAL_ROLE('approver');
#10870=APPROVAL_PERSON_ORGANIZATION(#10868,#10855,#10869);
#10871=PERSON_AND_ORGANIZATION_ROLE('creator');
#10872=CC_DESIGN_PERSON_AND_ORGANIZATION_ASSIGNMENT(#10868,#10871,(#10844,
#10845));
#10873=PERSON_AND_ORGANIZATION_ROLE('design_supplier');
#10874=CC_DESIGN_PERSON_AND_ORGANIZATION_ASSIGNMENT(#10868,#10873,(#10844));
#10875=PERSON_AND_ORGANIZATION_ROLE('classification_officer');
#10876=CC_DESIGN_PERSON_AND_ORGANIZATION_ASSIGNMENT(#10868,#10875,(#10852));
#10877=PERSON_AND_ORGANIZATION_ROLE('design_owner');
#10878=CC_DESIGN_PERSON_AND_ORGANIZATION_ASSIGNMENT(#10868,#10877,(#10843));
#13=CIRCLE('',#12,2.E-1);
#22=CIRCLE('',#21,2.5E-1);
#31=CIRCLE('',#30,4.5E-1);
#48=CIRCLE('',#47,4.5E-1);
#57=CIRCLE('',#56,2.5E-1);
#66=CIRCLE('',#65,2.E-1);
#79=CIRCLE('',#78,5.E-1);
#96=CIRCLE('',#95,2.5E-1);
#113=CIRCLE('',#112,2.5E-1);
#130=CIRCLE('',#129,5.E-1);
#143=CIRCLE('',#142,1.5E-1);
#156=CIRCLE('',#155,4.E-1);
#173=CIRCLE('',#172,4.E-1);
#186=CIRCLE('',#185,1.5E-1);
#198=B_SPLINE_CURVE_WITH_KNOTS('',3,(#191,#192,#193,#194,#195,#196,#197),
.UNSPECIFIED.,.F.,.F.,(4,1,1,1,4),(0.E0,2.5E-1,5.E-1,7.5E-1,1.E0),
.UNSPECIFIED.);
#210=B_SPLINE_CURVE_WITH_KNOTS('',3,(#203,#204,#205,#206,#207,#208,#209),
.UNSPECIFIED.,.F.,.F.,(4,1,1,1,4),(0.E0,2.5E-1,5.E-1,7.5E-1,1.E0),
.UNSPECIFIED.);
#218=B_SPLINE_CURVE_WITH_KNOTS('',3,(#211,#212,#213,#214,#215,#216,#217),
.UNSPECIFIED.,.F.,.F.,(4,1,1,1,4),(0.E0,2.5E-1,5.E-1,7.5E-1,1.E0),
.UNSPECIFIED.);
#230=B_SPLINE_CURVE_WITH_KNOTS('',3,(#223,#224,#225,#226,#227,#228,#229),
.UNSPECIFIED.,.F.,.F.,(4,1,1,1,4),(0.E0,2.5E-1,5.E-1,7.5E-1,1.E0),
.UNSPECIFIED.);
#243=CIRCLE('',#242,4.E-1);
#260=CIRCLE('',#259,1.5E-1);
#277=CIRCLE('',#276,1.5E-1);
#294=CIRCLE('',#293,4.E-1);
#307=CIRCLE('',#306,1.5E-1);
#320=CIRCLE('',#319,2.E-1);
#329=CIRCLE('',#328,2.E-1);
#370=CIRCLE('',#369,1.5E-1);
#375=CIRCLE('',#374,1.5E-1);
#380=CIRCLE('',#379,1.5E-1);
#405=CIRCLE('',#404,2.E-1);
#414=CIRCLE('',#413,2.E-1);
#427=CIRCLE('',#426,1.5E-1);
#452=CIRCLE('',#451,1.5E-1);
#457=CIRCLE('',#456,1.5E-1);
#466=CIRCLE('',#465,1.5E-1);
#503=CIRCLE('',#502,2.5E-1);
#520=CIRCLE('',#519,5.E-1);
#537=CIRCLE('',#536,5.E-1);
#554=CIRCLE('',#553,2.5E-1);
#563=CIRCLE('',#562,1.5E-1);
#580=CIRCLE('',#579,1.5E-1);
#597=CIRCLE('',#596,1.5E-1);
#614=CIRCLE('',#613,1.5E-1);
#631=CIRCLE('',#630,1.5E-1);
#640=CIRCLE('',#639,1.5E-1);
#685=CIRCLE('',#684,3.854502E-2);
#810=CIRCLE('',#809,3.854502E-2);
#831=CIRCLE('',#830,8.137282E-2);
#852=CIRCLE('',#851,5.567614E-2);
#873=CIRCLE('',#872,1.5E-1);
#878=CIRCLE('',#877,1.5E-1);
#903=CIRCLE('',#902,1.5E-1);
#920=CIRCLE('',#919,1.5E-1);
#937=CIRCLE('',#936,1.5E-1);
#954=CIRCLE('',#953,1.5E-1);
#975=CIRCLE('',#974,5.E-1);
#988=CIRCLE('',#987,2.5E-1);
#1000=B_SPLINE_CURVE_WITH_KNOTS('',3,(#993,#994,#995,#996,#997,#998,#999),
.UNSPECIFIED.,.F.,.F.,(4,1,1,1,4),(0.E0,2.5E-1,5.E-1,7.5E-1,1.E0),
.UNSPECIFIED.);
#1012=B_SPLINE_CURVE_WITH_KNOTS('',3,(#1005,#1006,#1007,#1008,#1009,#1010,
#1011),.UNSPECIFIED.,.F.,.F.,(4,1,1,1,4),(0.E0,2.5E-1,5.E-1,7.5E-1,1.E0),
.UNSPECIFIED.);
#1029=CIRCLE('',#1028,2.5E-1);
#1042=CIRCLE('',#1041,5.E-1);
#1054=B_SPLINE_CURVE_WITH_KNOTS('',3,(#1047,#1048,#1049,#1050,#1051,#1052,
#1053),.UNSPECIFIED.,.F.,.F.,(4,1,1,1,4),(0.E0,2.5E-1,5.E-1,7.5E-1,1.E0),
.UNSPECIFIED.);
#1066=B_SPLINE_CURVE_WITH_KNOTS('',3,(#1059,#1060,#1061,#1062,#1063,#1064,
#1065),.UNSPECIFIED.,.F.,.F.,(4,1,1,1,4),(0.E0,2.5E-1,5.E-1,7.5E-1,1.E0),
.UNSPECIFIED.);
#1091=CIRCLE('',#1090,2.5E-1);
#1100=CIRCLE('',#1099,2.5E-1);
#1109=CIRCLE('',#1108,2.E-1);
#1118=CIRCLE('',#1117,2.5E-1);
#1127=CIRCLE('',#1126,2.5E-1);
#1136=CIRCLE('',#1135,2.E-1);
#1149=CIRCLE('',#1148,1.036827999999E-1);
#1158=CIRCLE('',#1157,1.036828000001E-1);
#1167=CIRCLE('',#1166,1.036828000001E-1);
#1256=CIRCLE('',#1255,1.036827999999E-1);
#1265=CIRCLE('',#1264,1.5E-1);
#1290=CIRCLE('',#1289,2.E-1);
#1299=CIRCLE('',#1298,2.E-1);
#1312=CIRCLE('',#1311,1.5E-1);
#1321=CIRCLE('',#1320,1.5E-1);
#1342=CIRCLE('',#1341,1.5E-1);
#1355=CIRCLE('',#1354,2.E-1);
#1364=CIRCLE('',#1363,2.E-1);
#1401=CIRCLE('',#1400,1.5E-1);
#1406=CIRCLE('',#1405,1.5E-1);
#1427=CIRCLE('',#1426,1.5E-1);
#1432=CIRCLE('',#1431,1.5E-1);
#1440=B_SPLINE_CURVE_WITH_KNOTS('',3,(#1433,#1434,#1435,#1436,#1437,#1438,
#1439),.UNSPECIFIED.,.F.,.F.,(4,1,1,1,4),(0.E0,2.5E-1,5.E-1,7.5E-1,1.E0),
.UNSPECIFIED.);
#1449=CIRCLE('',#1448,5.E-1);
#1462=CIRCLE('',#1461,2.5E-1);
#1499=CIRCLE('',#1498,2.5E-1);
#1512=CIRCLE('',#1511,5.E-1);
#1529=CIRCLE('',#1528,2.25E-1);
#1550=CIRCLE('',#1549,2.25E-1);
#1555=CIRCLE('',#1554,2.25E-1);
#1560=CIRCLE('',#1559,2.25E-1);
#1581=CIRCLE('',#1580,2.25E-1);
#1590=CIRCLE('',#1589,5.E-2);
#1595=CIRCLE('',#1594,1.75E-1);
#1600=CIRCLE('',#1599,1.75E-1);
#1605=CIRCLE('',#1604,1.75E-1);
#1610=CIRCLE('',#1609,1.75E-1);
#1615=CIRCLE('',#1614,5.E-2);
#1620=CIRCLE('',#1619,5.E-2);
#1625=CIRCLE('',#1624,2.25E-1);
#1634=CIRCLE('',#1633,2.25E-1);
#1659=CIRCLE('',#1658,2.25E-1);
#1664=CIRCLE('',#1663,2.25E-1);
#1689=CIRCLE('',#1688,2.25E-1);
#1694=CIRCLE('',#1693,2.25E-1);
#1767=CIRCLE('',#1766,2.25E-1);
#1776=CIRCLE('',#1775,5.E-2);
#1877=CIRCLE('',#1876,2.5E-1);
#1898=CIRCLE('',#1897,2.5E-1);
#1991=CIRCLE('',#1990,2.5E-1);
#2000=CIRCLE('',#1999,2.5E-1);
#2009=CIRCLE('',#2008,2.5E-1);
#2022=CIRCLE('',#2021,2.5E-1);
#2027=CIRCLE('',#2026,2.5E-1);
#2040=CIRCLE('',#2039,2.5E-1);
#2061=CIRCLE('',#2060,2.5E-1);
#2070=CIRCLE('',#2069,2.5E-1);
#2107=CIRCLE('',#2106,2.5E-1);
#2112=CIRCLE('',#2111,2.5E-1);
#2153=CIRCLE('',#2152,2.5E-1);
#2158=CIRCLE('',#2157,2.5E-1);
#2199=CIRCLE('',#2198,2.5E-1);
#2204=CIRCLE('',#2203,2.5E-1);
#2245=CIRCLE('',#2244,2.5E-1);
#2250=CIRCLE('',#2249,2.5E-1);
#2295=CIRCLE('',#2294,5.E-1);
#2304=CIRCLE('',#2303,5.E-1);
#2313=CIRCLE('',#2312,5.E-1);
#2330=CIRCLE('',#2329,2.E-1);
#2339=CIRCLE('',#2338,2.E-1);
#2364=CIRCLE('',#2363,2.5E-1);
#2373=CIRCLE('',#2372,2.5E-1);
#2438=CIRCLE('',#2437,1.5E-1);
#2443=CIRCLE('',#2442,1.5E-1);
#2460=CIRCLE('',#2459,1.5E-1);
#2468=B_SPLINE_CURVE_WITH_KNOTS('',3,(#2461,#2462,#2463,#2464,#2465,#2466,
#2467),.UNSPECIFIED.,.F.,.F.,(4,1,1,1,4),(0.E0,2.5E-1,5.E-1,7.5E-1,1.E0),
.UNSPECIFIED.);
#2473=CIRCLE('',#2472,1.5E-1);
#2478=CIRCLE('',#2477,4.5E-1);
#2483=CIRCLE('',#2482,4.5E-1);
#2492=CIRCLE('',#2491,4.5E-1);
#2513=CIRCLE('',#2512,1.5E-1);
#2521=B_SPLINE_CURVE_WITH_KNOTS('',3,(#2514,#2515,#2516,#2517,#2518,#2519,
#2520),.UNSPECIFIED.,.F.,.F.,(4,1,1,1,4),(0.E0,2.5E-1,5.E-1,7.5E-1,1.E0),
.UNSPECIFIED.);
#2526=CIRCLE('',#2525,1.5E-1);
#2563=CIRCLE('',#2562,1.5E-1);
#2568=CIRCLE('',#2567,1.5E-1);
#2581=CIRCLE('',#2580,1.5E-1);
#2586=CIRCLE('',#2585,1.5E-1);
#2615=CIRCLE('',#2614,1.5E-1);
#2620=CIRCLE('',#2619,1.5E-1);
#2636=B_SPLINE_CURVE_WITH_KNOTS('',3,(#2629,#2630,#2631,#2632,#2633,#2634,
#2635),.UNSPECIFIED.,.F.,.F.,(4,1,1,1,4),(0.E0,2.5E-1,5.E-1,7.5E-1,1.E0),
.UNSPECIFIED.);
#2641=CIRCLE('',#2640,1.5E-1);
#2646=CIRCLE('',#2645,1.5E-1);
#2651=CIRCLE('',#2650,4.5E-1);
#2660=CIRCLE('',#2659,4.5E-1);
#2669=CIRCLE('',#2668,4.5E-1);
#2690=CIRCLE('',#2689,2.E-1);
#2695=CIRCLE('',#2694,2.E-1);
#2724=CIRCLE('',#2723,2.5E-1);
#2729=CIRCLE('',#2728,2.5E-1);
#2753=B_SPLINE_CURVE_WITH_KNOTS('',3,(#2746,#2747,#2748,#2749,#2750,#2751,
#2752),.UNSPECIFIED.,.F.,.F.,(4,1,1,1,4),(0.E0,2.5E-1,5.E-1,7.5E-1,1.E0),
.UNSPECIFIED.);
#2758=CIRCLE('',#2757,1.5E-1);
#2763=CIRCLE('',#2762,1.5E-1);
#2788=CIRCLE('',#2787,5.E-1);
#2793=CIRCLE('',#2792,5.E-1);
#2802=CIRCLE('',#2801,5.E-1);
#2807=CIRCLE('',#2806,1.5E-1);
#2812=CIRCLE('',#2811,1.5E-1);
#2825=CIRCLE('',#2824,1.5E-1);
#2830=CIRCLE('',#2829,1.5E-1);
#2838=B_SPLINE_CURVE_WITH_KNOTS('',3,(#2831,#2832,#2833,#2834,#2835,#2836,
#2837),.UNSPECIFIED.,.F.,.F.,(4,1,1,1,4),(0.E0,2.5E-1,5.E-1,7.5E-1,1.E0),
.UNSPECIFIED.);
#2843=CIRCLE('',#2842,1.5E-1);
#2848=CIRCLE('',#2847,1.5E-1);
#2853=CIRCLE('',#2852,1.5E-1);
#2858=CIRCLE('',#2857,1.5E-1);
#2887=CIRCLE('',#2886,1.5E-1);
#2892=CIRCLE('',#2891,1.5E-1);
#2905=CIRCLE('',#2904,1.5E-1);
#2910=CIRCLE('',#2909,1.5E-1);
#2923=CIRCLE('',#2922,2.E-1);
#2928=CIRCLE('',#2927,2.E-1);
#2957=CIRCLE('',#2956,2.E-1);
#2970=CIRCLE('',#2969,2.E-1);
#2979=CIRCLE('',#2978,2.5E-1);
#2988=CIRCLE('',#2987,2.5E-1);
#3001=CIRCLE('',#3000,5.E-1);
#3010=CIRCLE('',#3009,5.E-1);
#3019=CIRCLE('',#3018,1.5E-1);
#3044=CIRCLE('',#3043,1.5E-1);
#3057=CIRCLE('',#3056,1.5E-1);
#3078=CIRCLE('',#3077,1.5E-1);
#3083=CIRCLE('',#3082,1.5E-1);
#3088=CIRCLE('',#3087,1.5E-1);
#3117=CIRCLE('',#3116,5.E-1);
#3133=B_SPLINE_CURVE_WITH_KNOTS('',3,(#3126,#3127,#3128,#3129,#3130,#3131,
#3132),.UNSPECIFIED.,.F.,.F.,(4,1,1,1,4),(0.E0,2.5E-1,5.E-1,7.5E-1,1.E0),
.UNSPECIFIED.);
#3145=B_SPLINE_CURVE_WITH_KNOTS('',3,(#3138,#3139,#3140,#3141,#3142,#3143,
#3144),.UNSPECIFIED.,.F.,.F.,(4,1,1,1,4),(0.E0,2.5E-1,5.E-1,7.5E-1,1.E0),
.UNSPECIFIED.);
#3153=B_SPLINE_CURVE_WITH_KNOTS('',3,(#3146,#3147,#3148,#3149,#3150,#3151,
#3152),.UNSPECIFIED.,.F.,.F.,(4,1,1,1,4),(0.E0,2.5E-1,5.E-1,7.5E-1,1.E0),
.UNSPECIFIED.);
#3165=B_SPLINE_CURVE_WITH_KNOTS('',3,(#3158,#3159,#3160,#3161,#3162,#3163,
#3164),.UNSPECIFIED.,.F.,.F.,(4,1,1,1,4),(0.E0,2.5E-1,5.E-1,7.5E-1,1.E0),
.UNSPECIFIED.);
#3194=CIRCLE('',#3193,1.E-1);
#3203=CIRCLE('',#3202,3.682800000115E-3);
#3212=CIRCLE('',#3211,3.682800000116E-3);
#3221=CIRCLE('',#3220,3.682799999888E-3);
#3230=CIRCLE('',#3229,3.682799999887E-3);
#3315=CIRCLE('',#3314,1.E-1);
#3320=CIRCLE('',#3319,1.E-1);
#3397=CIRCLE('',#3396,1.E-1);
#3406=CIRCLE('',#3405,1.E-1);
#3411=CIRCLE('',#3410,1.036827999999E-1);
#3436=CIRCLE('',#3435,1.036828000001E-1);
#3445=CIRCLE('',#3444,1.E-1);
#3450=CIRCLE('',#3449,1.E-1);
#3463=CIRCLE('',#3462,1.036828000001E-1);
#3472=CIRCLE('',#3471,1.E-1);
#3477=CIRCLE('',#3476,1.E-1);
#3490=CIRCLE('',#3489,1.036827999999E-1);
#3499=CIRCLE('',#3498,1.E-1);
#3512=CIRCLE('',#3511,1.5E-1);
#3517=CIRCLE('',#3516,1.5E-1);
#3530=CIRCLE('',#3529,1.5E-1);
#3535=CIRCLE('',#3534,1.5E-1);
#3552=CIRCLE('',#3551,1.5E-1);
#3557=CIRCLE('',#3556,1.5E-1);
#3570=CIRCLE('',#3569,1.5E-1);
#3575=CIRCLE('',#3574,1.5E-1);
#3588=CIRCLE('',#3587,1.5E-1);
#3593=CIRCLE('',#3592,1.5E-1);
#3606=CIRCLE('',#3605,1.5E-1);
#3611=CIRCLE('',#3610,1.5E-1);
#3628=CIRCLE('',#3627,1.5E-1);
#3633=CIRCLE('',#3632,1.5E-1);
#3646=CIRCLE('',#3645,1.5E-1);
#3651=CIRCLE('',#3650,1.5E-1);
#3668=CIRCLE('',#3667,1.5E-1);
#3673=CIRCLE('',#3672,1.5E-1);
#3686=CIRCLE('',#3685,1.5E-1);
#3691=CIRCLE('',#3690,1.5E-1);
#3704=CIRCLE('',#3703,1.5E-1);
#3709=CIRCLE('',#3708,1.5E-1);
#3714=CIRCLE('',#3713,5.E-1);
#3903=CIRCLE('',#3902,3.854502E-2);
#3920=CIRCLE('',#3919,5.567614E-2);
#3941=CIRCLE('',#3940,8.137282E-2);
#3962=CIRCLE('',#3961,3.854502E-2);
#5331=EDGE_CURVE('',#4415,#4416,#4,.T.);
#5333=EDGE_CURVE('',#4416,#4141,#8,.T.);
#5335=EDGE_CURVE('',#4141,#4142,#13,.T.);
#5337=EDGE_CURVE('',#4142,#4144,#17,.T.);
#5339=EDGE_CURVE('',#4144,#4214,#22,.T.);
#5341=EDGE_CURVE('',#4214,#4212,#2417,.T.);
#5343=EDGE_CURVE('',#4212,#4208,#2996,.T.);
#5345=EDGE_CURVE('',#4204,#4208,#1726,.T.);
#5347=EDGE_CURVE('',#4203,#4204,#2313,.T.);
#5349=EDGE_CURVE('',#4203,#4102,#26,.T.);
#5351=EDGE_CURVE('',#4101,#4102,#31,.T.);
#5353=EDGE_CURVE('',#4415,#4101,#35,.T.);
#5357=ADVANCED_FACE('',(#5356),#5330,.T.);
#5363=EDGE_CURVE('',#4419,#4420,#39,.T.);
#5365=EDGE_CURVE('',#4106,#4420,#43,.T.);
#5367=EDGE_CURVE('',#4105,#4106,#48,.T.);
#5369=EDGE_CURVE('',#4105,#4190,#52,.T.);
#5371=EDGE_CURVE('',#4188,#4190,#2788,.T.);
#5373=EDGE_CURVE('',#4188,#4186,#1742,.T.);
#5375=EDGE_CURVE('',#4186,#4194,#2918,.T.);
#5377=EDGE_CURVE('',#4196,#4194,#2405,.T.);
#5379=EDGE_CURVE('',#4196,#4147,#57,.T.);
#5381=EDGE_CURVE('',#4147,#4148,#61,.T.);
#5383=EDGE_CURVE('',#4148,#4150,#66,.T.);
#5385=EDGE_CURVE('',#4150,#4419,#70,.T.);
#5389=ADVANCED_FACE('',(#5388),#5362,.T.);
#5395=EDGE_CURVE('',#4423,#4424,#74,.T.);
#5397=EDGE_CURVE('',#4182,#4423,#79,.T.);
#5399=EDGE_CURVE('',#4174,#4182,#83,.T.);
#5401=EDGE_CURVE('',#4173,#4174,#87,.T.);
#5403=EDGE_CURVE('',#4173,#4152,#91,.T.);
#5405=EDGE_CURVE('',#4152,#4430,#96,.T.);
#5407=EDGE_CURVE('',#4424,#4430,#100,.T.);
#5411=ADVANCED_FACE('',(#5410),#5394,.T.);
#5417=EDGE_CURVE('',#4427,#4428,#104,.T.);
#5419=EDGE_CURVE('',#4427,#4432,#108,.T.);
#5421=EDGE_CURVE('',#4432,#4154,#113,.T.);
#5423=EDGE_CURVE('',#4154,#4177,#117,.T.);
#5425=EDGE_CURVE('',#4177,#4178,#121,.T.);
#5427=EDGE_CURVE('',#4180,#4178,#125,.T.);
#5429=EDGE_CURVE('',#4428,#4180,#130,.T.);
#5433=ADVANCED_FACE('',(#5432),#5416,.T.);
#5439=EDGE_CURVE('',#4442,#4438,#134,.T.);
#5441=EDGE_CURVE('',#4384,#4442,#138,.T.);
#5443=EDGE_CURVE('',#4383,#4384,#143,.T.);
#5445=EDGE_CURVE('',#4420,#4383,#147,.T.);
#5448=EDGE_CURVE('',#4380,#4419,#151,.T.);
#5450=EDGE_CURVE('',#4379,#4380,#156,.T.);
#5452=EDGE_CURVE('',#4438,#4379,#160,.T.);
#5456=ADVANCED_FACE('',(#5455),#5438,.T.);
#5462=EDGE_CURVE('',#4452,#4448,#164,.T.);
#5464=EDGE_CURVE('',#4392,#4452,#168,.T.);
#5466=EDGE_CURVE('',#4391,#4392,#173,.T.);
#5468=EDGE_CURVE('',#4416,#4391,#177,.T.);
#5471=EDGE_CURVE('',#4388,#4415,#181,.T.);
#5473=EDGE_CURVE('',#4387,#4388,#186,.T.);
#5475=EDGE_CURVE('',#4448,#4387,#190,.T.);
#5479=ADVANCED_FACE('',(#5478),#5461,.T.);
#5485=EDGE_CURVE('',#4438,#4439,#210,.T.);
#5487=EDGE_CURVE('',#4441,#4439,#4098,.T.);
#5489=EDGE_CURVE('',#4441,#4442,#230,.T.);
#5494=ADVANCED_FACE('',(#5493),#5484,.T.);
#5500=EDGE_CURVE('',#4436,#4437,#198,.T.);
#5502=EDGE_CURVE('',#4439,#4436,#202,.T.);
#5506=EDGE_CURVE('',#4379,#4395,#302,.T.);
#5508=EDGE_CURVE('',#4437,#4395,#238,.T.);
#5512=ADVANCED_FACE('',(#5511),#5499,.T.);
#5518=EDGE_CURVE('',#4433,#4434,#218,.T.);
#5520=EDGE_CURVE('',#4436,#4434,#4090,.T.);
#5523=EDGE_CURVE('',#4437,#4433,#234,.T.);
#5527=ADVANCED_FACE('',(#5526),#5517,.T.);
#5534=EDGE_CURVE('',#4402,#4433,#264,.T.);
#5536=EDGE_CURVE('',#4384,#4402,#222,.T.);
#5540=EDGE_CURVE('',#4441,#4434,#4094,.T.);
#5544=ADVANCED_FACE('',(#5543),#5532,.T.);
#5552=EDGE_CURVE('',#4395,#4396,#243,.T.);
#5554=EDGE_CURVE('',#4396,#4427,#247,.T.);
#5557=EDGE_CURVE('',#4736,#4428,#3718,.T.);
#5559=EDGE_CURVE('',#4736,#4399,#251,.T.);
#5561=EDGE_CURVE('',#4399,#4400,#255,.T.);
#5563=EDGE_CURVE('',#4400,#4402,#260,.T.);
#5568=ADVANCED_FACE('',(#5567),#5549,.F.);
#5574=EDGE_CURVE('',#4447,#4443,#268,.T.);
#5576=EDGE_CURVE('',#4447,#4405,#272,.T.);
#5578=EDGE_CURVE('',#4405,#4406,#277,.T.);
#5580=EDGE_CURVE('',#4406,#4408,#281,.T.);
#5582=EDGE_CURVE('',#4408,#4732,#285,.T.);
#5584=EDGE_CURVE('',#4732,#4423,#3112,.T.);
#5587=EDGE_CURVE('',#4424,#4411,#289,.T.);
#5589=EDGE_CURVE('',#4411,#4412,#294,.T.);
#5591=EDGE_CURVE('',#4412,#4443,#298,.T.);
#5595=ADVANCED_FACE('',(#5594),#5573,.F.);
#5602=EDGE_CURVE('',#4380,#4396,#345,.T.);
#5608=ADVANCED_FACE('',(#5607),#5600,.T.);
#5614=EDGE_CURVE('',#4957,#4958,#307,.T.);
#5616=EDGE_CURVE('',#4957,#4910,#311,.T.);
#5618=EDGE_CURVE('',#4909,#4910,#2887,.T.);
#5620=EDGE_CURVE('',#4909,#4930,#315,.T.);
#5622=EDGE_CURVE('',#4929,#4930,#320,.T.);
#5624=EDGE_CURVE('',#4929,#4938,#324,.T.);
#5626=EDGE_CURVE('',#4937,#4938,#329,.T.);
#5628=EDGE_CURVE('',#4937,#4902,#333,.T.);
#5630=EDGE_CURVE('',#4901,#4902,#2853,.T.);
#5632=EDGE_CURVE('',#4944,#4901,#337,.T.);
#5634=EDGE_CURVE('',#4946,#4944,#2758,.T.);
#5636=EDGE_CURVE('',#4946,#4948,#2745,.T.);
#5638=EDGE_CURVE('',#4948,#4134,#341,.T.);
#5640=EDGE_CURVE('',#4134,#4136,#1104,.T.);
#5642=EDGE_CURVE('',#4432,#4136,#1086,.T.);
#5649=EDGE_CURVE('',#4150,#4954,#349,.T.);
#5651=EDGE_CURVE('',#4952,#4954,#2677,.T.);
#5653=EDGE_CURVE('',#4950,#4952,#2646,.T.);
#5655=EDGE_CURVE('',#4920,#4950,#353,.T.);
#5657=EDGE_CURVE('',#4919,#4920,#375,.T.);
#5659=EDGE_CURVE('',#4919,#4958,#357,.T.);
#5663=ADVANCED_FACE('',(#5662),#5613,.F.);
#5670=EDGE_CURVE('',#4960,#4958,#361,.T.);
#5672=EDGE_CURVE('',#4960,#4962,#427,.T.);
#5674=EDGE_CURVE('',#4962,#4957,#2896,.T.);
#5678=ADVANCED_FACE('',(#5677),#5668,.T.);
#5686=EDGE_CURVE('',#4898,#4919,#365,.T.);
#5688=EDGE_CURVE('',#4898,#4960,#431,.T.);
#5692=ADVANCED_FACE('',(#5691),#5683,.F.);
#5698=EDGE_CURVE('',#4897,#4898,#370,.T.);
#5702=EDGE_CURVE('',#4897,#4920,#2546,.T.);
#5706=ADVANCED_FACE('',(#5705),#5697,.F.);
#5712=EDGE_CURVE('',#5020,#5022,#380,.T.);
#5714=EDGE_CURVE('',#5020,#5093,#384,.T.);
#5716=EDGE_CURVE('',#5089,#5093,#1401,.T.);
#5718=EDGE_CURVE('',#5089,#5101,#388,.T.);
#5720=EDGE_CURVE('',#5103,#5101,#2843,.T.);
#5722=EDGE_CURVE('',#5103,#4915,#392,.T.);
#5724=EDGE_CURVE('',#4922,#4915,#2763,.T.);
#5726=EDGE_CURVE('',#4922,#4906,#396,.T.);
#5728=EDGE_CURVE('',#4905,#4906,#2858,.T.);
#5730=EDGE_CURVE('',#4942,#4905,#400,.T.);
#5732=EDGE_CURVE('',#4940,#4942,#405,.T.);
#5734=EDGE_CURVE('',#4934,#4940,#409,.T.);
#5736=EDGE_CURVE('',#4932,#4934,#414,.T.);
#5738=EDGE_CURVE('',#4914,#4932,#418,.T.);
#5740=EDGE_CURVE('',#4913,#4914,#2892,.T.);
#5742=EDGE_CURVE('',#4962,#4913,#422,.T.);
#5747=EDGE_CURVE('',#4897,#4926,#435,.T.);
#5749=EDGE_CURVE('',#4924,#4926,#2641,.T.);
#5751=EDGE_CURVE('',#4924,#4106,#439,.T.);
#5755=EDGE_CURVE('',#4383,#4400,#4086,.T.);
#5758=EDGE_CURVE('',#4738,#4399,#443,.T.);
#5760=EDGE_CURVE('',#4738,#4966,#447,.T.);
#5762=EDGE_CURVE('',#4966,#5030,#515,.T.);
#5764=EDGE_CURVE('',#5028,#5030,#452,.T.);
#5766=EDGE_CURVE('',#5022,#5028,#486,.T.);
#5770=ADVANCED_FACE('',(#5769),#5711,.T.);
#5776=EDGE_CURVE('',#5017,#5018,#457,.T.);
#5778=EDGE_CURVE('',#5020,#5018,#1384,.T.);
#5781=EDGE_CURVE('',#5022,#5017,#482,.T.);
#5785=ADVANCED_FACE('',(#5784),#5775,.T.);
#5792=EDGE_CURVE('',#5017,#5026,#461,.T.);
#5794=EDGE_CURVE('',#5025,#5026,#466,.T.);
#5796=EDGE_CURVE('',#5025,#4969,#507,.T.);
#5798=EDGE_CURVE('',#4982,#4969,#3014,.T.);
#5800=EDGE_CURVE('',#4982,#5098,#470,.T.);
#5802=EDGE_CURVE('',#5102,#5098,#2848,.T.);
#5804=EDGE_CURVE('',#5102,#5090,#474,.T.);
#5806=EDGE_CURVE('',#5094,#5090,#1406,.T.);
#5808=EDGE_CURVE('',#5018,#5094,#478,.T.);
#5812=ADVANCED_FACE('',(#5811),#5790,.T.);
#5820=EDGE_CURVE('',#5028,#5026,#490,.T.);
#5825=ADVANCED_FACE('',(#5824),#5817,.T.);
#5834=EDGE_CURVE('',#5030,#5025,#511,.T.);
#5838=ADVANCED_FACE('',(#5837),#5830,.T.);
#5844=EDGE_CURVE('',#5006,#5001,#494,.T.);
#5846=EDGE_CURVE('',#4970,#5006,#498,.T.);
#5848=EDGE_CURVE('',#4969,#4970,#503,.T.);
#5853=EDGE_CURVE('',#4965,#4966,#520,.T.);
#5855=EDGE_CURVE('',#5001,#4965,#524,.T.);
#5859=ADVANCED_FACE('',(#5858),#5843,.T.);
#5865=EDGE_CURVE('',#5014,#5009,#528,.T.);
#5867=EDGE_CURVE('',#4978,#5014,#532,.T.);
#5869=EDGE_CURVE('',#4977,#4978,#537,.T.);
#5871=EDGE_CURVE('',#5041,#4977,#541,.T.);
#5873=EDGE_CURVE('',#5046,#5041,#545,.T.);
#5875=EDGE_CURVE('',#4974,#5046,#549,.T.);
#5877=EDGE_CURVE('',#4973,#4974,#554,.T.);
#5879=EDGE_CURVE('',#5009,#4973,#558,.T.);
#5883=ADVANCED_FACE('',(#5882),#5864,.T.);
#5889=EDGE_CURVE('',#5001,#5002,#631,.T.);
#5891=EDGE_CURVE('',#5004,#5002,#3027,.T.);
#5893=EDGE_CURVE('',#5004,#5006,#3019,.T.);
#5898=ADVANCED_FACE('',(#5897),#5888,.T.);
#5906=EDGE_CURVE('',#4965,#4180,#635,.T.);
#5909=EDGE_CURVE('',#4178,#4169,#1033,.T.);
#5911=EDGE_CURVE('',#4161,#4169,#1016,.T.);
#5913=EDGE_CURVE('',#4174,#4161,#983,.T.);
#5916=EDGE_CURVE('',#4978,#4182,#3108,.T.);
#5919=EDGE_CURVE('',#5012,#5014,#640,.T.);
#5921=EDGE_CURVE('',#4989,#5012,#3039,.T.);
#5923=EDGE_CURVE('',#4825,#4989,#1486,.T.);
#5925=EDGE_CURVE('',#4825,#4826,#644,.T.);
#5927=EDGE_CURVE('',#4838,#4826,#648,.T.);
#5929=EDGE_CURVE('',#4852,#4838,#652,.T.);
#5931=EDGE_CURVE('',#4852,#4850,#656,.T.);
#5933=EDGE_CURVE('',#4850,#4836,#1995,.T.);
#5935=EDGE_CURVE('',#4835,#4836,#660,.T.);
#5937=EDGE_CURVE('',#4860,#4835,#664,.T.);
#5939=EDGE_CURVE('',#4860,#4858,#668,.T.);
#5941=EDGE_CURVE('',#4858,#4832,#2035,.T.);
#5943=EDGE_CURVE('',#4822,#4832,#672,.T.);
#5945=EDGE_CURVE('',#4821,#4822,#676,.T.);
#5947=EDGE_CURVE('',#4986,#4821,#1474,.T.);
#5949=EDGE_CURVE('',#4986,#5002,#680,.T.);
#5953=EDGE_CURVE('',#4809,#4781,#597,.T.);
#5955=EDGE_CURVE('',#4805,#4809,#3606,.T.);
#5957=EDGE_CURVE('',#4805,#4745,#601,.T.);
#5959=EDGE_CURVE('',#4741,#4745,#3704,.T.);
#5961=EDGE_CURVE('',#4741,#4753,#605,.T.);
#5963=EDGE_CURVE('',#4749,#4753,#3686,.T.);
#5965=EDGE_CURVE('',#4749,#4814,#609,.T.);
#5967=EDGE_CURVE('',#4818,#4814,#3673,.T.);
#5969=EDGE_CURVE('',#4786,#4818,#614,.T.);
#5971=EDGE_CURVE('',#4786,#4547,#618,.T.);
#5973=EDGE_CURVE('',#4543,#4547,#3646,.T.);
#5975=EDGE_CURVE('',#4543,#4539,#622,.T.);
#5977=EDGE_CURVE('',#4535,#4539,#3628,.T.);
#5979=EDGE_CURVE('',#4535,#4781,#626,.T.);
#5983=EDGE_CURVE('',#4801,#4777,#563,.T.);
#5985=EDGE_CURVE('',#4797,#4801,#873,.T.);
#5987=EDGE_CURVE('',#4797,#4761,#567,.T.);
#5989=EDGE_CURVE('',#4757,#4761,#3588,.T.);
#5991=EDGE_CURVE('',#4757,#4769,#571,.T.);
#5993=EDGE_CURVE('',#4765,#4769,#3570,.T.);
#5995=EDGE_CURVE('',#4765,#4790,#575,.T.);
#5997=EDGE_CURVE('',#4794,#4790,#3557,.T.);
#5999=EDGE_CURVE('',#4774,#4794,#580,.T.);
#6001=EDGE_CURVE('',#4774,#4555,#584,.T.);
#6003=EDGE_CURVE('',#4551,#4555,#3530,.T.);
#6005=EDGE_CURVE('',#4551,#4563,#588,.T.);
#6007=EDGE_CURVE('',#4559,#4563,#3512,.T.);
#6009=EDGE_CURVE('',#4559,#4777,#592,.T.);
#6013=EDGE_CURVE('',#5238,#5239,#685,.T.);
#6015=EDGE_CURVE('',#5238,#5241,#689,.T.);
#6017=EDGE_CURVE('',#5241,#5243,#693,.T.);
#6019=EDGE_CURVE('',#5243,#5245,#697,.T.);
#6021=EDGE_CURVE('',#5245,#5247,#701,.T.);
#6023=EDGE_CURVE('',#5247,#5249,#705,.T.);
#6025=EDGE_CURVE('',#5249,#5251,#709,.T.);
#6027=EDGE_CURVE('',#5251,#5253,#713,.T.);
#6029=EDGE_CURVE('',#5253,#5255,#717,.T.);
#6031=EDGE_CURVE('',#5255,#5257,#721,.T.);
#6033=EDGE_CURVE('',#5257,#5259,#725,.T.);
#6035=EDGE_CURVE('',#5259,#5261,#729,.T.);
#6037=EDGE_CURVE('',#5261,#5263,#733,.T.);
#6039=EDGE_CURVE('',#5263,#5265,#737,.T.);
#6041=EDGE_CURVE('',#5265,#5267,#741,.T.);
#6043=EDGE_CURVE('',#5267,#5269,#745,.T.);
#6045=EDGE_CURVE('',#5269,#5271,#749,.T.);
#6047=EDGE_CURVE('',#5271,#5273,#753,.T.);
#6049=EDGE_CURVE('',#5273,#5275,#757,.T.);
#6051=EDGE_CURVE('',#5275,#5277,#761,.T.);
#6053=EDGE_CURVE('',#5277,#5279,#765,.T.);
#6055=EDGE_CURVE('',#5279,#5281,#769,.T.);
#6057=EDGE_CURVE('',#5281,#5283,#773,.T.);
#6059=EDGE_CURVE('',#5283,#5285,#777,.T.);
#6061=EDGE_CURVE('',#5285,#5287,#781,.T.);
#6063=EDGE_CURVE('',#5287,#5289,#785,.T.);
#6065=EDGE_CURVE('',#5289,#5291,#789,.T.);
#6067=EDGE_CURVE('',#5291,#5293,#793,.T.);
#6069=EDGE_CURVE('',#5293,#5295,#797,.T.);
#6071=EDGE_CURVE('',#5295,#5297,#801,.T.);
#6073=EDGE_CURVE('',#5297,#5299,#805,.T.);
#6075=EDGE_CURVE('',#5299,#5301,#810,.T.);
#6077=EDGE_CURVE('',#5301,#5303,#814,.T.);
#6079=EDGE_CURVE('',#5303,#5305,#818,.T.);
#6081=EDGE_CURVE('',#5305,#5307,#822,.T.);
#6083=EDGE_CURVE('',#5307,#5309,#826,.T.);
#6085=EDGE_CURVE('',#5309,#5311,#831,.T.);
#6087=EDGE_CURVE('',#5311,#5313,#835,.T.);
#6089=EDGE_CURVE('',#5313,#5315,#839,.T.);
#6091=EDGE_CURVE('',#5315,#5317,#843,.T.);
#6093=EDGE_CURVE('',#5317,#5319,#847,.T.);
#6095=EDGE_CURVE('',#5321,#5319,#852,.T.);
#6097=EDGE_CURVE('',#5321,#5323,#856,.T.);
#6099=EDGE_CURVE('',#5323,#5325,#860,.T.);
#6101=EDGE_CURVE('',#5325,#5239,#864,.T.);
#6105=ADVANCED_FACE('',(#5952,#5982,#6012,#6104),#5903,.T.);
#6111=EDGE_CURVE('',#4801,#4802,#868,.T.);
#6114=EDGE_CURVE('',#4777,#4778,#3503,.T.);
#6116=EDGE_CURVE('',#4778,#4802,#903,.T.);
#6120=ADVANCED_FACE('',(#6119),#6110,.T.);
#6126=EDGE_CURVE('',#4797,#4798,#882,.T.);
#6130=EDGE_CURVE('',#4802,#4798,#878,.T.);
#6134=ADVANCED_FACE('',(#6133),#6125,.F.);
#6141=EDGE_CURVE('',#4798,#4762,#898,.T.);
#6143=EDGE_CURVE('',#4761,#4762,#886,.T.);
#6148=ADVANCED_FACE('',(#6147),#6139,.F.);
#6155=EDGE_CURVE('',#4158,#4173,#979,.T.);
#6157=EDGE_CURVE('',#4158,#4166,#890,.T.);
#6159=EDGE_CURVE('',#4166,#4177,#1037,.T.);
#6162=EDGE_CURVE('',#4154,#4138,#894,.T.);
#6164=EDGE_CURVE('',#4138,#4117,#1095,.T.);
#6166=EDGE_CURVE('',#4152,#4117,#1260,.T.);
#6173=EDGE_CURVE('',#4560,#4778,#907,.T.);
#6175=EDGE_CURVE('',#4564,#4560,#3517,.T.);
#6177=EDGE_CURVE('',#4552,#4564,#911,.T.);
#6179=EDGE_CURVE('',#4556,#4552,#3535,.T.);
#6181=EDGE_CURVE('',#4773,#4556,#915,.T.);
#6183=EDGE_CURVE('',#4793,#4773,#920,.T.);
#6185=EDGE_CURVE('',#4789,#4793,#3552,.T.);
#6187=EDGE_CURVE('',#4766,#4789,#924,.T.);
#6189=EDGE_CURVE('',#4770,#4766,#3575,.T.);
#6191=EDGE_CURVE('',#4758,#4770,#928,.T.);
#6193=EDGE_CURVE('',#4762,#4758,#3593,.T.);
#6197=EDGE_CURVE('',#4806,#4746,#932,.T.);
#6199=EDGE_CURVE('',#4810,#4806,#3611,.T.);
#6201=EDGE_CURVE('',#4782,#4810,#937,.T.);
#6203=EDGE_CURVE('',#4536,#4782,#941,.T.);
#6205=EDGE_CURVE('',#4540,#4536,#3633,.T.);
#6207=EDGE_CURVE('',#4544,#4540,#945,.T.);
#6209=EDGE_CURVE('',#4548,#4544,#3651,.T.);
#6211=EDGE_CURVE('',#4785,#4548,#949,.T.);
#6213=EDGE_CURVE('',#4817,#4785,#954,.T.);
#6215=EDGE_CURVE('',#4813,#4817,#3668,.T.);
#6217=EDGE_CURVE('',#4750,#4813,#958,.T.);
#6219=EDGE_CURVE('',#4754,#4750,#3691,.T.);
#6221=EDGE_CURVE('',#4742,#4754,#962,.T.);
#6223=EDGE_CURVE('',#4746,#4742,#3709,.T.);
#6227=ADVANCED_FACE('',(#6169,#6196,#6226),#6153,.F.);
#6233=EDGE_CURVE('',#4223,#4219,#966,.T.);
#6235=EDGE_CURVE('',#4223,#4157,#970,.T.);
#6237=EDGE_CURVE('',#4157,#4158,#975,.T.);
#6242=EDGE_CURVE('',#4161,#4162,#988,.T.);
#6244=EDGE_CURVE('',#4162,#4219,#992,.T.);
#6248=ADVANCED_FACE('',(#6247),#6232,.F.);
#6254=EDGE_CURVE('',#4219,#4220,#1000,.T.);
#6256=EDGE_CURVE('',#4222,#4220,#1070,.T.);
#6258=EDGE_CURVE('',#4222,#4223,#1054,.T.);
#6263=ADVANCED_FACE('',(#6262),#6253,.T.);
#6271=EDGE_CURVE('',#4162,#4170,#1004,.T.);
#6273=EDGE_CURVE('',#4170,#4228,#1024,.T.);
#6275=EDGE_CURVE('',#4227,#4228,#1012,.T.);
#6277=EDGE_CURVE('',#4220,#4227,#1074,.T.);
#6281=ADVANCED_FACE('',(#6280),#6268,.T.);
#6289=EDGE_CURVE('',#4169,#4170,#1029,.T.);
#6294=ADVANCED_FACE('',(#6293),#6286,.F.);
#6300=EDGE_CURVE('',#4228,#4224,#1020,.T.);
#6307=EDGE_CURVE('',#4165,#4166,#1042,.T.);
#6309=EDGE_CURVE('',#4224,#4165,#1046,.T.);
#6313=ADVANCED_FACE('',(#6312),#6299,.T.);
#6319=EDGE_CURVE('',#4224,#4225,#1066,.T.);
#6321=EDGE_CURVE('',#4227,#4225,#1078,.T.);
#6327=ADVANCED_FACE('',(#6326),#6318,.T.);
#6334=EDGE_CURVE('',#4222,#4225,#1058,.T.);
#6338=EDGE_CURVE('',#4157,#4165,#1082,.T.);
#6343=ADVANCED_FACE('',(#6342),#6332,.T.);
#6355=ADVANCED_FACE('',(#6354),#6348,.T.);
#6367=ADVANCED_FACE('',(#6366),#6360,.T.);
#6375=EDGE_CURVE('',#4136,#4138,#1100,.T.);
#6380=ADVANCED_FACE('',(#6379),#6372,.F.);
#6386=EDGE_CURVE('',#4117,#4118,#1091,.T.);
#6391=EDGE_CURVE('',#4132,#4134,#1109,.T.);
#6393=EDGE_CURVE('',#4130,#4132,#1113,.T.);
#6395=EDGE_CURVE('',#4128,#4130,#1118,.T.);
#6397=EDGE_CURVE('',#4126,#4128,#1122,.T.);
#6399=EDGE_CURVE('',#4124,#4126,#1127,.T.);
#6401=EDGE_CURVE('',#4122,#4124,#1131,.T.);
#6403=EDGE_CURVE('',#4120,#4122,#1136,.T.);
#6405=EDGE_CURVE('',#4118,#4120,#1140,.T.);
#6409=EDGE_CURVE('',#4247,#4248,#1144,.T.);
#6411=EDGE_CURVE('',#4248,#4250,#1149,.T.);
#6413=EDGE_CURVE('',#4250,#4252,#1153,.T.);
#6415=EDGE_CURVE('',#4252,#4254,#1158,.T.);
#6417=EDGE_CURVE('',#4254,#4256,#1162,.T.);
#6419=EDGE_CURVE('',#4256,#4258,#1167,.T.);
#6421=EDGE_CURVE('',#4258,#4260,#1171,.T.);
#6423=EDGE_CURVE('',#4260,#4262,#1175,.T.);
#6425=EDGE_CURVE('',#4262,#4264,#1179,.T.);
#6427=EDGE_CURVE('',#4264,#4266,#1183,.T.);
#6429=EDGE_CURVE('',#4266,#4268,#1187,.T.);
#6431=EDGE_CURVE('',#4268,#4270,#1191,.T.);
#6433=EDGE_CURVE('',#4270,#4272,#1195,.T.);
#6435=EDGE_CURVE('',#4272,#4274,#1199,.T.);
#6437=EDGE_CURVE('',#4274,#4276,#1203,.T.);
#6439=EDGE_CURVE('',#4276,#4278,#1207,.T.);
#6441=EDGE_CURVE('',#4278,#4280,#1211,.T.);
#6443=EDGE_CURVE('',#4280,#4282,#1215,.T.);
#6445=EDGE_CURVE('',#4282,#4284,#1219,.T.);
#6447=EDGE_CURVE('',#4284,#4286,#1223,.T.);
#6449=EDGE_CURVE('',#4286,#4288,#1227,.T.);
#6451=EDGE_CURVE('',#4288,#4290,#1231,.T.);
#6453=EDGE_CURVE('',#4290,#4292,#1235,.T.);
#6455=EDGE_CURVE('',#4292,#4294,#1239,.T.);
#6457=EDGE_CURVE('',#4294,#4296,#1243,.T.);
#6459=EDGE_CURVE('',#4296,#4298,#1247,.T.);
#6461=EDGE_CURVE('',#4298,#4300,#1251,.T.);
#6463=EDGE_CURVE('',#4300,#4247,#1256,.T.);
#6467=ADVANCED_FACE('',(#6408,#6466),#6385,.T.);
#6476=EDGE_CURVE('',#4430,#4118,#1277,.T.);
#6480=ADVANCED_FACE('',(#6479),#6472,.F.);
#6486=EDGE_CURVE('',#4892,#4894,#1265,.T.);
#6488=EDGE_CURVE('',#4600,#4892,#1269,.T.);
#6490=EDGE_CURVE('',#4599,#4600,#2563,.T.);
#6492=EDGE_CURVE('',#4599,#4588,#1273,.T.);
#6494=EDGE_CURVE('',#4587,#4588,#2473,.T.);
#6496=EDGE_CURVE('',#4587,#4612,#2455,.T.);
#6498=EDGE_CURVE('',#4141,#4612,#2343,.T.);
#6502=EDGE_CURVE('',#4391,#4411,#3169,.T.);
#6508=EDGE_CURVE('',#4614,#4120,#2334,.T.);
#6510=EDGE_CURVE('',#4592,#4614,#2317,.T.);
#6512=EDGE_CURVE('',#4591,#4592,#2513,.T.);
#6514=EDGE_CURVE('',#4591,#4608,#1281,.T.);
#6516=EDGE_CURVE('',#4607,#4608,#2581,.T.);
#6518=EDGE_CURVE('',#4607,#4616,#1285,.T.);
#6520=EDGE_CURVE('',#4579,#4616,#1290,.T.);
#6522=EDGE_CURVE('',#4579,#4580,#1294,.T.);
#6524=EDGE_CURVE('',#4828,#4580,#1299,.T.);
#6526=EDGE_CURVE('',#4882,#4828,#1303,.T.);
#6528=EDGE_CURVE('',#4886,#4882,#2620,.T.);
#6530=EDGE_CURVE('',#4894,#4886,#1307,.T.);
#6534=ADVANCED_FACE('',(#6533),#6485,.F.);
#6540=EDGE_CURVE('',#4889,#4890,#1342,.T.);
#6542=EDGE_CURVE('',#4892,#4890,#2572,.T.);
#6545=EDGE_CURVE('',#4894,#4889,#2624,.T.);
#6549=ADVANCED_FACE('',(#6548),#6539,.T.);
#6555=EDGE_CURVE('',#5033,#5034,#1312,.T.);
#6557=EDGE_CURVE('',#5033,#5042,#1316,.T.);
#6559=EDGE_CURVE('',#5041,#5042,#1321,.T.);
#6562=EDGE_CURVE('',#4734,#4977,#3104,.T.);
#6564=EDGE_CURVE('',#4734,#4408,#3121,.T.);
#6567=EDGE_CURVE('',#4388,#4406,#1325,.T.);
#6571=EDGE_CURVE('',#4101,#4584,#1329,.T.);
#6573=EDGE_CURVE('',#4583,#4584,#2460,.T.);
#6575=EDGE_CURVE('',#4604,#4583,#1333,.T.);
#6577=EDGE_CURVE('',#4603,#4604,#2568,.T.);
#6579=EDGE_CURVE('',#4890,#4603,#1337,.T.);
#6582=EDGE_CURVE('',#4885,#4889,#1346,.T.);
#6584=EDGE_CURVE('',#4881,#4885,#2615,.T.);
#6586=EDGE_CURVE('',#4830,#4881,#1350,.T.);
#6588=EDGE_CURVE('',#4576,#4830,#1355,.T.);
#6590=EDGE_CURVE('',#4575,#4576,#1359,.T.);
#6592=EDGE_CURVE('',#4620,#4575,#1364,.T.);
#6594=EDGE_CURVE('',#4619,#4620,#1368,.T.);
#6596=EDGE_CURVE('',#4622,#4619,#2586,.T.);
#6598=EDGE_CURVE('',#4596,#4622,#1372,.T.);
#6600=EDGE_CURVE('',#4594,#4596,#2526,.T.);
#6602=EDGE_CURVE('',#5105,#4594,#2487,.T.);
#6604=EDGE_CURVE('',#5078,#5105,#1432,.T.);
#6606=EDGE_CURVE('',#5082,#5078,#1376,.T.);
#6608=EDGE_CURVE('',#5086,#5082,#3088,.T.);
#6610=EDGE_CURVE('',#5034,#5086,#1380,.T.);
#6614=ADVANCED_FACE('',(#6613),#6554,.T.);
#6621=EDGE_CURVE('',#5036,#5034,#1392,.T.);
#6623=EDGE_CURVE('',#5036,#5038,#3057,.T.);
#6625=EDGE_CURVE('',#5038,#5033,#3092,.T.);
#6629=ADVANCED_FACE('',(#6628),#6619,.T.);
#6637=EDGE_CURVE('',#5093,#5094,#1388,.T.);
#6642=ADVANCED_FACE('',(#6641),#6634,.F.);
#6650=EDGE_CURVE('',#5085,#5086,#1396,.T.);
#6652=EDGE_CURVE('',#5036,#5085,#3061,.T.);
#6656=ADVANCED_FACE('',(#6655),#6647,.F.);
#6662=EDGE_CURVE('',#5089,#5090,#1418,.T.);
#6669=ADVANCED_FACE('',(#6668),#6661,.F.);
#6675=EDGE_CURVE('',#5077,#5078,#1410,.T.);
#6677=EDGE_CURVE('',#5077,#5081,#3065,.T.);
#6679=EDGE_CURVE('',#5081,#5082,#1414,.T.);
#6684=ADVANCED_FACE('',(#6683),#6674,.F.);
#6692=EDGE_CURVE('',#5101,#5102,#1422,.T.);
#6697=ADVANCED_FACE('',(#6696),#6689,.F.);
#6703=EDGE_CURVE('',#5073,#5074,#1503,.T.);
#6705=EDGE_CURVE('',#5073,#5077,#1427,.T.);
#6709=EDGE_CURVE('',#5105,#5074,#1440,.T.);
#6713=ADVANCED_FACE('',(#6712),#6702,.F.);
#6719=EDGE_CURVE('',#5049,#4821,#1520,.T.);
#6721=EDGE_CURVE('',#5049,#5050,#1541,.T.);
#6723=EDGE_CURVE('',#5061,#5050,#1796,.T.);
#6725=EDGE_CURVE('',#5061,#4113,#1444,.T.);
#6727=EDGE_CURVE('',#4113,#4114,#1449,.T.);
#6729=EDGE_CURVE('',#4114,#4996,#1453,.T.);
#6731=EDGE_CURVE('',#4996,#5097,#2660,.T.);
#6733=EDGE_CURVE('',#5097,#5098,#1457,.T.);
#6736=EDGE_CURVE('',#4981,#4982,#1462,.T.);
#6738=EDGE_CURVE('',#4981,#4984,#1466,.T.);
#6740=EDGE_CURVE('',#4986,#4984,#1470,.T.);
#6745=ADVANCED_FACE('',(#6744),#6718,.F.);
#6751=EDGE_CURVE('',#4110,#5065,#1478,.T.);
#6753=EDGE_CURVE('',#5065,#5056,#1482,.T.);
#6755=EDGE_CURVE('',#5056,#5058,#1568,.T.);
#6757=EDGE_CURVE('',#4825,#5058,#2278,.T.);
#6760=EDGE_CURVE('',#4989,#4990,#1490,.T.);
#6762=EDGE_CURVE('',#4990,#4992,#1494,.T.);
#6764=EDGE_CURVE('',#4994,#4992,#1499,.T.);
#6766=EDGE_CURVE('',#5073,#4994,#3069,.T.);
#6769=EDGE_CURVE('',#5074,#4998,#2483,.T.);
#6771=EDGE_CURVE('',#4998,#4109,#1507,.T.);
#6773=EDGE_CURVE('',#4109,#4110,#1512,.T.);
#6777=ADVANCED_FACE('',(#6776),#6750,.F.);
#6783=EDGE_CURVE('',#5068,#5049,#1516,.T.);
#6787=EDGE_CURVE('',#4822,#4636,#1524,.T.);
#6789=EDGE_CURVE('',#4636,#4625,#1820,.T.);
#6791=EDGE_CURVE('',#4630,#4625,#1800,.T.);
#6793=EDGE_CURVE('',#4629,#4630,#1672,.T.);
#6795=EDGE_CURVE('',#4629,#5068,#1792,.T.);
#6799=ADVANCED_FACE('',(#6798),#6782,.F.);
#6805=EDGE_CURVE('',#5120,#5121,#1529,.T.);
#6807=EDGE_CURVE('',#5052,#5121,#1533,.T.);
#6809=EDGE_CURVE('',#5050,#5052,#1537,.T.);
#6813=EDGE_CURVE('',#5123,#5068,#1545,.T.);
#6815=EDGE_CURVE('',#5123,#5120,#1550,.T.);
#6819=ADVANCED_FACE('',(#6818),#6804,.T.);
#6825=EDGE_CURVE('',#5126,#5127,#1555,.T.);
#6827=EDGE_CURVE('',#5127,#5129,#1560,.T.);
#6829=EDGE_CURVE('',#5070,#5129,#1564,.T.);
#6831=EDGE_CURVE('',#5058,#5070,#2282,.T.);
#6834=EDGE_CURVE('',#5055,#5056,#1572,.T.);
#6836=EDGE_CURVE('',#5126,#5055,#1576,.T.);
#6840=ADVANCED_FACE('',(#6839),#6824,.T.);
#6846=EDGE_CURVE('',#5144,#5145,#1581,.T.);
#6848=EDGE_CURVE('',#5109,#5145,#1771,.T.);
#6850=EDGE_CURVE('',#5108,#5109,#1659,.T.);
#6852=EDGE_CURVE('',#5108,#5121,#1780,.T.);
#6855=EDGE_CURVE('',#5120,#5144,#1585,.T.);
#6859=ADVANCED_FACE('',(#6858),#6845,.T.);
#6865=EDGE_CURVE('',#5140,#5141,#1605,.T.);
#6867=EDGE_CURVE('',#5141,#5145,#1776,.T.);
#6870=EDGE_CURVE('',#5140,#5144,#1590,.T.);
#6874=ADVANCED_FACE('',(#6873),#6864,.T.);
#6880=EDGE_CURVE('',#5132,#5133,#1595,.T.);
#6882=EDGE_CURVE('',#5133,#5132,#1600,.T.);
#6886=ADVANCED_FACE('',(#6885),#6879,.T.);
#6893=EDGE_CURVE('',#5141,#5140,#1610,.T.);
#6897=ADVANCED_FACE('',(#6896),#6891,.T.);
#6904=EDGE_CURVE('',#5133,#5137,#1620,.T.);
#6906=EDGE_CURVE('',#5136,#5137,#1634,.T.);
#6908=EDGE_CURVE('',#5132,#5136,#1615,.T.);
#6912=ADVANCED_FACE('',(#6911),#6902,.T.);
#6920=EDGE_CURVE('',#5137,#5136,#1625,.T.);
#6925=ADVANCED_FACE('',(#6924),#6917,.T.);
#6932=EDGE_CURVE('',#5114,#5136,#1638,.T.);
#6934=EDGE_CURVE('',#5117,#5114,#1689,.T.);
#6936=EDGE_CURVE('',#5117,#5129,#1646,.T.);
#6939=EDGE_CURVE('',#5127,#5137,#1629,.T.);
#6943=ADVANCED_FACE('',(#6942),#6930,.T.);
#6952=EDGE_CURVE('',#5115,#5126,#1642,.T.);
#6954=EDGE_CURVE('',#5114,#5115,#1694,.T.);
#6959=ADVANCED_FACE('',(#6958),#6948,.T.);
#6967=EDGE_CURVE('',#5066,#5055,#1654,.T.);
#6969=EDGE_CURVE('',#5115,#5066,#1698,.T.);
#6973=ADVANCED_FACE('',(#6972),#6964,.T.);
#6980=EDGE_CURVE('',#4634,#5117,#1684,.T.);
#6982=EDGE_CURVE('',#4634,#5070,#1650,.T.);
#6987=ADVANCED_FACE('',(#6986),#6978,.T.);
#6993=EDGE_CURVE('',#5065,#5066,#1702,.T.);
#7000=ADVANCED_FACE('',(#6999),#6992,.T.);
#7007=EDGE_CURVE('',#5109,#5111,#1664,.T.);
#7009=EDGE_CURVE('',#5111,#4629,#1668,.T.);
#7012=EDGE_CURVE('',#4630,#4632,#1676,.T.);
#7014=EDGE_CURVE('',#4634,#4632,#1680,.T.);
#7022=EDGE_CURVE('',#4462,#4110,#1706,.T.);
#7024=EDGE_CURVE('',#4462,#4515,#1710,.T.);
#7026=EDGE_CURVE('',#4511,#4515,#2905,.T.);
#7028=EDGE_CURVE('',#4511,#4507,#1714,.T.);
#7030=EDGE_CURVE('',#4503,#4507,#2438,.T.);
#7032=EDGE_CURVE('',#4464,#4503,#1718,.T.);
#7034=EDGE_CURVE('',#4204,#4464,#1722,.T.);
#7037=EDGE_CURVE('',#4207,#4208,#1730,.T.);
#7039=EDGE_CURVE('',#4207,#4185,#1734,.T.);
#7041=EDGE_CURVE('',#4185,#4186,#1738,.T.);
#7044=EDGE_CURVE('',#4188,#4488,#2783,.T.);
#7046=EDGE_CURVE('',#4488,#4523,#1746,.T.);
#7048=EDGE_CURVE('',#4519,#4523,#2825,.T.);
#7050=EDGE_CURVE('',#4519,#4531,#1750,.T.);
#7052=EDGE_CURVE('',#4527,#4531,#2807,.T.);
#7054=EDGE_CURVE('',#4490,#4527,#1754,.T.);
#7056=EDGE_CURVE('',#4490,#4113,#2797,.T.);
#7059=EDGE_CURVE('',#5061,#5062,#1758,.T.);
#7061=EDGE_CURVE('',#5062,#5108,#1762,.T.);
#7065=ADVANCED_FACE('',(#7064),#7005,.T.);
#7071=EDGE_CURVE('',#5145,#5144,#1767,.T.);
#7075=EDGE_CURVE('',#5111,#5123,#1788,.T.);
#7081=ADVANCED_FACE('',(#7080),#7070,.T.);
#7093=ADVANCED_FACE('',(#7092),#7086,.T.);
#7101=EDGE_CURVE('',#5062,#5052,#1784,.T.);
#7106=ADVANCED_FACE('',(#7105),#7098,.T.);
#7118=ADVANCED_FACE('',(#7117),#7111,.T.);
#7130=ADVANCED_FACE('',(#7129),#7123,.T.);
#7138=EDGE_CURVE('',#4625,#4626,#1816,.T.);
#7140=EDGE_CURVE('',#4632,#4626,#2286,.T.);
#7144=ADVANCED_FACE('',(#7143),#7135,.F.);
#7150=EDGE_CURVE('',#4724,#4722,#1804,.T.);
#7152=EDGE_CURVE('',#4730,#4722,#1808,.T.);
#7154=EDGE_CURVE('',#4638,#4730,#1982,.T.);
#7156=EDGE_CURVE('',#4626,#4638,#1812,.T.);
#7160=EDGE_CURVE('',#4648,#4636,#1962,.T.);
#7162=EDGE_CURVE('',#4648,#4644,#1824,.T.);
#7164=EDGE_CURVE('',#4644,#4642,#1828,.T.);
#7166=EDGE_CURVE('',#4650,#4642,#1832,.T.);
#7168=EDGE_CURVE('',#4692,#4650,#1954,.T.);
#7170=EDGE_CURVE('',#4692,#4688,#1836,.T.);
#7172=EDGE_CURVE('',#4688,#4686,#1840,.T.);
#7174=EDGE_CURVE('',#4694,#4686,#1844,.T.);
#7176=EDGE_CURVE('',#4704,#4694,#1946,.T.);
#7178=EDGE_CURVE('',#4704,#4700,#1848,.T.);
#7180=EDGE_CURVE('',#4700,#4698,#1852,.T.);
#7182=EDGE_CURVE('',#4706,#4698,#1856,.T.);
#7184=EDGE_CURVE('',#4716,#4706,#1938,.T.);
#7186=EDGE_CURVE('',#4716,#4712,#1860,.T.);
#7188=EDGE_CURVE('',#4712,#4710,#1864,.T.);
#7190=EDGE_CURVE('',#4718,#4710,#1868,.T.);
#7192=EDGE_CURVE('',#4728,#4718,#1930,.T.);
#7194=EDGE_CURVE('',#4728,#4724,#1872,.T.);
#7198=ADVANCED_FACE('',(#7197),#7149,.T.);
#7204=EDGE_CURVE('',#4721,#4722,#1877,.T.);
#7207=EDGE_CURVE('',#4724,#4726,#1898,.T.);
#7209=EDGE_CURVE('',#4726,#4721,#1881,.T.);
#7213=ADVANCED_FACE('',(#7212),#7203,.T.);
#7220=EDGE_CURVE('',#4721,#4677,#1893,.T.);
#7222=EDGE_CURVE('',#4677,#4681,#2290,.T.);
#7224=EDGE_CURVE('',#4730,#4681,#1906,.T.);
#7229=ADVANCED_FACE('',(#7228),#7218,.T.);
#7236=EDGE_CURVE('',#4678,#4726,#1885,.T.);
#7238=EDGE_CURVE('',#4677,#4678,#1889,.T.);
#7243=ADVANCED_FACE('',(#7242),#7234,.T.);
#7251=EDGE_CURVE('',#4682,#4728,#1914,.T.);
#7253=EDGE_CURVE('',#4678,#4682,#1902,.T.);
#7258=ADVANCED_FACE('',(#7257),#7248,.T.);
#7264=EDGE_CURVE('',#4728,#4730,#1986,.T.);
#7267=EDGE_CURVE('',#4681,#4682,#1910,.T.);
#7272=ADVANCED_FACE('',(#7271),#7263,.F.);
#7279=EDGE_CURVE('',#4836,#4844,#1918,.T.);
#7281=EDGE_CURVE('',#4844,#4846,#1922,.T.);
#7283=EDGE_CURVE('',#4835,#4846,#1926,.T.);
#7287=ADVANCED_FACE('',(#7286),#7277,.T.);
#7294=EDGE_CURVE('',#4716,#4718,#1934,.T.);
#7297=EDGE_CURVE('',#4704,#4706,#1942,.T.);
#7300=EDGE_CURVE('',#4692,#4694,#1950,.T.);
#7303=EDGE_CURVE('',#4648,#4650,#1958,.T.);
#7308=EDGE_CURVE('',#4832,#4866,#1966,.T.);
#7310=EDGE_CURVE('',#4870,#4866,#2022,.T.);
#7312=EDGE_CURVE('',#4870,#4874,#1970,.T.);
#7314=EDGE_CURVE('',#4878,#4874,#2009,.T.);
#7316=EDGE_CURVE('',#4838,#4878,#1974,.T.);
#7319=EDGE_CURVE('',#4826,#4638,#1978,.T.);
#7325=ADVANCED_FACE('',(#7324),#7292,.T.);
#7331=EDGE_CURVE('',#4849,#4850,#1991,.T.);
#7333=EDGE_CURVE('',#4842,#4849,#2090,.T.);
#7335=EDGE_CURVE('',#4842,#4844,#2048,.T.);
#7341=ADVANCED_FACE('',(#7340),#7330,.T.);
#7349=EDGE_CURVE('',#4852,#4854,#2000,.T.);
#7351=EDGE_CURVE('',#4854,#4849,#2052,.T.);
#7355=ADVANCED_FACE('',(#7354),#7346,.T.);
#7364=EDGE_CURVE('',#4876,#4878,#2004,.T.);
#7366=EDGE_CURVE('',#4854,#4876,#2056,.T.);
#7370=ADVANCED_FACE('',(#7369),#7360,.T.);
#7376=EDGE_CURVE('',#4873,#4874,#2017,.T.);
#7378=EDGE_CURVE('',#4873,#4876,#2061,.T.);
#7384=ADVANCED_FACE('',(#7383),#7375,.T.);
#7390=EDGE_CURVE('',#4868,#4870,#2013,.T.);
#7392=EDGE_CURVE('',#4873,#4868,#2065,.T.);
#7398=ADVANCED_FACE('',(#7397),#7389,.T.);
#7404=EDGE_CURVE('',#4865,#4866,#2031,.T.);
#7406=EDGE_CURVE('',#4865,#4868,#2070,.T.);
#7412=ADVANCED_FACE('',(#7411),#7403,.T.);
#7418=EDGE_CURVE('',#4857,#4858,#2027,.T.);
#7420=EDGE_CURVE('',#4865,#4857,#2074,.T.);
#7427=ADVANCED_FACE('',(#7426),#7417,.T.);
#7435=EDGE_CURVE('',#4860,#4862,#2040,.T.);
#7437=EDGE_CURVE('',#4862,#4857,#2078,.T.);
#7441=ADVANCED_FACE('',(#7440),#7432,.T.);
#7450=EDGE_CURVE('',#4841,#4846,#2044,.T.);
#7452=EDGE_CURVE('',#4862,#4841,#2082,.T.);
#7456=ADVANCED_FACE('',(#7455),#7446,.T.);
#7464=EDGE_CURVE('',#4841,#4842,#2086,.T.);
#7469=ADVANCED_FACE('',(#7468),#7461,.T.);
#7487=ADVANCED_FACE('',(#7486),#7474,.T.);
#7494=EDGE_CURVE('',#4718,#4673,#2094,.T.);
#7496=EDGE_CURVE('',#4673,#4674,#2098,.T.);
#7498=EDGE_CURVE('',#4674,#4716,#2102,.T.);
#7502=ADVANCED_FACE('',(#7501),#7492,.F.);
#7508=EDGE_CURVE('',#4709,#4710,#2107,.T.);
#7510=EDGE_CURVE('',#4709,#4669,#2136,.T.);
#7512=EDGE_CURVE('',#4669,#4673,#2120,.T.);
#7518=ADVANCED_FACE('',(#7517),#7507,.T.);
#7526=EDGE_CURVE('',#4712,#4714,#2112,.T.);
#7528=EDGE_CURVE('',#4714,#4709,#2124,.T.);
#7532=ADVANCED_FACE('',(#7531),#7523,.T.);
#7541=EDGE_CURVE('',#4670,#4674,#2116,.T.);
#7543=EDGE_CURVE('',#4670,#4714,#2128,.T.);
#7547=ADVANCED_FACE('',(#7546),#7537,.T.);
#7553=EDGE_CURVE('',#4669,#4670,#2132,.T.);
#7560=ADVANCED_FACE('',(#7559),#7552,.T.);
#7572=ADVANCED_FACE('',(#7571),#7565,.T.);
#7579=EDGE_CURVE('',#4706,#4665,#2140,.T.);
#7581=EDGE_CURVE('',#4665,#4666,#2144,.T.);
#7583=EDGE_CURVE('',#4666,#4704,#2148,.T.);
#7587=ADVANCED_FACE('',(#7586),#7577,.F.);
#7593=EDGE_CURVE('',#4697,#4698,#2153,.T.);
#7595=EDGE_CURVE('',#4697,#4661,#2182,.T.);
#7597=EDGE_CURVE('',#4661,#4665,#2166,.T.);
#7603=ADVANCED_FACE('',(#7602),#7592,.T.);
#7611=EDGE_CURVE('',#4700,#4702,#2158,.T.);
#7613=EDGE_CURVE('',#4702,#4697,#2170,.T.);
#7617=ADVANCED_FACE('',(#7616),#7608,.T.);
#7626=EDGE_CURVE('',#4662,#4666,#2162,.T.);
#7628=EDGE_CURVE('',#4662,#4702,#2174,.T.);
#7632=ADVANCED_FACE('',(#7631),#7622,.T.);
#7638=EDGE_CURVE('',#4661,#4662,#2178,.T.);
#7645=ADVANCED_FACE('',(#7644),#7637,.T.);
#7657=ADVANCED_FACE('',(#7656),#7650,.T.);
#7664=EDGE_CURVE('',#4694,#4657,#2186,.T.);
#7666=EDGE_CURVE('',#4657,#4658,#2190,.T.);
#7668=EDGE_CURVE('',#4658,#4692,#2194,.T.);
#7672=ADVANCED_FACE('',(#7671),#7662,.F.);
#7678=EDGE_CURVE('',#4685,#4686,#2199,.T.);
#7680=EDGE_CURVE('',#4685,#4653,#2228,.T.);
#7682=EDGE_CURVE('',#4653,#4657,#2212,.T.);
#7688=ADVANCED_FACE('',(#7687),#7677,.T.);
#7696=EDGE_CURVE('',#4688,#4690,#2204,.T.);
#7698=EDGE_CURVE('',#4690,#4685,#2216,.T.);
#7702=ADVANCED_FACE('',(#7701),#7693,.T.);
#7711=EDGE_CURVE('',#4654,#4658,#2208,.T.);
#7713=EDGE_CURVE('',#4654,#4690,#2220,.T.);
#7717=ADVANCED_FACE('',(#7716),#7707,.T.);
#7723=EDGE_CURVE('',#4653,#4654,#2224,.T.);
#7730=ADVANCED_FACE('',(#7729),#7722,.T.);
#7742=ADVANCED_FACE('',(#7741),#7735,.T.);
#7749=EDGE_CURVE('',#4650,#4571,#2232,.T.);
#7751=EDGE_CURVE('',#4571,#4572,#2236,.T.);
#7753=EDGE_CURVE('',#4572,#4648,#2240,.T.);
#7757=ADVANCED_FACE('',(#7756),#7747,.F.);
#7763=EDGE_CURVE('',#4641,#4642,#2245,.T.);
#7765=EDGE_CURVE('',#4641,#4567,#2274,.T.);
#7767=EDGE_CURVE('',#4567,#4571,#2258,.T.);
#7773=ADVANCED_FACE('',(#7772),#7762,.T.);
#7781=EDGE_CURVE('',#4644,#4646,#2250,.T.);
#7783=EDGE_CURVE('',#4646,#4641,#2262,.T.);
#7787=ADVANCED_FACE('',(#7786),#7778,.T.);
#7796=EDGE_CURVE('',#4568,#4572,#2254,.T.);
#7798=EDGE_CURVE('',#4568,#4646,#2266,.T.);
#7802=ADVANCED_FACE('',(#7801),#7792,.T.);
#7808=EDGE_CURVE('',#4567,#4568,#2270,.T.);
#7815=ADVANCED_FACE('',(#7814),#7807,.T.);
#7827=ADVANCED_FACE('',(#7826),#7820,.T.);
#7843=ADVANCED_FACE('',(#7842),#7832,.F.);
#7855=ADVANCED_FACE('',(#7854),#7848,.T.);
#7861=EDGE_CURVE('',#4456,#4462,#2295,.T.);
#7865=EDGE_CURVE('',#4456,#4109,#2299,.T.);
#7869=ADVANCED_FACE('',(#7868),#7860,.T.);
#7875=EDGE_CURVE('',#4460,#4464,#2304,.T.);
#7877=EDGE_CURVE('',#4203,#4460,#2308,.T.);
#7883=ADVANCED_FACE('',(#7882),#7874,.T.);
#7890=EDGE_CURVE('',#4614,#4467,#2330,.T.);
#7892=EDGE_CURVE('',#4467,#4468,#2347,.T.);
#7894=EDGE_CURVE('',#4468,#4474,#2364,.T.);
#7896=EDGE_CURVE('',#4474,#4516,#2385,.T.);
#7898=EDGE_CURVE('',#4515,#4516,#2321,.T.);
#7902=EDGE_CURVE('',#4455,#4456,#2508,.T.);
#7904=EDGE_CURVE('',#4593,#4455,#2492,.T.);
#7906=EDGE_CURVE('',#4592,#4593,#2325,.T.);
#7910=ADVANCED_FACE('',(#7909),#7888,.F.);
#7919=EDGE_CURVE('',#4467,#4122,#2351,.T.);
#7923=ADVANCED_FACE('',(#7922),#7915,.F.);
#7929=EDGE_CURVE('',#4612,#4471,#2339,.T.);
#7931=EDGE_CURVE('',#4142,#4471,#2359,.T.);
#7937=ADVANCED_FACE('',(#7936),#7928,.F.);
#7946=EDGE_CURVE('',#4468,#4124,#2368,.T.);
#7950=ADVANCED_FACE('',(#7949),#7942,.F.);
#7956=EDGE_CURVE('',#4471,#4472,#2355,.T.);
#7958=EDGE_CURVE('',#4144,#4472,#2377,.T.);
#7964=ADVANCED_FACE('',(#7963),#7955,.F.);
#7973=EDGE_CURVE('',#4474,#4126,#2389,.T.);
#7977=ADVANCED_FACE('',(#7976),#7969,.F.);
#7983=EDGE_CURVE('',#4472,#4476,#2373,.T.);
#7985=EDGE_CURVE('',#4214,#4476,#2421,.T.);
#7991=ADVANCED_FACE('',(#7990),#7982,.F.);
#7997=EDGE_CURVE('',#4512,#4508,#2381,.T.);
#7999=EDGE_CURVE('',#4516,#4512,#2910,.T.);
#8004=EDGE_CURVE('',#4498,#4128,#2733,.T.);
#8006=EDGE_CURVE('',#4498,#4528,#2393,.T.);
#8008=EDGE_CURVE('',#4532,#4528,#2812,.T.);
#8010=EDGE_CURVE('',#4520,#4532,#2397,.T.);
#8012=EDGE_CURVE('',#4524,#4520,#2830,.T.);
#8014=EDGE_CURVE('',#4496,#4524,#2401,.T.);
#8016=EDGE_CURVE('',#4196,#4496,#2719,.T.);
#8019=EDGE_CURVE('',#4193,#4194,#2409,.T.);
#8021=EDGE_CURVE('',#4211,#4193,#3005,.T.);
#8023=EDGE_CURVE('',#4211,#4212,#2413,.T.);
#8027=EDGE_CURVE('',#4476,#4504,#2425,.T.);
#8029=EDGE_CURVE('',#4508,#4504,#2443,.T.);
#8033=ADVANCED_FACE('',(#8032),#7996,.F.);
#8039=EDGE_CURVE('',#4507,#4508,#2429,.T.);
#8042=EDGE_CURVE('',#4511,#4512,#2433,.T.);
#8047=ADVANCED_FACE('',(#8046),#8038,.F.);
#8053=EDGE_CURVE('',#4503,#4504,#2451,.T.);
#8060=ADVANCED_FACE('',(#8059),#8052,.F.);
#8066=EDGE_CURVE('',#4610,#4587,#2447,.T.);
#8068=EDGE_CURVE('',#4610,#4459,#2478,.T.);
#8070=EDGE_CURVE('',#4459,#4460,#2496,.T.);
#8082=ADVANCED_FACE('',(#8081),#8065,.F.);
#8089=EDGE_CURVE('',#4584,#4610,#2468,.T.);
#8093=EDGE_CURVE('',#4583,#4588,#2530,.T.);
#8097=ADVANCED_FACE('',(#8096),#8087,.F.);
#8107=EDGE_CURVE('',#4102,#4459,#2500,.T.);
#8111=ADVANCED_FACE('',(#8110),#8102,.T.);
#8120=EDGE_CURVE('',#4593,#4594,#2521,.T.);
#8123=EDGE_CURVE('',#4455,#4998,#2504,.T.);
#8127=ADVANCED_FACE('',(#8126),#8116,.T.);
#8139=ADVANCED_FACE('',(#8138),#8132,.T.);
#8151=ADVANCED_FACE('',(#8150),#8144,.T.);
#8161=EDGE_CURVE('',#4591,#4596,#2542,.T.);
#8165=ADVANCED_FACE('',(#8164),#8156,.F.);
#8173=EDGE_CURVE('',#4599,#4604,#2534,.T.);
#8178=ADVANCED_FACE('',(#8177),#8170,.T.);
#8184=EDGE_CURVE('',#4622,#4608,#2538,.T.);
#8191=ADVANCED_FACE('',(#8190),#8183,.T.);
#8199=EDGE_CURVE('',#4950,#4926,#2550,.T.);
#8204=ADVANCED_FACE('',(#8203),#8196,.T.);
#8210=EDGE_CURVE('',#4901,#4906,#2554,.T.);
#8213=EDGE_CURVE('',#4922,#4944,#2558,.T.);
#8218=ADVANCED_FACE('',(#8217),#8209,.T.);
#8225=EDGE_CURVE('',#4600,#4603,#2576,.T.);
#8231=ADVANCED_FACE('',(#8230),#8223,.F.);
#8243=ADVANCED_FACE('',(#8242),#8236,.T.);
#8252=EDGE_CURVE('',#4619,#4607,#2590,.T.);
#8256=ADVANCED_FACE('',(#8255),#8248,.F.);
#8265=EDGE_CURVE('',#4616,#4620,#2594,.T.);
#8269=ADVANCED_FACE('',(#8268),#8261,.T.);
#8278=EDGE_CURVE('',#4579,#4575,#2602,.T.);
#8282=ADVANCED_FACE('',(#8281),#8274,.T.);
#8289=EDGE_CURVE('',#4580,#4576,#2598,.T.);
#8295=ADVANCED_FACE('',(#8294),#8287,.T.);
#8304=EDGE_CURVE('',#4828,#4830,#2610,.T.);
#8308=ADVANCED_FACE('',(#8307),#8300,.T.);
#8314=EDGE_CURVE('',#4881,#4882,#2606,.T.);
#8321=ADVANCED_FACE('',(#8320),#8313,.T.);
#8329=EDGE_CURVE('',#4885,#4886,#2628,.T.);
#8334=ADVANCED_FACE('',(#8333),#8326,.F.);
#8346=ADVANCED_FACE('',(#8345),#8339,.T.);
#8352=EDGE_CURVE('',#4923,#4924,#2636,.T.);
#8357=EDGE_CURVE('',#4952,#4923,#2673,.T.);
#8361=ADVANCED_FACE('',(#8360),#8351,.F.);
#8369=EDGE_CURVE('',#4478,#4923,#2651,.T.);
#8371=EDGE_CURVE('',#4105,#4478,#2655,.T.);
#8376=ADVANCED_FACE('',(#8375),#8366,.T.);
#8383=EDGE_CURVE('',#5097,#5103,#2838,.T.);
#8386=EDGE_CURVE('',#4500,#4996,#2664,.T.);
#8388=EDGE_CURVE('',#4500,#4916,#2669,.T.);
#8390=EDGE_CURVE('',#4915,#4916,#2753,.T.);
#8394=ADVANCED_FACE('',(#8393),#8381,.T.);
#8402=EDGE_CURVE('',#4484,#4954,#2690,.T.);
#8404=EDGE_CURVE('',#4480,#4484,#2707,.T.);
#8406=EDGE_CURVE('',#4496,#4480,#2724,.T.);
#8409=EDGE_CURVE('',#4523,#4524,#2681,.T.);
#8412=EDGE_CURVE('',#4488,#4492,#2793,.T.);
#8414=EDGE_CURVE('',#4492,#4478,#2767,.T.);
#8419=ADVANCED_FACE('',(#8418),#8399,.F.);
#8427=EDGE_CURVE('',#4148,#4484,#2685,.T.);
#8432=ADVANCED_FACE('',(#8431),#8424,.F.);
#8439=EDGE_CURVE('',#4486,#4948,#2695,.T.);
#8441=EDGE_CURVE('',#4486,#4132,#2699,.T.);
#8446=ADVANCED_FACE('',(#8445),#8437,.F.);
#8452=EDGE_CURVE('',#4147,#4480,#2703,.T.);
#8459=ADVANCED_FACE('',(#8458),#8451,.F.);
#8465=EDGE_CURVE('',#4482,#4130,#2711,.T.);
#8469=EDGE_CURVE('',#4482,#4486,#2715,.T.);
#8473=ADVANCED_FACE('',(#8472),#8464,.F.);
#8485=ADVANCED_FACE('',(#8484),#8478,.F.);
#8492=EDGE_CURVE('',#4498,#4482,#2729,.T.);
#8498=ADVANCED_FACE('',(#8497),#8490,.F.);
#8504=EDGE_CURVE('',#4916,#4946,#2737,.T.);
#8507=EDGE_CURVE('',#4494,#4500,#2779,.T.);
#8509=EDGE_CURVE('',#4490,#4494,#2802,.T.);
#8512=EDGE_CURVE('',#4527,#4528,#2741,.T.);
#8521=ADVANCED_FACE('',(#8520),#8503,.F.);
#8534=ADVANCED_FACE('',(#8533),#8526,.F.);
#8542=EDGE_CURVE('',#4190,#4492,#2771,.T.);
#8547=ADVANCED_FACE('',(#8546),#8539,.T.);
#8554=EDGE_CURVE('',#4494,#4114,#2775,.T.);
#8560=ADVANCED_FACE('',(#8559),#8552,.T.);
#8572=ADVANCED_FACE('',(#8571),#8565,.T.);
#8584=ADVANCED_FACE('',(#8583),#8577,.T.);
#8592=EDGE_CURVE('',#4531,#4532,#2820,.T.);
#8597=ADVANCED_FACE('',(#8596),#8589,.F.);
#8603=EDGE_CURVE('',#4519,#4520,#2816,.T.);
#8610=ADVANCED_FACE('',(#8609),#8602,.F.);
#8622=ADVANCED_FACE('',(#8621),#8615,.F.);
#8635=ADVANCED_FACE('',(#8634),#8627,.F.);
#8642=EDGE_CURVE('',#4902,#4905,#2862,.T.);
#8648=ADVANCED_FACE('',(#8647),#8640,.F.);
#8656=EDGE_CURVE('',#4942,#4937,#2866,.T.);
#8661=ADVANCED_FACE('',(#8660),#8653,.F.);
#8668=EDGE_CURVE('',#4940,#4938,#2874,.T.);
#8674=ADVANCED_FACE('',(#8673),#8666,.T.);
#8680=EDGE_CURVE('',#4934,#4929,#2870,.T.);
#8687=ADVANCED_FACE('',(#8686),#8679,.F.);
#8694=EDGE_CURVE('',#4932,#4930,#2882,.T.);
#8700=ADVANCED_FACE('',(#8699),#8692,.T.);
#8706=EDGE_CURVE('',#4909,#4914,#2878,.T.);
#8713=ADVANCED_FACE('',(#8712),#8705,.F.);
#8720=EDGE_CURVE('',#4910,#4913,#2900,.T.);
#8726=ADVANCED_FACE('',(#8725),#8718,.F.);
#8738=ADVANCED_FACE('',(#8737),#8731,.F.);
#8750=ADVANCED_FACE('',(#8749),#8743,.F.);
#8756=EDGE_CURVE('',#4234,#4232,#2914,.T.);
#8758=EDGE_CURVE('',#4200,#4232,#2940,.T.);
#8760=EDGE_CURVE('',#4193,#4200,#3010,.T.);
#8765=EDGE_CURVE('',#4185,#4198,#2988,.T.);
#8767=EDGE_CURVE('',#4234,#4198,#2961,.T.);
#8771=ADVANCED_FACE('',(#8770),#8755,.T.);
#8777=EDGE_CURVE('',#4231,#4232,#2923,.T.);
#8780=EDGE_CURVE('',#4234,#4236,#2957,.T.);
#8782=EDGE_CURVE('',#4236,#4231,#2944,.T.);
#8786=ADVANCED_FACE('',(#8785),#8776,.T.);
#8793=EDGE_CURVE('',#4244,#4231,#2952,.T.);
#8795=EDGE_CURVE('',#4242,#4244,#2928,.T.);
#8797=EDGE_CURVE('',#4218,#4242,#2932,.T.);
#8799=EDGE_CURVE('',#4218,#4200,#2936,.T.);
#8804=ADVANCED_FACE('',(#8803),#8791,.T.);
#8811=EDGE_CURVE('',#4239,#4236,#2974,.T.);
#8813=EDGE_CURVE('',#4244,#4239,#2948,.T.);
#8818=ADVANCED_FACE('',(#8817),#8809,.T.);
#8826=EDGE_CURVE('',#4216,#4198,#2983,.T.);
#8828=EDGE_CURVE('',#4240,#4216,#2965,.T.);
#8830=EDGE_CURVE('',#4239,#4240,#2970,.T.);
#8835=ADVANCED_FACE('',(#8834),#8823,.T.);
#8841=EDGE_CURVE('',#4207,#4216,#2979,.T.);
#8848=ADVANCED_FACE('',(#8847),#8840,.F.);
#8854=EDGE_CURVE('',#4242,#4240,#2992,.T.);
#8861=EDGE_CURVE('',#4211,#4218,#3001,.T.);
#8866=ADVANCED_FACE('',(#8865),#8853,.T.);
#8878=ADVANCED_FACE('',(#8877),#8871,.T.);
#8890=ADVANCED_FACE('',(#8889),#8883,.T.);
#8899=EDGE_CURVE('',#4981,#4970,#3023,.T.);
#8903=ADVANCED_FACE('',(#8902),#8895,.F.);
#8910=EDGE_CURVE('',#4984,#5004,#3031,.T.);
#8917=ADVANCED_FACE('',(#8916),#8908,.T.);
#8929=ADVANCED_FACE('',(#8928),#8922,.T.);
#8935=EDGE_CURVE('',#5012,#5010,#3035,.T.);
#8937=EDGE_CURVE('',#4990,#5010,#3048,.T.);
#8943=ADVANCED_FACE('',(#8942),#8934,.T.);
#8949=EDGE_CURVE('',#5009,#5010,#3044,.T.);
#8956=ADVANCED_FACE('',(#8955),#8948,.T.);
#8964=EDGE_CURVE('',#4992,#4973,#3052,.T.);
#8970=ADVANCED_FACE('',(#8969),#8961,.T.);
#8979=EDGE_CURVE('',#4994,#4974,#3073,.T.);
#8983=ADVANCED_FACE('',(#8982),#8975,.F.);
#8991=EDGE_CURVE('',#5081,#5085,#3083,.T.);
#8998=EDGE_CURVE('',#5044,#5046,#3078,.T.);
#9000=EDGE_CURVE('',#5038,#5044,#3096,.T.);
#9004=ADVANCED_FACE('',(#9003),#8988,.T.);
#9016=ADVANCED_FACE('',(#9015),#9009,.F.);
#9023=EDGE_CURVE('',#5044,#5042,#3100,.T.);
#9029=ADVANCED_FACE('',(#9028),#9021,.T.);
#9041=ADVANCED_FACE('',(#9040),#9034,.T.);
#9052=EDGE_CURVE('',#4732,#4734,#3117,.T.);
#9056=ADVANCED_FACE('',(#9055),#9046,.T.);
#9067=ADVANCED_FACE('',(#9066),#9061,.T.);
#9076=EDGE_CURVE('',#4387,#4405,#3125,.T.);
#9080=ADVANCED_FACE('',(#9079),#9072,.F.);
#9086=EDGE_CURVE('',#4446,#4447,#3133,.T.);
#9088=EDGE_CURVE('',#4449,#4446,#3137,.T.);
#9090=EDGE_CURVE('',#4448,#4449,#3145,.T.);
#9097=ADVANCED_FACE('',(#9096),#9085,.T.);
#9103=EDGE_CURVE('',#4443,#4444,#3153,.T.);
#9105=EDGE_CURVE('',#4446,#4444,#3173,.T.);
#9111=ADVANCED_FACE('',(#9110),#9102,.T.);
#9119=EDGE_CURVE('',#4392,#4412,#3157,.T.);
#9122=EDGE_CURVE('',#4451,#4452,#3165,.T.);
#9124=EDGE_CURVE('',#4451,#4444,#3177,.T.);
#9128=ADVANCED_FACE('',(#9127),#9116,.T.);
#9140=ADVANCED_FACE('',(#9139),#9133,.T.);
#9147=EDGE_CURVE('',#4451,#4449,#3181,.T.);
#9153=ADVANCED_FACE('',(#9152),#9145,.T.);
#9165=ADVANCED_FACE('',(#9164),#9158,.T.);
#9171=EDGE_CURVE('',#4368,#4364,#3185,.T.);
#9173=EDGE_CURVE('',#4364,#4248,#3494,.T.);
#9176=EDGE_CURVE('',#4368,#4247,#3189,.T.);
#9180=ADVANCED_FACE('',(#9179),#9170,.T.);
#9186=EDGE_CURVE('',#4366,#4362,#3225,.T.);
#9188=EDGE_CURVE('',#4362,#4364,#3499,.T.);
#9191=EDGE_CURVE('',#4366,#4368,#3194,.T.);
#9195=ADVANCED_FACE('',(#9194),#9185,.T.);
#9201=EDGE_CURVE('',#4344,#4339,#3198,.T.);
#9203=EDGE_CURVE('',#4346,#4344,#3203,.T.);
#9205=EDGE_CURVE('',#4350,#4346,#3207,.T.);
#9207=EDGE_CURVE('',#4354,#4350,#3212,.T.);
#9209=EDGE_CURVE('',#4358,#4354,#3216,.T.);
#9211=EDGE_CURVE('',#4362,#4358,#3221,.T.);
#9214=EDGE_CURVE('',#4370,#4366,#3230,.T.);
#9216=EDGE_CURVE('',#4376,#4370,#3234,.T.);
#9218=EDGE_CURVE('',#4336,#4376,#3238,.T.);
#9220=EDGE_CURVE('',#4334,#4336,#3242,.T.);
#9222=EDGE_CURVE('',#4332,#4334,#3246,.T.);
#9224=EDGE_CURVE('',#4330,#4332,#3250,.T.);
#9226=EDGE_CURVE('',#4328,#4330,#3254,.T.);
#9228=EDGE_CURVE('',#4326,#4328,#3258,.T.);
#9230=EDGE_CURVE('',#4324,#4326,#3262,.T.);
#9232=EDGE_CURVE('',#4322,#4324,#3266,.T.);
#9234=EDGE_CURVE('',#4320,#4322,#3270,.T.);
#9236=EDGE_CURVE('',#4318,#4320,#3274,.T.);
#9238=EDGE_CURVE('',#4316,#4318,#3278,.T.);
#9240=EDGE_CURVE('',#4314,#4316,#3282,.T.);
#9242=EDGE_CURVE('',#4312,#4314,#3286,.T.);
#9244=EDGE_CURVE('',#4310,#4312,#3290,.T.);
#9246=EDGE_CURVE('',#4308,#4310,#3294,.T.);
#9248=EDGE_CURVE('',#4306,#4308,#3298,.T.);
#9250=EDGE_CURVE('',#4304,#4306,#3302,.T.);
#9252=EDGE_CURVE('',#4303,#4304,#3306,.T.);
#9254=EDGE_CURVE('',#4339,#4303,#3310,.T.);
#9258=ADVANCED_FACE('',(#9257),#9200,.T.);
#9264=EDGE_CURVE('',#4339,#4340,#3320,.T.);
#9266=EDGE_CURVE('',#4342,#4340,#3427,.T.);
#9268=EDGE_CURVE('',#4344,#4342,#3315,.T.);
#9273=ADVANCED_FACE('',(#9272),#9263,.T.);
#9281=EDGE_CURVE('',#4303,#4262,#3328,.T.);
#9284=EDGE_CURVE('',#4340,#4260,#3324,.T.);
#9288=ADVANCED_FACE('',(#9287),#9278,.T.);
#9297=EDGE_CURVE('',#4304,#4264,#3332,.T.);
#9301=ADVANCED_FACE('',(#9300),#9293,.T.);
#9310=EDGE_CURVE('',#4306,#4266,#3336,.T.);
#9314=ADVANCED_FACE('',(#9313),#9306,.T.);
#9323=EDGE_CURVE('',#4308,#4268,#3340,.T.);
#9327=ADVANCED_FACE('',(#9326),#9319,.T.);
#9336=EDGE_CURVE('',#4310,#4270,#3344,.T.);
#9340=ADVANCED_FACE('',(#9339),#9332,.T.);
#9349=EDGE_CURVE('',#4312,#4272,#3348,.T.);
#9353=ADVANCED_FACE('',(#9352),#9345,.T.);
#9362=EDGE_CURVE('',#4314,#4274,#3352,.T.);
#9366=ADVANCED_FACE('',(#9365),#9358,.T.);
#9375=EDGE_CURVE('',#4316,#4276,#3356,.T.);
#9379=ADVANCED_FACE('',(#9378),#9371,.T.);
#9388=EDGE_CURVE('',#4318,#4278,#3360,.T.);
#9392=ADVANCED_FACE('',(#9391),#9384,.T.);
#9401=EDGE_CURVE('',#4320,#4280,#3364,.T.);
#9405=ADVANCED_FACE('',(#9404),#9397,.T.);
#9414=EDGE_CURVE('',#4322,#4282,#3368,.T.);
#9418=ADVANCED_FACE('',(#9417),#9410,.T.);
#9427=EDGE_CURVE('',#4324,#4284,#3372,.T.);
#9431=ADVANCED_FACE('',(#9430),#9423,.T.);
#9440=EDGE_CURVE('',#4326,#4286,#3376,.T.);
#9444=ADVANCED_FACE('',(#9443),#9436,.T.);
#9453=EDGE_CURVE('',#4328,#4288,#3380,.T.);
#9457=ADVANCED_FACE('',(#9456),#9449,.T.);
#9466=EDGE_CURVE('',#4330,#4290,#3384,.T.);
#9470=ADVANCED_FACE('',(#9469),#9462,.T.);
#9479=EDGE_CURVE('',#4332,#4292,#3388,.T.);
#9483=ADVANCED_FACE('',(#9482),#9475,.T.);
#9492=EDGE_CURVE('',#4334,#4294,#3392,.T.);
#9496=ADVANCED_FACE('',(#9495),#9488,.T.);
#9505=EDGE_CURVE('',#4336,#4296,#3401,.T.);
#9509=ADVANCED_FACE('',(#9508),#9501,.T.);
#9515=EDGE_CURVE('',#4375,#4376,#3397,.T.);
#9517=EDGE_CURVE('',#4375,#4298,#3423,.T.);
#9524=ADVANCED_FACE('',(#9523),#9514,.T.);
#9532=EDGE_CURVE('',#4370,#4372,#3406,.T.);
#9534=EDGE_CURVE('',#4375,#4372,#3419,.T.);
#9538=ADVANCED_FACE('',(#9537),#9529,.T.);
#9558=EDGE_CURVE('',#4372,#4368,#3411,.T.);
#9563=ADVANCED_FACE('',(#9562),#9555,.T.);
#9572=EDGE_CURVE('',#4372,#4300,#3415,.T.);
#9576=ADVANCED_FACE('',(#9575),#9568,.T.);
#9588=ADVANCED_FACE('',(#9587),#9581,.T.);
#9597=EDGE_CURVE('',#4342,#4258,#3431,.T.);
#9601=ADVANCED_FACE('',(#9600),#9593,.T.);
#9607=EDGE_CURVE('',#4348,#4342,#3436,.T.);
#9611=EDGE_CURVE('',#4348,#4256,#3440,.T.);
#9615=ADVANCED_FACE('',(#9614),#9606,.T.);
#9636=EDGE_CURVE('',#4346,#4348,#3445,.T.);
#9640=ADVANCED_FACE('',(#9639),#9632,.T.);
#9648=EDGE_CURVE('',#4352,#4348,#3454,.T.);
#9650=EDGE_CURVE('',#4350,#4352,#3450,.T.);
#9654=ADVANCED_FACE('',(#9653),#9645,.T.);
#9663=EDGE_CURVE('',#4352,#4254,#3458,.T.);
#9667=ADVANCED_FACE('',(#9666),#9659,.T.);
#9673=EDGE_CURVE('',#4356,#4352,#3463,.T.);
#9677=EDGE_CURVE('',#4356,#4252,#3467,.T.);
#9681=ADVANCED_FACE('',(#9680),#9672,.T.);
#9702=EDGE_CURVE('',#4354,#4356,#3472,.T.);
#9706=ADVANCED_FACE('',(#9705),#9698,.T.);
#9714=EDGE_CURVE('',#4360,#4356,#3481,.T.);
#9716=EDGE_CURVE('',#4358,#4360,#3477,.T.);
#9720=ADVANCED_FACE('',(#9719),#9711,.T.);
#9729=EDGE_CURVE('',#4360,#4250,#3485,.T.);
#9733=ADVANCED_FACE('',(#9732),#9725,.T.);
#9739=EDGE_CURVE('',#4364,#4360,#3490,.T.);
#9746=ADVANCED_FACE('',(#9745),#9738,.T.);
#9770=ADVANCED_FACE('',(#9769),#9763,.T.);
#9778=EDGE_CURVE('',#4559,#4560,#3507,.T.);
#9783=ADVANCED_FACE('',(#9782),#9775,.F.);
#9791=EDGE_CURVE('',#4563,#4564,#3525,.T.);
#9796=ADVANCED_FACE('',(#9795),#9788,.F.);
#9802=EDGE_CURVE('',#4551,#4552,#3521,.T.);
#9809=ADVANCED_FACE('',(#9808),#9801,.F.);
#9817=EDGE_CURVE('',#4555,#4556,#3543,.T.);
#9822=ADVANCED_FACE('',(#9821),#9814,.F.);
#9828=EDGE_CURVE('',#4773,#4774,#3539,.T.);
#9835=ADVANCED_FACE('',(#9834),#9827,.F.);
#9841=EDGE_CURVE('',#4793,#4794,#3547,.T.);
#9848=ADVANCED_FACE('',(#9847),#9840,.T.);
#9854=EDGE_CURVE('',#4789,#4790,#3561,.T.);
#9861=ADVANCED_FACE('',(#9860),#9853,.F.);
#9869=EDGE_CURVE('',#4765,#4766,#3565,.T.);
#9874=ADVANCED_FACE('',(#9873),#9866,.F.);
#9882=EDGE_CURVE('',#4769,#4770,#3583,.T.);
#9887=ADVANCED_FACE('',(#9886),#9879,.F.);
#9893=EDGE_CURVE('',#4757,#4758,#3579,.T.);
#9900=ADVANCED_FACE('',(#9899),#9892,.F.);
#9912=ADVANCED_FACE('',(#9911),#9905,.F.);
#9918=EDGE_CURVE('',#4805,#4806,#3597,.T.);
#9921=EDGE_CURVE('',#4745,#4746,#3601,.T.);
#9926=ADVANCED_FACE('',(#9925),#9917,.F.);
#9934=EDGE_CURVE('',#4809,#4810,#3615,.T.);
#9939=ADVANCED_FACE('',(#9938),#9931,.F.);
#9947=EDGE_CURVE('',#4781,#4782,#3619,.T.);
#9952=ADVANCED_FACE('',(#9951),#9944,.T.);
#9960=EDGE_CURVE('',#4535,#4536,#3623,.T.);
#9965=ADVANCED_FACE('',(#9964),#9957,.F.);
#9973=EDGE_CURVE('',#4539,#4540,#3637,.T.);
#9978=ADVANCED_FACE('',(#9977),#9970,.F.);
#9986=EDGE_CURVE('',#4543,#4544,#3641,.T.);
#9991=ADVANCED_FACE('',(#9990),#9983,.F.);
#9999=EDGE_CURVE('',#4547,#4548,#3659,.T.);
#10004=ADVANCED_FACE('',(#10003),#9996,.F.);
#10010=EDGE_CURVE('',#4785,#4786,#3655,.T.);
#10017=ADVANCED_FACE('',(#10016),#10009,.F.);
#10023=EDGE_CURVE('',#4817,#4818,#3663,.T.);
#10030=ADVANCED_FACE('',(#10029),#10022,.T.);
#10036=EDGE_CURVE('',#4813,#4814,#3677,.T.);
#10043=ADVANCED_FACE('',(#10042),#10035,.F.);
#10051=EDGE_CURVE('',#4749,#4750,#3681,.T.);
#10056=ADVANCED_FACE('',(#10055),#10048,.F.);
#10064=EDGE_CURVE('',#4753,#4754,#3699,.T.);
#10069=ADVANCED_FACE('',(#10068),#10061,.F.);
#10075=EDGE_CURVE('',#4741,#4742,#3695,.T.);
#10082=ADVANCED_FACE('',(#10081),#10074,.F.);
#10094=ADVANCED_FACE('',(#10093),#10087,.F.);
#10103=EDGE_CURVE('',#4738,#4736,#3714,.T.);
#10109=ADVANCED_FACE('',(#10108),#10099,.T.);
#10120=ADVANCED_FACE('',(#10119),#10114,.T.);
#10127=EDGE_CURVE('',#5239,#5148,#3722,.T.);
#10129=EDGE_CURVE('',#5148,#5149,#3903,.T.);
#10131=EDGE_CURVE('',#5238,#5149,#3898,.T.);
#10135=ADVANCED_FACE('',(#10134),#10125,.T.);
#10142=EDGE_CURVE('',#5325,#5235,#3726,.T.);
#10144=EDGE_CURVE('',#5235,#5148,#3907,.T.);
#10149=ADVANCED_FACE('',(#10148),#10140,.F.);
#10156=EDGE_CURVE('',#5323,#5233,#3730,.T.);
#10158=EDGE_CURVE('',#5233,#5235,#3911,.T.);
#10163=ADVANCED_FACE('',(#10162),#10154,.F.);
#10170=EDGE_CURVE('',#5321,#5231,#3734,.T.);
#10172=EDGE_CURVE('',#5231,#5233,#3915,.T.);
#10177=ADVANCED_FACE('',(#10176),#10168,.F.);
#10184=EDGE_CURVE('',#5319,#5229,#3738,.T.);
#10186=EDGE_CURVE('',#5229,#5231,#3920,.T.);
#10191=ADVANCED_FACE('',(#10190),#10182,.T.);
#10198=EDGE_CURVE('',#5317,#5227,#3742,.T.);
#10200=EDGE_CURVE('',#5227,#5229,#3924,.T.);
#10205=ADVANCED_FACE('',(#10204),#10196,.F.);
#10212=EDGE_CURVE('',#5315,#5225,#3746,.T.);
#10214=EDGE_CURVE('',#5225,#5227,#3928,.T.);
#10219=ADVANCED_FACE('',(#10218),#10210,.F.);
#10226=EDGE_CURVE('',#5313,#5223,#3750,.T.);
#10228=EDGE_CURVE('',#5223,#5225,#3932,.T.);
#10233=ADVANCED_FACE('',(#10232),#10224,.F.);
#10240=EDGE_CURVE('',#5311,#5221,#3754,.T.);
#10242=EDGE_CURVE('',#5221,#5223,#3936,.T.);
#10247=ADVANCED_FACE('',(#10246),#10238,.F.);
#10254=EDGE_CURVE('',#5309,#5219,#3758,.T.);
#10256=EDGE_CURVE('',#5219,#5221,#3941,.T.);
#10261=ADVANCED_FACE('',(#10260),#10252,.F.);
#10268=EDGE_CURVE('',#5307,#5217,#3762,.T.);
#10270=EDGE_CURVE('',#5217,#5219,#3945,.T.);
#10275=ADVANCED_FACE('',(#10274),#10266,.F.);
#10282=EDGE_CURVE('',#5305,#5215,#3766,.T.);
#10284=EDGE_CURVE('',#5215,#5217,#3949,.T.);
#10289=ADVANCED_FACE('',(#10288),#10280,.F.);
#10296=EDGE_CURVE('',#5303,#5213,#3770,.T.);
#10298=EDGE_CURVE('',#5213,#5215,#3953,.T.);
#10303=ADVANCED_FACE('',(#10302),#10294,.F.);
#10310=EDGE_CURVE('',#5301,#5211,#3774,.T.);
#10312=EDGE_CURVE('',#5211,#5213,#3957,.T.);
#10317=ADVANCED_FACE('',(#10316),#10308,.F.);
#10324=EDGE_CURVE('',#5299,#5209,#3778,.T.);
#10326=EDGE_CURVE('',#5209,#5211,#3962,.T.);
#10331=ADVANCED_FACE('',(#10330),#10322,.F.);
#10338=EDGE_CURVE('',#5297,#5207,#3782,.T.);
#10340=EDGE_CURVE('',#5207,#5209,#3966,.T.);
#10345=ADVANCED_FACE('',(#10344),#10336,.F.);
#10352=EDGE_CURVE('',#5295,#5205,#3786,.T.);
#10354=EDGE_CURVE('',#5205,#5207,#3970,.T.);
#10359=ADVANCED_FACE('',(#10358),#10350,.F.);
#10366=EDGE_CURVE('',#5293,#5203,#3790,.T.);
#10368=EDGE_CURVE('',#5203,#5205,#3974,.T.);
#10373=ADVANCED_FACE('',(#10372),#10364,.F.);
#10380=EDGE_CURVE('',#5291,#5201,#3794,.T.);
#10382=EDGE_CURVE('',#5201,#5203,#3978,.T.);
#10387=ADVANCED_FACE('',(#10386),#10378,.F.);
#10394=EDGE_CURVE('',#5289,#5199,#3798,.T.);
#10396=EDGE_CURVE('',#5199,#5201,#3982,.T.);
#10401=ADVANCED_FACE('',(#10400),#10392,.F.);
#10408=EDGE_CURVE('',#5287,#5197,#3802,.T.);
#10410=EDGE_CURVE('',#5197,#5199,#3986,.T.);
#10415=ADVANCED_FACE('',(#10414),#10406,.F.);
#10422=EDGE_CURVE('',#5285,#5195,#3806,.T.);
#10424=EDGE_CURVE('',#5195,#5197,#3990,.T.);
#10429=ADVANCED_FACE('',(#10428),#10420,.F.);
#10436=EDGE_CURVE('',#5283,#5193,#3810,.T.);
#10438=EDGE_CURVE('',#5193,#5195,#3994,.T.);
#10443=ADVANCED_FACE('',(#10442),#10434,.F.);
#10450=EDGE_CURVE('',#5281,#5191,#3814,.T.);
#10452=EDGE_CURVE('',#5191,#5193,#3998,.T.);
#10457=ADVANCED_FACE('',(#10456),#10448,.F.);
#10464=EDGE_CURVE('',#5279,#5189,#3818,.T.);
#10466=EDGE_CURVE('',#5189,#5191,#4002,.T.);
#10471=ADVANCED_FACE('',(#10470),#10462,.F.);
#10478=EDGE_CURVE('',#5277,#5187,#3822,.T.);
#10480=EDGE_CURVE('',#5187,#5189,#4006,.T.);
#10485=ADVANCED_FACE('',(#10484),#10476,.F.);
#10492=EDGE_CURVE('',#5275,#5185,#3826,.T.);
#10494=EDGE_CURVE('',#5185,#5187,#4010,.T.);
#10499=ADVANCED_FACE('',(#10498),#10490,.F.);
#10506=EDGE_CURVE('',#5273,#5183,#3830,.T.);
#10508=EDGE_CURVE('',#5183,#5185,#4014,.T.);
#10513=ADVANCED_FACE('',(#10512),#10504,.F.);
#10520=EDGE_CURVE('',#5271,#5181,#3834,.T.);
#10522=EDGE_CURVE('',#5181,#5183,#4018,.T.);
#10527=ADVANCED_FACE('',(#10526),#10518,.F.);
#10534=EDGE_CURVE('',#5269,#5179,#3838,.T.);
#10536=EDGE_CURVE('',#5179,#5181,#4022,.T.);
#10541=ADVANCED_FACE('',(#10540),#10532,.F.);
#10548=EDGE_CURVE('',#5267,#5177,#3842,.T.);
#10550=EDGE_CURVE('',#5177,#5179,#4026,.T.);
#10555=ADVANCED_FACE('',(#10554),#10546,.F.);
#10562=EDGE_CURVE('',#5265,#5175,#3846,.T.);
#10564=EDGE_CURVE('',#5175,#5177,#4030,.T.);
#10569=ADVANCED_FACE('',(#10568),#10560,.F.);
#10576=EDGE_CURVE('',#5263,#5173,#3850,.T.);
#10578=EDGE_CURVE('',#5173,#5175,#4034,.T.);
#10583=ADVANCED_FACE('',(#10582),#10574,.F.);
#10590=EDGE_CURVE('',#5261,#5171,#3854,.T.);
#10592=EDGE_CURVE('',#5171,#5173,#4038,.T.);
#10597=ADVANCED_FACE('',(#10596),#10588,.F.);
#10604=EDGE_CURVE('',#5259,#5169,#3858,.T.);
#10606=EDGE_CURVE('',#5169,#5171,#4042,.T.);
#10611=ADVANCED_FACE('',(#10610),#10602,.F.);
#10618=EDGE_CURVE('',#5257,#5167,#3862,.T.);
#10620=EDGE_CURVE('',#5167,#5169,#4046,.T.);
#10625=ADVANCED_FACE('',(#10624),#10616,.F.);
#10632=EDGE_CURVE('',#5255,#5165,#3866,.T.);
#10634=EDGE_CURVE('',#5165,#5167,#4050,.T.);
#10639=ADVANCED_FACE('',(#10638),#10630,.F.);
#10646=EDGE_CURVE('',#5253,#5163,#3870,.T.);
#10648=EDGE_CURVE('',#5163,#5165,#4054,.T.);
#10653=ADVANCED_FACE('',(#10652),#10644,.F.);
#10660=EDGE_CURVE('',#5251,#5161,#3874,.T.);
#10662=EDGE_CURVE('',#5161,#5163,#4058,.T.);
#10667=ADVANCED_FACE('',(#10666),#10658,.F.);
#10674=EDGE_CURVE('',#5249,#5159,#3878,.T.);
#10676=EDGE_CURVE('',#5159,#5161,#4062,.T.);
#10681=ADVANCED_FACE('',(#10680),#10672,.F.);
#10688=EDGE_CURVE('',#5247,#5157,#3882,.T.);
#10690=EDGE_CURVE('',#5157,#5159,#4066,.T.);
#10695=ADVANCED_FACE('',(#10694),#10686,.F.);
#10702=EDGE_CURVE('',#5245,#5155,#3886,.T.);
#10704=EDGE_CURVE('',#5155,#5157,#4070,.T.);
#10709=ADVANCED_FACE('',(#10708),#10700,.F.);
#10716=EDGE_CURVE('',#5243,#5153,#3890,.T.);
#10718=EDGE_CURVE('',#5153,#5155,#4074,.T.);
#10723=ADVANCED_FACE('',(#10722),#10714,.F.);
#10730=EDGE_CURVE('',#5241,#5151,#3894,.T.);
#10732=EDGE_CURVE('',#5151,#5153,#4078,.T.);
#10737=ADVANCED_FACE('',(#10736),#10728,.F.);
#10745=EDGE_CURVE('',#5149,#5151,#4082,.T.);
#10750=ADVANCED_FACE('',(#10749),#10742,.F.);
#10803=ADVANCED_FACE('',(#10802),#10755,.T.);
#10815=ADVANCED_FACE('',(#10814),#10808,.F.);
#10827=ADVANCED_FACE('',(#10826),#10820,.T.);
#10830=(LENGTH_UNIT()NAMED_UNIT(*)SI_UNIT(.MILLI.,.METRE.));
#10832=(NAMED_UNIT(*)PLANE_ANGLE_UNIT()SI_UNIT($,.RADIAN.));
#10835=(NAMED_UNIT(*)SI_UNIT($,.STERADIAN.)SOLID_ANGLE_UNIT());
#10837=(GEOMETRIC_REPRESENTATION_CONTEXT(3)GLOBAL_UNCERTAINTY_ASSIGNED_CONTEXT((
#10836))GLOBAL_UNIT_ASSIGNED_CONTEXT((#10830,#10834,#10835))REPRESENTATION_CONTEXT('ID1','3'));
#10838=ADVANCED_BREP_SHAPE_REPRESENTATION('',(#10829),#10837);
#10845=PRODUCT_DEFINITION('design','',#10844,#10841);
#10846=PRODUCT_DEFINITION_SHAPE('','SHAPE FOR U254-05XX-4BH806.',#10845);
#10847=SHAPE_DEFINITION_REPRESENTATION(#10846,#10838);
ENDSEC;
END-ISO-10303-21;
