ISO-10303-21;
HEADER;
FILE_DESCRIPTION(('Open CASCADE Model'),'2;1');
FILE_NAME('Open CASCADE Shape Model','2026-08-26T07:47:34',('Author'),(
    'Open CASCADE'),'Open CASCADE STEP processor 7.9','Open CASCADE 7.9'
  ,'Unknown');
FILE_SCHEMA(('AUTOMOTIVE_DESIGN { 1 0 10303 214 1 1 1 1 }'));
ENDSEC;
DATA;
#1 = APPLICATION_PROTOCOL_DEFINITION('international standard',
  'automotive_design',2000,#2);
#2 = APPLICATION_CONTEXT(
  'core data for automotive mechanical design processes');
#3 = SHAPE_DEFINITION_REPRESENTATION(#4,#10);
#4 = PRODUCT_DEFINITION_SHAPE('','',#5);
#5 = PRODUCT_DEFINITION('design','',#6,#9);
#6 = PRODUCT_DEFINITION_FORMATION('','',#7);
#7 = PRODUCT('M12-S8A-GPL-M12','M12-S8A-GPL-M12','',(#8));
#8 = PRODUCT_CONTEXT('',#2,'mechanical');
#9 = PRODUCT_DEFINITION_CONTEXT('part definition',#2,'design');
#10 = SHAPE_REPRESENTATION('',(#11,#15,#19,#23,#27),#31);
#11 = AXIS2_PLACEMENT_3D('',#12,#13,#14);
#12 = CARTESIAN_POINT('',(0.,0.,0.));
#13 = DIRECTION('',(0.,0.,1.));
#14 = DIRECTION('',(1.,0.,-0.));
#15 = AXIS2_PLACEMENT_3D('',#16,#17,#18);
#16 = CARTESIAN_POINT('',(0.,0.,0.));
#17 = DIRECTION('',(0.,0.,1.));
#18 = DIRECTION('',(1.,0.,-0.));
#19 = AXIS2_PLACEMENT_3D('',#20,#21,#22);
#20 = CARTESIAN_POINT('',(0.,0.,0.));
#21 = DIRECTION('',(0.,0.,1.));
#22 = DIRECTION('',(1.,0.,-0.));
#23 = AXIS2_PLACEMENT_3D('',#24,#25,#26);
#24 = CARTESIAN_POINT('',(0.,0.,0.));
#25 = DIRECTION('',(0.,0.,1.));
#26 = DIRECTION('',(1.,0.,-0.));
#27 = AXIS2_PLACEMENT_3D('',#28,#29,#30);
#28 = CARTESIAN_POINT('',(0.,0.,0.));
#29 = DIRECTION('',(0.,0.,1.));
#30 = DIRECTION('',(1.,0.,-0.));
#31 = ( GEOMETRIC_REPRESENTATION_CONTEXT(3) 
GLOBAL_UNCERTAINTY_ASSIGNED_CONTEXT((#35)) GLOBAL_UNIT_ASSIGNED_CONTEXT(
(#32,#33,#34)) REPRESENTATION_CONTEXT('Context #1',
  '3D Context with UNIT and UNCERTAINTY') );
#32 = ( LENGTH_UNIT() NAMED_UNIT(*) SI_UNIT(.MILLI.,.METRE.) );
#33 = ( NAMED_UNIT(*) PLANE_ANGLE_UNIT() SI_UNIT($,.RADIAN.) );
#34 = ( NAMED_UNIT(*) SI_UNIT($,.STERADIAN.) SOLID_ANGLE_UNIT() );
#35 = UNCERTAINTY_MEASURE_WITH_UNIT(LENGTH_MEASURE(1.E-07),#32,
  'distance_accuracy_value','confusion accuracy');
#36 = PRODUCT_RELATED_PRODUCT_CATEGORY('part',$,(#7));
#37 = SHAPE_DEFINITION_REPRESENTATION(#38,#44);
#38 = PRODUCT_DEFINITION_SHAPE('','',#39);
#39 = PRODUCT_DEFINITION('design','',#40,#43);
#40 = PRODUCT_DEFINITION_FORMATION('','',#41);
#41 = PRODUCT('housing','housing','',(#42));
#42 = PRODUCT_CONTEXT('',#2,'mechanical');
#43 = PRODUCT_DEFINITION_CONTEXT('part definition',#2,'design');
#44 = ADVANCED_BREP_SHAPE_REPRESENTATION('',(#11,#45),#1359);
#45 = MANIFOLD_SOLID_BREP('',#46);
#46 = CLOSED_SHELL('',(#47,#291,#367,#640,#873,#900,#955,#1010,#1065,
    #1120,#1147,#1174,#1201,#1228,#1255,#1282,#1309,#1336,#1343,#1347,
    #1351,#1355));
#47 = ADVANCED_FACE('',(#48,#167,#198,#229,#260),#62,.F.);
#48 = FACE_BOUND('',#49,.F.);
#49 = EDGE_LOOP('',(#50,#85,#113,#141));
#50 = ORIENTED_EDGE('',*,*,#51,.T.);
#51 = EDGE_CURVE('',#52,#54,#56,.T.);
#52 = VERTEX_POINT('',#53);
#53 = CARTESIAN_POINT('',(-9.66,9.04,0.));
#54 = VERTEX_POINT('',#55);
#55 = CARTESIAN_POINT('',(-9.66,-1.29,0.));
#56 = SURFACE_CURVE('',#57,(#61,#73),.PCURVE_S1.);
#57 = LINE('',#58,#59);
#58 = CARTESIAN_POINT('',(-9.66,9.04,0.));
#59 = VECTOR('',#60,1.);
#60 = DIRECTION('',(0.,-1.,0.));
#61 = PCURVE('',#62,#67);
#62 = PLANE('',#63);
#63 = AXIS2_PLACEMENT_3D('',#64,#65,#66);
#64 = CARTESIAN_POINT('',(-9.66,9.04,0.));
#65 = DIRECTION('',(-0.,0.,1.));
#66 = DIRECTION('',(1.,0.,0.));
#67 = DEFINITIONAL_REPRESENTATION('',(#68),#72);
#68 = LINE('',#69,#70);
#69 = CARTESIAN_POINT('',(0.,0.));
#70 = VECTOR('',#71,1.);
#71 = DIRECTION('',(0.,-1.));
#72 = ( GEOMETRIC_REPRESENTATION_CONTEXT(2) 
PARAMETRIC_REPRESENTATION_CONTEXT() REPRESENTATION_CONTEXT('2D SPACE',''
  ) );
#73 = PCURVE('',#74,#79);
#74 = PLANE('',#75);
#75 = AXIS2_PLACEMENT_3D('',#76,#77,#78);
#76 = CARTESIAN_POINT('',(-9.66,9.04,4.82));
#77 = DIRECTION('',(1.,0.,0.));
#78 = DIRECTION('',(0.,0.,-1.));
#79 = DEFINITIONAL_REPRESENTATION('',(#80),#84);
#80 = LINE('',#81,#82);
#81 = CARTESIAN_POINT('',(4.82,0.));
#82 = VECTOR('',#83,1.);
#83 = DIRECTION('',(0.,-1.));
#84 = ( GEOMETRIC_REPRESENTATION_CONTEXT(2) 
PARAMETRIC_REPRESENTATION_CONTEXT() REPRESENTATION_CONTEXT('2D SPACE',''
  ) );
#85 = ORIENTED_EDGE('',*,*,#86,.T.);
#86 = EDGE_CURVE('',#54,#87,#89,.T.);
#87 = VERTEX_POINT('',#88);
#88 = CARTESIAN_POINT('',(9.66,-1.29,0.));
#89 = SURFACE_CURVE('',#90,(#94,#101),.PCURVE_S1.);
#90 = LINE('',#91,#92);
#91 = CARTESIAN_POINT('',(-9.66,-1.29,0.));
#92 = VECTOR('',#93,1.);
#93 = DIRECTION('',(1.,0.,0.));
#94 = PCURVE('',#62,#95);
#95 = DEFINITIONAL_REPRESENTATION('',(#96),#100);
#96 = LINE('',#97,#98);
#97 = CARTESIAN_POINT('',(0.,-10.33));
#98 = VECTOR('',#99,1.);
#99 = DIRECTION('',(1.,0.));
#100 = ( GEOMETRIC_REPRESENTATION_CONTEXT(2) 
PARAMETRIC_REPRESENTATION_CONTEXT() REPRESENTATION_CONTEXT('2D SPACE',''
  ) );
#101 = PCURVE('',#102,#107);
#102 = PLANE('',#103);
#103 = AXIS2_PLACEMENT_3D('',#104,#105,#106);
#104 = CARTESIAN_POINT('',(-1.471712377299E-16,-1.29,2.41));
#105 = DIRECTION('',(-0.,-1.,-0.));
#106 = DIRECTION('',(0.,0.,-1.));
#107 = DEFINITIONAL_REPRESENTATION('',(#108),#112);
#108 = LINE('',#109,#110);
#109 = CARTESIAN_POINT('',(2.41,-9.66));
#110 = VECTOR('',#111,1.);
#111 = DIRECTION('',(0.,1.));
#112 = ( GEOMETRIC_REPRESENTATION_CONTEXT(2) 
PARAMETRIC_REPRESENTATION_CONTEXT() REPRESENTATION_CONTEXT('2D SPACE',''
  ) );
#113 = ORIENTED_EDGE('',*,*,#114,.F.);
#114 = EDGE_CURVE('',#115,#87,#117,.T.);
#115 = VERTEX_POINT('',#116);
#116 = CARTESIAN_POINT('',(9.66,9.04,0.));
#117 = SURFACE_CURVE('',#118,(#122,#129),.PCURVE_S1.);
#118 = LINE('',#119,#120);
#119 = CARTESIAN_POINT('',(9.66,9.04,0.));
#120 = VECTOR('',#121,1.);
#121 = DIRECTION('',(0.,-1.,0.));
#122 = PCURVE('',#62,#123);
#123 = DEFINITIONAL_REPRESENTATION('',(#124),#128);
#124 = LINE('',#125,#126);
#125 = CARTESIAN_POINT('',(19.32,0.));
#126 = VECTOR('',#127,1.);
#127 = DIRECTION('',(0.,-1.));
#128 = ( GEOMETRIC_REPRESENTATION_CONTEXT(2) 
PARAMETRIC_REPRESENTATION_CONTEXT() REPRESENTATION_CONTEXT('2D SPACE',''
  ) );
#129 = PCURVE('',#130,#135);
#130 = PLANE('',#131);
#131 = AXIS2_PLACEMENT_3D('',#132,#133,#134);
#132 = CARTESIAN_POINT('',(9.66,9.04,0.));
#133 = DIRECTION('',(-1.,0.,0.));
#134 = DIRECTION('',(0.,0.,1.));
#135 = DEFINITIONAL_REPRESENTATION('',(#136),#140);
#136 = LINE('',#137,#138);
#137 = CARTESIAN_POINT('',(0.,0.));
#138 = VECTOR('',#139,1.);
#139 = DIRECTION('',(0.,-1.));
#140 = ( GEOMETRIC_REPRESENTATION_CONTEXT(2) 
PARAMETRIC_REPRESENTATION_CONTEXT() REPRESENTATION_CONTEXT('2D SPACE',''
  ) );
#141 = ORIENTED_EDGE('',*,*,#142,.F.);
#142 = EDGE_CURVE('',#52,#115,#143,.T.);
#143 = SURFACE_CURVE('',#144,(#148,#155),.PCURVE_S1.);
#144 = LINE('',#145,#146);
#145 = CARTESIAN_POINT('',(-9.66,9.04,0.));
#146 = VECTOR('',#147,1.);
#147 = DIRECTION('',(1.,0.,0.));
#148 = PCURVE('',#62,#149);
#149 = DEFINITIONAL_REPRESENTATION('',(#150),#154);
#150 = LINE('',#151,#152);
#151 = CARTESIAN_POINT('',(0.,0.));
#152 = VECTOR('',#153,1.);
#153 = DIRECTION('',(1.,0.));
#154 = ( GEOMETRIC_REPRESENTATION_CONTEXT(2) 
PARAMETRIC_REPRESENTATION_CONTEXT() REPRESENTATION_CONTEXT('2D SPACE',''
  ) );
#155 = PCURVE('',#156,#161);
#156 = PLANE('',#157);
#157 = AXIS2_PLACEMENT_3D('',#158,#159,#160);
#158 = CARTESIAN_POINT('',(-1.471712377299E-16,9.04,2.41));
#159 = DIRECTION('',(-0.,-1.,-0.));
#160 = DIRECTION('',(0.,0.,-1.));
#161 = DEFINITIONAL_REPRESENTATION('',(#162),#166);
#162 = LINE('',#163,#164);
#163 = CARTESIAN_POINT('',(2.41,-9.66));
#164 = VECTOR('',#165,1.);
#165 = DIRECTION('',(0.,1.));
#166 = ( GEOMETRIC_REPRESENTATION_CONTEXT(2) 
PARAMETRIC_REPRESENTATION_CONTEXT() REPRESENTATION_CONTEXT('2D SPACE',''
  ) );
#167 = FACE_BOUND('',#168,.F.);
#168 = EDGE_LOOP('',(#169));
#169 = ORIENTED_EDGE('',*,*,#170,.F.);
#170 = EDGE_CURVE('',#171,#171,#173,.T.);
#171 = VERTEX_POINT('',#172);
#172 = CARTESIAN_POINT('',(-6.5,0.,0.));
#173 = SURFACE_CURVE('',#174,(#179,#186),.PCURVE_S1.);
#174 = CIRCLE('',#175,1.);
#175 = AXIS2_PLACEMENT_3D('',#176,#177,#178);
#176 = CARTESIAN_POINT('',(-7.5,0.,0.));
#177 = DIRECTION('',(0.,0.,1.));
#178 = DIRECTION('',(1.,0.,0.));
#179 = PCURVE('',#62,#180);
#180 = DEFINITIONAL_REPRESENTATION('',(#181),#185);
#181 = CIRCLE('',#182,1.);
#182 = AXIS2_PLACEMENT_2D('',#183,#184);
#183 = CARTESIAN_POINT('',(2.16,-9.04));
#184 = DIRECTION('',(1.,0.));
#185 = ( GEOMETRIC_REPRESENTATION_CONTEXT(2) 
PARAMETRIC_REPRESENTATION_CONTEXT() REPRESENTATION_CONTEXT('2D SPACE',''
  ) );
#186 = PCURVE('',#187,#192);
#187 = CYLINDRICAL_SURFACE('',#188,1.);
#188 = AXIS2_PLACEMENT_3D('',#189,#190,#191);
#189 = CARTESIAN_POINT('',(-7.5,0.,0.));
#190 = DIRECTION('',(0.,0.,1.));
#191 = DIRECTION('',(1.,0.,0.));
#192 = DEFINITIONAL_REPRESENTATION('',(#193),#197);
#193 = LINE('',#194,#195);
#194 = CARTESIAN_POINT('',(0.,0.));
#195 = VECTOR('',#196,1.);
#196 = DIRECTION('',(1.,0.));
#197 = ( GEOMETRIC_REPRESENTATION_CONTEXT(2) 
PARAMETRIC_REPRESENTATION_CONTEXT() REPRESENTATION_CONTEXT('2D SPACE',''
  ) );
#198 = FACE_BOUND('',#199,.F.);
#199 = EDGE_LOOP('',(#200));
#200 = ORIENTED_EDGE('',*,*,#201,.F.);
#201 = EDGE_CURVE('',#202,#202,#204,.T.);
#202 = VERTEX_POINT('',#203);
#203 = CARTESIAN_POINT('',(8.5,0.,0.));
#204 = SURFACE_CURVE('',#205,(#210,#217),.PCURVE_S1.);
#205 = CIRCLE('',#206,1.);
#206 = AXIS2_PLACEMENT_3D('',#207,#208,#209);
#207 = CARTESIAN_POINT('',(7.5,0.,0.));
#208 = DIRECTION('',(0.,0.,1.));
#209 = DIRECTION('',(1.,0.,0.));
#210 = PCURVE('',#62,#211);
#211 = DEFINITIONAL_REPRESENTATION('',(#212),#216);
#212 = CIRCLE('',#213,1.);
#213 = AXIS2_PLACEMENT_2D('',#214,#215);
#214 = CARTESIAN_POINT('',(17.16,-9.04));
#215 = DIRECTION('',(1.,0.));
#216 = ( GEOMETRIC_REPRESENTATION_CONTEXT(2) 
PARAMETRIC_REPRESENTATION_CONTEXT() REPRESENTATION_CONTEXT('2D SPACE',''
  ) );
#217 = PCURVE('',#218,#223);
#218 = CYLINDRICAL_SURFACE('',#219,1.);
#219 = AXIS2_PLACEMENT_3D('',#220,#221,#222);
#220 = CARTESIAN_POINT('',(7.5,0.,0.));
#221 = DIRECTION('',(0.,0.,1.));
#222 = DIRECTION('',(1.,0.,0.));
#223 = DEFINITIONAL_REPRESENTATION('',(#224),#228);
#224 = LINE('',#225,#226);
#225 = CARTESIAN_POINT('',(0.,0.));
#226 = VECTOR('',#227,1.);
#227 = DIRECTION('',(1.,0.));
#228 = ( GEOMETRIC_REPRESENTATION_CONTEXT(2) 
PARAMETRIC_REPRESENTATION_CONTEXT() REPRESENTATION_CONTEXT('2D SPACE',''
  ) );
#229 = FACE_BOUND('',#230,.F.);
#230 = EDGE_LOOP('',(#231));
#231 = ORIENTED_EDGE('',*,*,#232,.F.);
#232 = EDGE_CURVE('',#233,#233,#235,.T.);
#233 = VERTEX_POINT('',#234);
#234 = CARTESIAN_POINT('',(-6.125,4.,0.));
#235 = SURFACE_CURVE('',#236,(#241,#248),.PCURVE_S1.);
#236 = CIRCLE('',#237,1.375);
#237 = AXIS2_PLACEMENT_3D('',#238,#239,#240);
#238 = CARTESIAN_POINT('',(-7.5,4.,0.));
#239 = DIRECTION('',(0.,0.,1.));
#240 = DIRECTION('',(1.,0.,0.));
#241 = PCURVE('',#62,#242);
#242 = DEFINITIONAL_REPRESENTATION('',(#243),#247);
#243 = CIRCLE('',#244,1.375);
#244 = AXIS2_PLACEMENT_2D('',#245,#246);
#245 = CARTESIAN_POINT('',(2.16,-5.04));
#246 = DIRECTION('',(1.,0.));
#247 = ( GEOMETRIC_REPRESENTATION_CONTEXT(2) 
PARAMETRIC_REPRESENTATION_CONTEXT() REPRESENTATION_CONTEXT('2D SPACE',''
  ) );
#248 = PCURVE('',#249,#254);
#249 = CYLINDRICAL_SURFACE('',#250,1.375);
#250 = AXIS2_PLACEMENT_3D('',#251,#252,#253);
#251 = CARTESIAN_POINT('',(-7.5,4.,0.));
#252 = DIRECTION('',(0.,0.,1.));
#253 = DIRECTION('',(1.,0.,0.));
#254 = DEFINITIONAL_REPRESENTATION('',(#255),#259);
#255 = LINE('',#256,#257);
#256 = CARTESIAN_POINT('',(0.,0.));
#257 = VECTOR('',#258,1.);
#258 = DIRECTION('',(1.,0.));
#259 = ( GEOMETRIC_REPRESENTATION_CONTEXT(2) 
PARAMETRIC_REPRESENTATION_CONTEXT() REPRESENTATION_CONTEXT('2D SPACE',''
  ) );
#260 = FACE_BOUND('',#261,.F.);
#261 = EDGE_LOOP('',(#262));
#262 = ORIENTED_EDGE('',*,*,#263,.F.);
#263 = EDGE_CURVE('',#264,#264,#266,.T.);
#264 = VERTEX_POINT('',#265);
#265 = CARTESIAN_POINT('',(8.875,4.,0.));
#266 = SURFACE_CURVE('',#267,(#272,#279),.PCURVE_S1.);
#267 = CIRCLE('',#268,1.375);
#268 = AXIS2_PLACEMENT_3D('',#269,#270,#271);
#269 = CARTESIAN_POINT('',(7.5,4.,0.));
#270 = DIRECTION('',(0.,0.,1.));
#271 = DIRECTION('',(1.,0.,0.));
#272 = PCURVE('',#62,#273);
#273 = DEFINITIONAL_REPRESENTATION('',(#274),#278);
#274 = CIRCLE('',#275,1.375);
#275 = AXIS2_PLACEMENT_2D('',#276,#277);
#276 = CARTESIAN_POINT('',(17.16,-5.04));
#277 = DIRECTION('',(1.,0.));
#278 = ( GEOMETRIC_REPRESENTATION_CONTEXT(2) 
PARAMETRIC_REPRESENTATION_CONTEXT() REPRESENTATION_CONTEXT('2D SPACE',''
  ) );
#279 = PCURVE('',#280,#285);
#280 = CYLINDRICAL_SURFACE('',#281,1.375);
#281 = AXIS2_PLACEMENT_3D('',#282,#283,#284);
#282 = CARTESIAN_POINT('',(7.5,4.,0.));
#283 = DIRECTION('',(0.,0.,1.));
#284 = DIRECTION('',(1.,0.,0.));
#285 = DEFINITIONAL_REPRESENTATION('',(#286),#290);
#286 = LINE('',#287,#288);
#287 = CARTESIAN_POINT('',(0.,0.));
#288 = VECTOR('',#289,1.);
#289 = DIRECTION('',(1.,0.));
#290 = ( GEOMETRIC_REPRESENTATION_CONTEXT(2) 
PARAMETRIC_REPRESENTATION_CONTEXT() REPRESENTATION_CONTEXT('2D SPACE',''
  ) );
#291 = ADVANCED_FACE('',(#292),#74,.F.);
#292 = FACE_BOUND('',#293,.F.);
#293 = EDGE_LOOP('',(#294,#324,#345,#346));
#294 = ORIENTED_EDGE('',*,*,#295,.T.);
#295 = EDGE_CURVE('',#296,#298,#300,.T.);
#296 = VERTEX_POINT('',#297);
#297 = CARTESIAN_POINT('',(-9.66,9.04,4.82));
#298 = VERTEX_POINT('',#299);
#299 = CARTESIAN_POINT('',(-9.66,-1.29,4.82));
#300 = SURFACE_CURVE('',#301,(#305,#312),.PCURVE_S1.);
#301 = LINE('',#302,#303);
#302 = CARTESIAN_POINT('',(-9.66,9.04,4.82));
#303 = VECTOR('',#304,1.);
#304 = DIRECTION('',(0.,-1.,0.));
#305 = PCURVE('',#74,#306);
#306 = DEFINITIONAL_REPRESENTATION('',(#307),#311);
#307 = LINE('',#308,#309);
#308 = CARTESIAN_POINT('',(0.,0.));
#309 = VECTOR('',#310,1.);
#310 = DIRECTION('',(0.,-1.));
#311 = ( GEOMETRIC_REPRESENTATION_CONTEXT(2) 
PARAMETRIC_REPRESENTATION_CONTEXT() REPRESENTATION_CONTEXT('2D SPACE',''
  ) );
#312 = PCURVE('',#313,#318);
#313 = PLANE('',#314);
#314 = AXIS2_PLACEMENT_3D('',#315,#316,#317);
#315 = CARTESIAN_POINT('',(9.66,9.04,4.82));
#316 = DIRECTION('',(-0.,-0.,-1.));
#317 = DIRECTION('',(-1.,0.,0.));
#318 = DEFINITIONAL_REPRESENTATION('',(#319),#323);
#319 = LINE('',#320,#321);
#320 = CARTESIAN_POINT('',(19.32,0.));
#321 = VECTOR('',#322,1.);
#322 = DIRECTION('',(0.,-1.));
#323 = ( GEOMETRIC_REPRESENTATION_CONTEXT(2) 
PARAMETRIC_REPRESENTATION_CONTEXT() REPRESENTATION_CONTEXT('2D SPACE',''
  ) );
#324 = ORIENTED_EDGE('',*,*,#325,.T.);
#325 = EDGE_CURVE('',#298,#54,#326,.T.);
#326 = SURFACE_CURVE('',#327,(#331,#338),.PCURVE_S1.);
#327 = LINE('',#328,#329);
#328 = CARTESIAN_POINT('',(-9.66,-1.29,4.82));
#329 = VECTOR('',#330,1.);
#330 = DIRECTION('',(0.,0.,-1.));
#331 = PCURVE('',#74,#332);
#332 = DEFINITIONAL_REPRESENTATION('',(#333),#337);
#333 = LINE('',#334,#335);
#334 = CARTESIAN_POINT('',(0.,-10.33));
#335 = VECTOR('',#336,1.);
#336 = DIRECTION('',(1.,0.));
#337 = ( GEOMETRIC_REPRESENTATION_CONTEXT(2) 
PARAMETRIC_REPRESENTATION_CONTEXT() REPRESENTATION_CONTEXT('2D SPACE',''
  ) );
#338 = PCURVE('',#102,#339);
#339 = DEFINITIONAL_REPRESENTATION('',(#340),#344);
#340 = LINE('',#341,#342);
#341 = CARTESIAN_POINT('',(-2.41,-9.66));
#342 = VECTOR('',#343,1.);
#343 = DIRECTION('',(1.,0.));
#344 = ( GEOMETRIC_REPRESENTATION_CONTEXT(2) 
PARAMETRIC_REPRESENTATION_CONTEXT() REPRESENTATION_CONTEXT('2D SPACE',''
  ) );
#345 = ORIENTED_EDGE('',*,*,#51,.F.);
#346 = ORIENTED_EDGE('',*,*,#347,.F.);
#347 = EDGE_CURVE('',#296,#52,#348,.T.);
#348 = SURFACE_CURVE('',#349,(#353,#360),.PCURVE_S1.);
#349 = LINE('',#350,#351);
#350 = CARTESIAN_POINT('',(-9.66,9.04,4.82));
#351 = VECTOR('',#352,1.);
#352 = DIRECTION('',(0.,0.,-1.));
#353 = PCURVE('',#74,#354);
#354 = DEFINITIONAL_REPRESENTATION('',(#355),#359);
#355 = LINE('',#356,#357);
#356 = CARTESIAN_POINT('',(0.,0.));
#357 = VECTOR('',#358,1.);
#358 = DIRECTION('',(1.,0.));
#359 = ( GEOMETRIC_REPRESENTATION_CONTEXT(2) 
PARAMETRIC_REPRESENTATION_CONTEXT() REPRESENTATION_CONTEXT('2D SPACE',''
  ) );
#360 = PCURVE('',#156,#361);
#361 = DEFINITIONAL_REPRESENTATION('',(#362),#366);
#362 = LINE('',#363,#364);
#363 = CARTESIAN_POINT('',(-2.41,-9.66));
#364 = VECTOR('',#365,1.);
#365 = DIRECTION('',(1.,0.));
#366 = ( GEOMETRIC_REPRESENTATION_CONTEXT(2) 
PARAMETRIC_REPRESENTATION_CONTEXT() REPRESENTATION_CONTEXT('2D SPACE',''
  ) );
#367 = ADVANCED_FACE('',(#368),#156,.F.);
#368 = FACE_BOUND('',#369,.F.);
#369 = EDGE_LOOP('',(#370,#371,#394,#422,#450,#478,#506,#534,#562,#590,
    #618,#639));
#370 = ORIENTED_EDGE('',*,*,#142,.T.);
#371 = ORIENTED_EDGE('',*,*,#372,.T.);
#372 = EDGE_CURVE('',#115,#373,#375,.T.);
#373 = VERTEX_POINT('',#374);
#374 = CARTESIAN_POINT('',(9.66,9.04,4.82));
#375 = SURFACE_CURVE('',#376,(#380,#387),.PCURVE_S1.);
#376 = LINE('',#377,#378);
#377 = CARTESIAN_POINT('',(9.66,9.04,0.));
#378 = VECTOR('',#379,1.);
#379 = DIRECTION('',(0.,0.,1.));
#380 = PCURVE('',#156,#381);
#381 = DEFINITIONAL_REPRESENTATION('',(#382),#386);
#382 = LINE('',#383,#384);
#383 = CARTESIAN_POINT('',(2.41,9.66));
#384 = VECTOR('',#385,1.);
#385 = DIRECTION('',(-1.,0.));
#386 = ( GEOMETRIC_REPRESENTATION_CONTEXT(2) 
PARAMETRIC_REPRESENTATION_CONTEXT() REPRESENTATION_CONTEXT('2D SPACE',''
  ) );
#387 = PCURVE('',#130,#388);
#388 = DEFINITIONAL_REPRESENTATION('',(#389),#393);
#389 = LINE('',#390,#391);
#390 = CARTESIAN_POINT('',(0.,0.));
#391 = VECTOR('',#392,1.);
#392 = DIRECTION('',(1.,0.));
#393 = ( GEOMETRIC_REPRESENTATION_CONTEXT(2) 
PARAMETRIC_REPRESENTATION_CONTEXT() REPRESENTATION_CONTEXT('2D SPACE',''
  ) );
#394 = ORIENTED_EDGE('',*,*,#395,.T.);
#395 = EDGE_CURVE('',#373,#396,#398,.T.);
#396 = VERTEX_POINT('',#397);
#397 = CARTESIAN_POINT('',(7.5,9.04,4.82));
#398 = SURFACE_CURVE('',#399,(#403,#410),.PCURVE_S1.);
#399 = LINE('',#400,#401);
#400 = CARTESIAN_POINT('',(9.66,9.04,4.82));
#401 = VECTOR('',#402,1.);
#402 = DIRECTION('',(-1.,0.,0.));
#403 = PCURVE('',#156,#404);
#404 = DEFINITIONAL_REPRESENTATION('',(#405),#409);
#405 = LINE('',#406,#407);
#406 = CARTESIAN_POINT('',(-2.41,9.66));
#407 = VECTOR('',#408,1.);
#408 = DIRECTION('',(0.,-1.));
#409 = ( GEOMETRIC_REPRESENTATION_CONTEXT(2) 
PARAMETRIC_REPRESENTATION_CONTEXT() REPRESENTATION_CONTEXT('2D SPACE',''
  ) );
#410 = PCURVE('',#411,#416);
#411 = PLANE('',#412);
#412 = AXIS2_PLACEMENT_3D('',#413,#414,#415);
#413 = CARTESIAN_POINT('',(9.66,9.04,4.82));
#414 = DIRECTION('',(-0.,-0.,-1.));
#415 = DIRECTION('',(-1.,0.,0.));
#416 = DEFINITIONAL_REPRESENTATION('',(#417),#421);
#417 = LINE('',#418,#419);
#418 = CARTESIAN_POINT('',(0.,0.));
#419 = VECTOR('',#420,1.);
#420 = DIRECTION('',(1.,0.));
#421 = ( GEOMETRIC_REPRESENTATION_CONTEXT(2) 
PARAMETRIC_REPRESENTATION_CONTEXT() REPRESENTATION_CONTEXT('2D SPACE',''
  ) );
#422 = ORIENTED_EDGE('',*,*,#423,.T.);
#423 = EDGE_CURVE('',#396,#424,#426,.T.);
#424 = VERTEX_POINT('',#425);
#425 = CARTESIAN_POINT('',(7.5,9.04,9.76));
#426 = SURFACE_CURVE('',#427,(#431,#438),.PCURVE_S1.);
#427 = LINE('',#428,#429);
#428 = CARTESIAN_POINT('',(7.5,9.04,4.82));
#429 = VECTOR('',#430,1.);
#430 = DIRECTION('',(0.,0.,1.));
#431 = PCURVE('',#156,#432);
#432 = DEFINITIONAL_REPRESENTATION('',(#433),#437);
#433 = LINE('',#434,#435);
#434 = CARTESIAN_POINT('',(-2.41,7.5));
#435 = VECTOR('',#436,1.);
#436 = DIRECTION('',(-1.,0.));
#437 = ( GEOMETRIC_REPRESENTATION_CONTEXT(2) 
PARAMETRIC_REPRESENTATION_CONTEXT() REPRESENTATION_CONTEXT('2D SPACE',''
  ) );
#438 = PCURVE('',#439,#444);
#439 = PLANE('',#440);
#440 = AXIS2_PLACEMENT_3D('',#441,#442,#443);
#441 = CARTESIAN_POINT('',(7.5,9.04,4.82));
#442 = DIRECTION('',(-1.,0.,0.));
#443 = DIRECTION('',(0.,0.,1.));
#444 = DEFINITIONAL_REPRESENTATION('',(#445),#449);
#445 = LINE('',#446,#447);
#446 = CARTESIAN_POINT('',(0.,0.));
#447 = VECTOR('',#448,1.);
#448 = DIRECTION('',(1.,0.));
#449 = ( GEOMETRIC_REPRESENTATION_CONTEXT(2) 
PARAMETRIC_REPRESENTATION_CONTEXT() REPRESENTATION_CONTEXT('2D SPACE',''
  ) );
#450 = ORIENTED_EDGE('',*,*,#451,.T.);
#451 = EDGE_CURVE('',#424,#452,#454,.T.);
#452 = VERTEX_POINT('',#453);
#453 = CARTESIAN_POINT('',(4.7,9.04,14.78));
#454 = SURFACE_CURVE('',#455,(#459,#466),.PCURVE_S1.);
#455 = LINE('',#456,#457);
#456 = CARTESIAN_POINT('',(7.5,9.04,9.76));
#457 = VECTOR('',#458,1.);
#458 = DIRECTION('',(-0.487119351792,0.,0.873335409284));
#459 = PCURVE('',#156,#460);
#460 = DEFINITIONAL_REPRESENTATION('',(#461),#465);
#461 = LINE('',#462,#463);
#462 = CARTESIAN_POINT('',(-7.35,7.5));
#463 = VECTOR('',#464,1.);
#464 = DIRECTION('',(-0.873335409284,-0.487119351792));
#465 = ( GEOMETRIC_REPRESENTATION_CONTEXT(2) 
PARAMETRIC_REPRESENTATION_CONTEXT() REPRESENTATION_CONTEXT('2D SPACE',''
  ) );
#466 = PCURVE('',#467,#472);
#467 = PLANE('',#468);
#468 = AXIS2_PLACEMENT_3D('',#469,#470,#471);
#469 = CARTESIAN_POINT('',(7.5,9.04,9.76));
#470 = DIRECTION('',(-0.873335409284,-0.,-0.487119351792));
#471 = DIRECTION('',(-0.487119351792,0.,0.873335409284));
#472 = DEFINITIONAL_REPRESENTATION('',(#473),#477);
#473 = LINE('',#474,#475);
#474 = CARTESIAN_POINT('',(0.,0.));
#475 = VECTOR('',#476,1.);
#476 = DIRECTION('',(1.,0.));
#477 = ( GEOMETRIC_REPRESENTATION_CONTEXT(2) 
PARAMETRIC_REPRESENTATION_CONTEXT() REPRESENTATION_CONTEXT('2D SPACE',''
  ) );
#478 = ORIENTED_EDGE('',*,*,#479,.T.);
#479 = EDGE_CURVE('',#452,#480,#482,.T.);
#480 = VERTEX_POINT('',#481);
#481 = CARTESIAN_POINT('',(4.7,9.04,15.5));
#482 = SURFACE_CURVE('',#483,(#487,#494),.PCURVE_S1.);
#483 = LINE('',#484,#485);
#484 = CARTESIAN_POINT('',(4.7,9.04,14.78));
#485 = VECTOR('',#486,1.);
#486 = DIRECTION('',(0.,0.,1.));
#487 = PCURVE('',#156,#488);
#488 = DEFINITIONAL_REPRESENTATION('',(#489),#493);
#489 = LINE('',#490,#491);
#490 = CARTESIAN_POINT('',(-12.37,4.7));
#491 = VECTOR('',#492,1.);
#492 = DIRECTION('',(-1.,0.));
#493 = ( GEOMETRIC_REPRESENTATION_CONTEXT(2) 
PARAMETRIC_REPRESENTATION_CONTEXT() REPRESENTATION_CONTEXT('2D SPACE',''
  ) );
#494 = PCURVE('',#495,#500);
#495 = PLANE('',#496);
#496 = AXIS2_PLACEMENT_3D('',#497,#498,#499);
#497 = CARTESIAN_POINT('',(4.7,9.04,14.78));
#498 = DIRECTION('',(-1.,0.,0.));
#499 = DIRECTION('',(0.,0.,1.));
#500 = DEFINITIONAL_REPRESENTATION('',(#501),#505);
#501 = LINE('',#502,#503);
#502 = CARTESIAN_POINT('',(0.,0.));
#503 = VECTOR('',#504,1.);
#504 = DIRECTION('',(1.,0.));
#505 = ( GEOMETRIC_REPRESENTATION_CONTEXT(2) 
PARAMETRIC_REPRESENTATION_CONTEXT() REPRESENTATION_CONTEXT('2D SPACE',''
  ) );
#506 = ORIENTED_EDGE('',*,*,#507,.T.);
#507 = EDGE_CURVE('',#480,#508,#510,.T.);
#508 = VERTEX_POINT('',#509);
#509 = CARTESIAN_POINT('',(-4.7,9.04,15.5));
#510 = SURFACE_CURVE('',#511,(#515,#522),.PCURVE_S1.);
#511 = LINE('',#512,#513);
#512 = CARTESIAN_POINT('',(4.7,9.04,15.5));
#513 = VECTOR('',#514,1.);
#514 = DIRECTION('',(-1.,0.,0.));
#515 = PCURVE('',#156,#516);
#516 = DEFINITIONAL_REPRESENTATION('',(#517),#521);
#517 = LINE('',#518,#519);
#518 = CARTESIAN_POINT('',(-13.09,4.7));
#519 = VECTOR('',#520,1.);
#520 = DIRECTION('',(0.,-1.));
#521 = ( GEOMETRIC_REPRESENTATION_CONTEXT(2) 
PARAMETRIC_REPRESENTATION_CONTEXT() REPRESENTATION_CONTEXT('2D SPACE',''
  ) );
#522 = PCURVE('',#523,#528);
#523 = PLANE('',#524);
#524 = AXIS2_PLACEMENT_3D('',#525,#526,#527);
#525 = CARTESIAN_POINT('',(4.7,9.04,15.5));
#526 = DIRECTION('',(-0.,-0.,-1.));
#527 = DIRECTION('',(-1.,0.,0.));
#528 = DEFINITIONAL_REPRESENTATION('',(#529),#533);
#529 = LINE('',#530,#531);
#530 = CARTESIAN_POINT('',(0.,0.));
#531 = VECTOR('',#532,1.);
#532 = DIRECTION('',(1.,0.));
#533 = ( GEOMETRIC_REPRESENTATION_CONTEXT(2) 
PARAMETRIC_REPRESENTATION_CONTEXT() REPRESENTATION_CONTEXT('2D SPACE',''
  ) );
#534 = ORIENTED_EDGE('',*,*,#535,.T.);
#535 = EDGE_CURVE('',#508,#536,#538,.T.);
#536 = VERTEX_POINT('',#537);
#537 = CARTESIAN_POINT('',(-4.7,9.04,14.78));
#538 = SURFACE_CURVE('',#539,(#543,#550),.PCURVE_S1.);
#539 = LINE('',#540,#541);
#540 = CARTESIAN_POINT('',(-4.7,9.04,15.5));
#541 = VECTOR('',#542,1.);
#542 = DIRECTION('',(0.,0.,-1.));
#543 = PCURVE('',#156,#544);
#544 = DEFINITIONAL_REPRESENTATION('',(#545),#549);
#545 = LINE('',#546,#547);
#546 = CARTESIAN_POINT('',(-13.09,-4.7));
#547 = VECTOR('',#548,1.);
#548 = DIRECTION('',(1.,0.));
#549 = ( GEOMETRIC_REPRESENTATION_CONTEXT(2) 
PARAMETRIC_REPRESENTATION_CONTEXT() REPRESENTATION_CONTEXT('2D SPACE',''
  ) );
#550 = PCURVE('',#551,#556);
#551 = PLANE('',#552);
#552 = AXIS2_PLACEMENT_3D('',#553,#554,#555);
#553 = CARTESIAN_POINT('',(-4.7,9.04,15.5));
#554 = DIRECTION('',(1.,0.,0.));
#555 = DIRECTION('',(0.,0.,-1.));
#556 = DEFINITIONAL_REPRESENTATION('',(#557),#561);
#557 = LINE('',#558,#559);
#558 = CARTESIAN_POINT('',(0.,0.));
#559 = VECTOR('',#560,1.);
#560 = DIRECTION('',(1.,0.));
#561 = ( GEOMETRIC_REPRESENTATION_CONTEXT(2) 
PARAMETRIC_REPRESENTATION_CONTEXT() REPRESENTATION_CONTEXT('2D SPACE',''
  ) );
#562 = ORIENTED_EDGE('',*,*,#563,.T.);
#563 = EDGE_CURVE('',#536,#564,#566,.T.);
#564 = VERTEX_POINT('',#565);
#565 = CARTESIAN_POINT('',(-7.5,9.04,9.76));
#566 = SURFACE_CURVE('',#567,(#571,#578),.PCURVE_S1.);
#567 = LINE('',#568,#569);
#568 = CARTESIAN_POINT('',(-4.7,9.04,14.78));
#569 = VECTOR('',#570,1.);
#570 = DIRECTION('',(-0.487119351792,0.,-0.873335409284));
#571 = PCURVE('',#156,#572);
#572 = DEFINITIONAL_REPRESENTATION('',(#573),#577);
#573 = LINE('',#574,#575);
#574 = CARTESIAN_POINT('',(-12.37,-4.7));
#575 = VECTOR('',#576,1.);
#576 = DIRECTION('',(0.873335409284,-0.487119351792));
#577 = ( GEOMETRIC_REPRESENTATION_CONTEXT(2) 
PARAMETRIC_REPRESENTATION_CONTEXT() REPRESENTATION_CONTEXT('2D SPACE',''
  ) );
#578 = PCURVE('',#579,#584);
#579 = PLANE('',#580);
#580 = AXIS2_PLACEMENT_3D('',#581,#582,#583);
#581 = CARTESIAN_POINT('',(-4.7,9.04,14.78));
#582 = DIRECTION('',(0.873335409284,0.,-0.487119351792));
#583 = DIRECTION('',(-0.487119351792,0.,-0.873335409284));
#584 = DEFINITIONAL_REPRESENTATION('',(#585),#589);
#585 = LINE('',#586,#587);
#586 = CARTESIAN_POINT('',(0.,0.));
#587 = VECTOR('',#588,1.);
#588 = DIRECTION('',(1.,0.));
#589 = ( GEOMETRIC_REPRESENTATION_CONTEXT(2) 
PARAMETRIC_REPRESENTATION_CONTEXT() REPRESENTATION_CONTEXT('2D SPACE',''
  ) );
#590 = ORIENTED_EDGE('',*,*,#591,.T.);
#591 = EDGE_CURVE('',#564,#592,#594,.T.);
#592 = VERTEX_POINT('',#593);
#593 = CARTESIAN_POINT('',(-7.5,9.04,4.82));
#594 = SURFACE_CURVE('',#595,(#599,#606),.PCURVE_S1.);
#595 = LINE('',#596,#597);
#596 = CARTESIAN_POINT('',(-7.5,9.04,9.76));
#597 = VECTOR('',#598,1.);
#598 = DIRECTION('',(0.,0.,-1.));
#599 = PCURVE('',#156,#600);
#600 = DEFINITIONAL_REPRESENTATION('',(#601),#605);
#601 = LINE('',#602,#603);
#602 = CARTESIAN_POINT('',(-7.35,-7.5));
#603 = VECTOR('',#604,1.);
#604 = DIRECTION('',(1.,0.));
#605 = ( GEOMETRIC_REPRESENTATION_CONTEXT(2) 
PARAMETRIC_REPRESENTATION_CONTEXT() REPRESENTATION_CONTEXT('2D SPACE',''
  ) );
#606 = PCURVE('',#607,#612);
#607 = PLANE('',#608);
#608 = AXIS2_PLACEMENT_3D('',#609,#610,#611);
#609 = CARTESIAN_POINT('',(-7.5,9.04,9.76));
#610 = DIRECTION('',(1.,0.,0.));
#611 = DIRECTION('',(0.,0.,-1.));
#612 = DEFINITIONAL_REPRESENTATION('',(#613),#617);
#613 = LINE('',#614,#615);
#614 = CARTESIAN_POINT('',(0.,0.));
#615 = VECTOR('',#616,1.);
#616 = DIRECTION('',(1.,0.));
#617 = ( GEOMETRIC_REPRESENTATION_CONTEXT(2) 
PARAMETRIC_REPRESENTATION_CONTEXT() REPRESENTATION_CONTEXT('2D SPACE',''
  ) );
#618 = ORIENTED_EDGE('',*,*,#619,.T.);
#619 = EDGE_CURVE('',#592,#296,#620,.T.);
#620 = SURFACE_CURVE('',#621,(#625,#632),.PCURVE_S1.);
#621 = LINE('',#622,#623);
#622 = CARTESIAN_POINT('',(9.66,9.04,4.82));
#623 = VECTOR('',#624,1.);
#624 = DIRECTION('',(-1.,0.,0.));
#625 = PCURVE('',#156,#626);
#626 = DEFINITIONAL_REPRESENTATION('',(#627),#631);
#627 = LINE('',#628,#629);
#628 = CARTESIAN_POINT('',(-2.41,9.66));
#629 = VECTOR('',#630,1.);
#630 = DIRECTION('',(0.,-1.));
#631 = ( GEOMETRIC_REPRESENTATION_CONTEXT(2) 
PARAMETRIC_REPRESENTATION_CONTEXT() REPRESENTATION_CONTEXT('2D SPACE',''
  ) );
#632 = PCURVE('',#313,#633);
#633 = DEFINITIONAL_REPRESENTATION('',(#634),#638);
#634 = LINE('',#635,#636);
#635 = CARTESIAN_POINT('',(0.,0.));
#636 = VECTOR('',#637,1.);
#637 = DIRECTION('',(1.,0.));
#638 = ( GEOMETRIC_REPRESENTATION_CONTEXT(2) 
PARAMETRIC_REPRESENTATION_CONTEXT() REPRESENTATION_CONTEXT('2D SPACE',''
  ) );
#639 = ORIENTED_EDGE('',*,*,#347,.T.);
#640 = ADVANCED_FACE('',(#641),#102,.T.);
#641 = FACE_BOUND('',#642,.T.);
#642 = EDGE_LOOP('',(#643,#644,#667,#690,#713,#736,#759,#782,#805,#828,
    #851,#872));
#643 = ORIENTED_EDGE('',*,*,#86,.T.);
#644 = ORIENTED_EDGE('',*,*,#645,.T.);
#645 = EDGE_CURVE('',#87,#646,#648,.T.);
#646 = VERTEX_POINT('',#647);
#647 = CARTESIAN_POINT('',(9.66,-1.29,4.82));
#648 = SURFACE_CURVE('',#649,(#653,#660),.PCURVE_S1.);
#649 = LINE('',#650,#651);
#650 = CARTESIAN_POINT('',(9.66,-1.29,0.));
#651 = VECTOR('',#652,1.);
#652 = DIRECTION('',(0.,0.,1.));
#653 = PCURVE('',#102,#654);
#654 = DEFINITIONAL_REPRESENTATION('',(#655),#659);
#655 = LINE('',#656,#657);
#656 = CARTESIAN_POINT('',(2.41,9.66));
#657 = VECTOR('',#658,1.);
#658 = DIRECTION('',(-1.,0.));
#659 = ( GEOMETRIC_REPRESENTATION_CONTEXT(2) 
PARAMETRIC_REPRESENTATION_CONTEXT() REPRESENTATION_CONTEXT('2D SPACE',''
  ) );
#660 = PCURVE('',#130,#661);
#661 = DEFINITIONAL_REPRESENTATION('',(#662),#666);
#662 = LINE('',#663,#664);
#663 = CARTESIAN_POINT('',(0.,-10.33));
#664 = VECTOR('',#665,1.);
#665 = DIRECTION('',(1.,0.));
#666 = ( GEOMETRIC_REPRESENTATION_CONTEXT(2) 
PARAMETRIC_REPRESENTATION_CONTEXT() REPRESENTATION_CONTEXT('2D SPACE',''
  ) );
#667 = ORIENTED_EDGE('',*,*,#668,.T.);
#668 = EDGE_CURVE('',#646,#669,#671,.T.);
#669 = VERTEX_POINT('',#670);
#670 = CARTESIAN_POINT('',(7.5,-1.29,4.82));
#671 = SURFACE_CURVE('',#672,(#676,#683),.PCURVE_S1.);
#672 = LINE('',#673,#674);
#673 = CARTESIAN_POINT('',(9.66,-1.29,4.82));
#674 = VECTOR('',#675,1.);
#675 = DIRECTION('',(-1.,0.,0.));
#676 = PCURVE('',#102,#677);
#677 = DEFINITIONAL_REPRESENTATION('',(#678),#682);
#678 = LINE('',#679,#680);
#679 = CARTESIAN_POINT('',(-2.41,9.66));
#680 = VECTOR('',#681,1.);
#681 = DIRECTION('',(0.,-1.));
#682 = ( GEOMETRIC_REPRESENTATION_CONTEXT(2) 
PARAMETRIC_REPRESENTATION_CONTEXT() REPRESENTATION_CONTEXT('2D SPACE',''
  ) );
#683 = PCURVE('',#411,#684);
#684 = DEFINITIONAL_REPRESENTATION('',(#685),#689);
#685 = LINE('',#686,#687);
#686 = CARTESIAN_POINT('',(0.,-10.33));
#687 = VECTOR('',#688,1.);
#688 = DIRECTION('',(1.,0.));
#689 = ( GEOMETRIC_REPRESENTATION_CONTEXT(2) 
PARAMETRIC_REPRESENTATION_CONTEXT() REPRESENTATION_CONTEXT('2D SPACE',''
  ) );
#690 = ORIENTED_EDGE('',*,*,#691,.T.);
#691 = EDGE_CURVE('',#669,#692,#694,.T.);
#692 = VERTEX_POINT('',#693);
#693 = CARTESIAN_POINT('',(7.5,-1.29,9.76));
#694 = SURFACE_CURVE('',#695,(#699,#706),.PCURVE_S1.);
#695 = LINE('',#696,#697);
#696 = CARTESIAN_POINT('',(7.5,-1.29,4.82));
#697 = VECTOR('',#698,1.);
#698 = DIRECTION('',(0.,0.,1.));
#699 = PCURVE('',#102,#700);
#700 = DEFINITIONAL_REPRESENTATION('',(#701),#705);
#701 = LINE('',#702,#703);
#702 = CARTESIAN_POINT('',(-2.41,7.5));
#703 = VECTOR('',#704,1.);
#704 = DIRECTION('',(-1.,0.));
#705 = ( GEOMETRIC_REPRESENTATION_CONTEXT(2) 
PARAMETRIC_REPRESENTATION_CONTEXT() REPRESENTATION_CONTEXT('2D SPACE',''
  ) );
#706 = PCURVE('',#439,#707);
#707 = DEFINITIONAL_REPRESENTATION('',(#708),#712);
#708 = LINE('',#709,#710);
#709 = CARTESIAN_POINT('',(0.,-10.33));
#710 = VECTOR('',#711,1.);
#711 = DIRECTION('',(1.,0.));
#712 = ( GEOMETRIC_REPRESENTATION_CONTEXT(2) 
PARAMETRIC_REPRESENTATION_CONTEXT() REPRESENTATION_CONTEXT('2D SPACE',''
  ) );
#713 = ORIENTED_EDGE('',*,*,#714,.T.);
#714 = EDGE_CURVE('',#692,#715,#717,.T.);
#715 = VERTEX_POINT('',#716);
#716 = CARTESIAN_POINT('',(4.7,-1.29,14.78));
#717 = SURFACE_CURVE('',#718,(#722,#729),.PCURVE_S1.);
#718 = LINE('',#719,#720);
#719 = CARTESIAN_POINT('',(7.5,-1.29,9.76));
#720 = VECTOR('',#721,1.);
#721 = DIRECTION('',(-0.487119351792,0.,0.873335409284));
#722 = PCURVE('',#102,#723);
#723 = DEFINITIONAL_REPRESENTATION('',(#724),#728);
#724 = LINE('',#725,#726);
#725 = CARTESIAN_POINT('',(-7.35,7.5));
#726 = VECTOR('',#727,1.);
#727 = DIRECTION('',(-0.873335409284,-0.487119351792));
#728 = ( GEOMETRIC_REPRESENTATION_CONTEXT(2) 
PARAMETRIC_REPRESENTATION_CONTEXT() REPRESENTATION_CONTEXT('2D SPACE',''
  ) );
#729 = PCURVE('',#467,#730);
#730 = DEFINITIONAL_REPRESENTATION('',(#731),#735);
#731 = LINE('',#732,#733);
#732 = CARTESIAN_POINT('',(0.,-10.33));
#733 = VECTOR('',#734,1.);
#734 = DIRECTION('',(1.,0.));
#735 = ( GEOMETRIC_REPRESENTATION_CONTEXT(2) 
PARAMETRIC_REPRESENTATION_CONTEXT() REPRESENTATION_CONTEXT('2D SPACE',''
  ) );
#736 = ORIENTED_EDGE('',*,*,#737,.T.);
#737 = EDGE_CURVE('',#715,#738,#740,.T.);
#738 = VERTEX_POINT('',#739);
#739 = CARTESIAN_POINT('',(4.7,-1.29,15.5));
#740 = SURFACE_CURVE('',#741,(#745,#752),.PCURVE_S1.);
#741 = LINE('',#742,#743);
#742 = CARTESIAN_POINT('',(4.7,-1.29,14.78));
#743 = VECTOR('',#744,1.);
#744 = DIRECTION('',(0.,0.,1.));
#745 = PCURVE('',#102,#746);
#746 = DEFINITIONAL_REPRESENTATION('',(#747),#751);
#747 = LINE('',#748,#749);
#748 = CARTESIAN_POINT('',(-12.37,4.7));
#749 = VECTOR('',#750,1.);
#750 = DIRECTION('',(-1.,0.));
#751 = ( GEOMETRIC_REPRESENTATION_CONTEXT(2) 
PARAMETRIC_REPRESENTATION_CONTEXT() REPRESENTATION_CONTEXT('2D SPACE',''
  ) );
#752 = PCURVE('',#495,#753);
#753 = DEFINITIONAL_REPRESENTATION('',(#754),#758);
#754 = LINE('',#755,#756);
#755 = CARTESIAN_POINT('',(0.,-10.33));
#756 = VECTOR('',#757,1.);
#757 = DIRECTION('',(1.,0.));
#758 = ( GEOMETRIC_REPRESENTATION_CONTEXT(2) 
PARAMETRIC_REPRESENTATION_CONTEXT() REPRESENTATION_CONTEXT('2D SPACE',''
  ) );
#759 = ORIENTED_EDGE('',*,*,#760,.T.);
#760 = EDGE_CURVE('',#738,#761,#763,.T.);
#761 = VERTEX_POINT('',#762);
#762 = CARTESIAN_POINT('',(-4.7,-1.29,15.5));
#763 = SURFACE_CURVE('',#764,(#768,#775),.PCURVE_S1.);
#764 = LINE('',#765,#766);
#765 = CARTESIAN_POINT('',(4.7,-1.29,15.5));
#766 = VECTOR('',#767,1.);
#767 = DIRECTION('',(-1.,0.,0.));
#768 = PCURVE('',#102,#769);
#769 = DEFINITIONAL_REPRESENTATION('',(#770),#774);
#770 = LINE('',#771,#772);
#771 = CARTESIAN_POINT('',(-13.09,4.7));
#772 = VECTOR('',#773,1.);
#773 = DIRECTION('',(0.,-1.));
#774 = ( GEOMETRIC_REPRESENTATION_CONTEXT(2) 
PARAMETRIC_REPRESENTATION_CONTEXT() REPRESENTATION_CONTEXT('2D SPACE',''
  ) );
#775 = PCURVE('',#523,#776);
#776 = DEFINITIONAL_REPRESENTATION('',(#777),#781);
#777 = LINE('',#778,#779);
#778 = CARTESIAN_POINT('',(0.,-10.33));
#779 = VECTOR('',#780,1.);
#780 = DIRECTION('',(1.,0.));
#781 = ( GEOMETRIC_REPRESENTATION_CONTEXT(2) 
PARAMETRIC_REPRESENTATION_CONTEXT() REPRESENTATION_CONTEXT('2D SPACE',''
  ) );
#782 = ORIENTED_EDGE('',*,*,#783,.T.);
#783 = EDGE_CURVE('',#761,#784,#786,.T.);
#784 = VERTEX_POINT('',#785);
#785 = CARTESIAN_POINT('',(-4.7,-1.29,14.78));
#786 = SURFACE_CURVE('',#787,(#791,#798),.PCURVE_S1.);
#787 = LINE('',#788,#789);
#788 = CARTESIAN_POINT('',(-4.7,-1.29,15.5));
#789 = VECTOR('',#790,1.);
#790 = DIRECTION('',(0.,0.,-1.));
#791 = PCURVE('',#102,#792);
#792 = DEFINITIONAL_REPRESENTATION('',(#793),#797);
#793 = LINE('',#794,#795);
#794 = CARTESIAN_POINT('',(-13.09,-4.7));
#795 = VECTOR('',#796,1.);
#796 = DIRECTION('',(1.,0.));
#797 = ( GEOMETRIC_REPRESENTATION_CONTEXT(2) 
PARAMETRIC_REPRESENTATION_CONTEXT() REPRESENTATION_CONTEXT('2D SPACE',''
  ) );
#798 = PCURVE('',#551,#799);
#799 = DEFINITIONAL_REPRESENTATION('',(#800),#804);
#800 = LINE('',#801,#802);
#801 = CARTESIAN_POINT('',(0.,-10.33));
#802 = VECTOR('',#803,1.);
#803 = DIRECTION('',(1.,0.));
#804 = ( GEOMETRIC_REPRESENTATION_CONTEXT(2) 
PARAMETRIC_REPRESENTATION_CONTEXT() REPRESENTATION_CONTEXT('2D SPACE',''
  ) );
#805 = ORIENTED_EDGE('',*,*,#806,.T.);
#806 = EDGE_CURVE('',#784,#807,#809,.T.);
#807 = VERTEX_POINT('',#808);
#808 = CARTESIAN_POINT('',(-7.5,-1.29,9.76));
#809 = SURFACE_CURVE('',#810,(#814,#821),.PCURVE_S1.);
#810 = LINE('',#811,#812);
#811 = CARTESIAN_POINT('',(-4.7,-1.29,14.78));
#812 = VECTOR('',#813,1.);
#813 = DIRECTION('',(-0.487119351792,0.,-0.873335409284));
#814 = PCURVE('',#102,#815);
#815 = DEFINITIONAL_REPRESENTATION('',(#816),#820);
#816 = LINE('',#817,#818);
#817 = CARTESIAN_POINT('',(-12.37,-4.7));
#818 = VECTOR('',#819,1.);
#819 = DIRECTION('',(0.873335409284,-0.487119351792));
#820 = ( GEOMETRIC_REPRESENTATION_CONTEXT(2) 
PARAMETRIC_REPRESENTATION_CONTEXT() REPRESENTATION_CONTEXT('2D SPACE',''
  ) );
#821 = PCURVE('',#579,#822);
#822 = DEFINITIONAL_REPRESENTATION('',(#823),#827);
#823 = LINE('',#824,#825);
#824 = CARTESIAN_POINT('',(-0.,-10.33));
#825 = VECTOR('',#826,1.);
#826 = DIRECTION('',(1.,0.));
#827 = ( GEOMETRIC_REPRESENTATION_CONTEXT(2) 
PARAMETRIC_REPRESENTATION_CONTEXT() REPRESENTATION_CONTEXT('2D SPACE',''
  ) );
#828 = ORIENTED_EDGE('',*,*,#829,.T.);
#829 = EDGE_CURVE('',#807,#830,#832,.T.);
#830 = VERTEX_POINT('',#831);
#831 = CARTESIAN_POINT('',(-7.5,-1.29,4.82));
#832 = SURFACE_CURVE('',#833,(#837,#844),.PCURVE_S1.);
#833 = LINE('',#834,#835);
#834 = CARTESIAN_POINT('',(-7.5,-1.29,9.76));
#835 = VECTOR('',#836,1.);
#836 = DIRECTION('',(0.,0.,-1.));
#837 = PCURVE('',#102,#838);
#838 = DEFINITIONAL_REPRESENTATION('',(#839),#843);
#839 = LINE('',#840,#841);
#840 = CARTESIAN_POINT('',(-7.35,-7.5));
#841 = VECTOR('',#842,1.);
#842 = DIRECTION('',(1.,0.));
#843 = ( GEOMETRIC_REPRESENTATION_CONTEXT(2) 
PARAMETRIC_REPRESENTATION_CONTEXT() REPRESENTATION_CONTEXT('2D SPACE',''
  ) );
#844 = PCURVE('',#607,#845);
#845 = DEFINITIONAL_REPRESENTATION('',(#846),#850);
#846 = LINE('',#847,#848);
#847 = CARTESIAN_POINT('',(0.,-10.33));
#848 = VECTOR('',#849,1.);
#849 = DIRECTION('',(1.,0.));
#850 = ( GEOMETRIC_REPRESENTATION_CONTEXT(2) 
PARAMETRIC_REPRESENTATION_CONTEXT() REPRESENTATION_CONTEXT('2D SPACE',''
  ) );
#851 = ORIENTED_EDGE('',*,*,#852,.T.);
#852 = EDGE_CURVE('',#830,#298,#853,.T.);
#853 = SURFACE_CURVE('',#854,(#858,#865),.PCURVE_S1.);
#854 = LINE('',#855,#856);
#855 = CARTESIAN_POINT('',(9.66,-1.29,4.82));
#856 = VECTOR('',#857,1.);
#857 = DIRECTION('',(-1.,0.,0.));
#858 = PCURVE('',#102,#859);
#859 = DEFINITIONAL_REPRESENTATION('',(#860),#864);
#860 = LINE('',#861,#862);
#861 = CARTESIAN_POINT('',(-2.41,9.66));
#862 = VECTOR('',#863,1.);
#863 = DIRECTION('',(0.,-1.));
#864 = ( GEOMETRIC_REPRESENTATION_CONTEXT(2) 
PARAMETRIC_REPRESENTATION_CONTEXT() REPRESENTATION_CONTEXT('2D SPACE',''
  ) );
#865 = PCURVE('',#313,#866);
#866 = DEFINITIONAL_REPRESENTATION('',(#867),#871);
#867 = LINE('',#868,#869);
#868 = CARTESIAN_POINT('',(0.,-10.33));
#869 = VECTOR('',#870,1.);
#870 = DIRECTION('',(1.,0.));
#871 = ( GEOMETRIC_REPRESENTATION_CONTEXT(2) 
PARAMETRIC_REPRESENTATION_CONTEXT() REPRESENTATION_CONTEXT('2D SPACE',''
  ) );
#872 = ORIENTED_EDGE('',*,*,#325,.T.);
#873 = ADVANCED_FACE('',(#874),#130,.F.);
#874 = FACE_BOUND('',#875,.F.);
#875 = EDGE_LOOP('',(#876,#877,#878,#899));
#876 = ORIENTED_EDGE('',*,*,#114,.T.);
#877 = ORIENTED_EDGE('',*,*,#645,.T.);
#878 = ORIENTED_EDGE('',*,*,#879,.F.);
#879 = EDGE_CURVE('',#373,#646,#880,.T.);
#880 = SURFACE_CURVE('',#881,(#885,#892),.PCURVE_S1.);
#881 = LINE('',#882,#883);
#882 = CARTESIAN_POINT('',(9.66,9.04,4.82));
#883 = VECTOR('',#884,1.);
#884 = DIRECTION('',(0.,-1.,0.));
#885 = PCURVE('',#130,#886);
#886 = DEFINITIONAL_REPRESENTATION('',(#887),#891);
#887 = LINE('',#888,#889);
#888 = CARTESIAN_POINT('',(4.82,0.));
#889 = VECTOR('',#890,1.);
#890 = DIRECTION('',(0.,-1.));
#891 = ( GEOMETRIC_REPRESENTATION_CONTEXT(2) 
PARAMETRIC_REPRESENTATION_CONTEXT() REPRESENTATION_CONTEXT('2D SPACE',''
  ) );
#892 = PCURVE('',#411,#893);
#893 = DEFINITIONAL_REPRESENTATION('',(#894),#898);
#894 = LINE('',#895,#896);
#895 = CARTESIAN_POINT('',(0.,0.));
#896 = VECTOR('',#897,1.);
#897 = DIRECTION('',(0.,-1.));
#898 = ( GEOMETRIC_REPRESENTATION_CONTEXT(2) 
PARAMETRIC_REPRESENTATION_CONTEXT() REPRESENTATION_CONTEXT('2D SPACE',''
  ) );
#899 = ORIENTED_EDGE('',*,*,#372,.F.);
#900 = ADVANCED_FACE('',(#901),#187,.T.);
#901 = FACE_BOUND('',#902,.T.);
#902 = EDGE_LOOP('',(#903,#926,#953,#954));
#903 = ORIENTED_EDGE('',*,*,#904,.T.);
#904 = EDGE_CURVE('',#171,#905,#907,.T.);
#905 = VERTEX_POINT('',#906);
#906 = CARTESIAN_POINT('',(-6.5,0.,-1.7));
#907 = SEAM_CURVE('',#908,(#912,#919),.PCURVE_S1.);
#908 = LINE('',#909,#910);
#909 = CARTESIAN_POINT('',(-6.5,0.,0.));
#910 = VECTOR('',#911,1.);
#911 = DIRECTION('',(-0.,-0.,-1.));
#912 = PCURVE('',#187,#913);
#913 = DEFINITIONAL_REPRESENTATION('',(#914),#918);
#914 = LINE('',#915,#916);
#915 = CARTESIAN_POINT('',(0.,0.));
#916 = VECTOR('',#917,1.);
#917 = DIRECTION('',(0.,-1.));
#918 = ( GEOMETRIC_REPRESENTATION_CONTEXT(2) 
PARAMETRIC_REPRESENTATION_CONTEXT() REPRESENTATION_CONTEXT('2D SPACE',''
  ) );
#919 = PCURVE('',#187,#920);
#920 = DEFINITIONAL_REPRESENTATION('',(#921),#925);
#921 = LINE('',#922,#923);
#922 = CARTESIAN_POINT('',(6.28318530718,0.));
#923 = VECTOR('',#924,1.);
#924 = DIRECTION('',(0.,-1.));
#925 = ( GEOMETRIC_REPRESENTATION_CONTEXT(2) 
PARAMETRIC_REPRESENTATION_CONTEXT() REPRESENTATION_CONTEXT('2D SPACE',''
  ) );
#926 = ORIENTED_EDGE('',*,*,#927,.T.);
#927 = EDGE_CURVE('',#905,#905,#928,.T.);
#928 = SURFACE_CURVE('',#929,(#934,#941),.PCURVE_S1.);
#929 = CIRCLE('',#930,1.);
#930 = AXIS2_PLACEMENT_3D('',#931,#932,#933);
#931 = CARTESIAN_POINT('',(-7.5,0.,-1.7));
#932 = DIRECTION('',(0.,0.,1.));
#933 = DIRECTION('',(1.,0.,0.));
#934 = PCURVE('',#187,#935);
#935 = DEFINITIONAL_REPRESENTATION('',(#936),#940);
#936 = LINE('',#937,#938);
#937 = CARTESIAN_POINT('',(0.,-1.7));
#938 = VECTOR('',#939,1.);
#939 = DIRECTION('',(1.,0.));
#940 = ( GEOMETRIC_REPRESENTATION_CONTEXT(2) 
PARAMETRIC_REPRESENTATION_CONTEXT() REPRESENTATION_CONTEXT('2D SPACE',''
  ) );
#941 = PCURVE('',#942,#947);
#942 = PLANE('',#943);
#943 = AXIS2_PLACEMENT_3D('',#944,#945,#946);
#944 = CARTESIAN_POINT('',(-7.5,4.464344831214E-17,-1.7));
#945 = DIRECTION('',(0.,0.,1.));
#946 = DIRECTION('',(1.,0.,-0.));
#947 = DEFINITIONAL_REPRESENTATION('',(#948),#952);
#948 = CIRCLE('',#949,1.);
#949 = AXIS2_PLACEMENT_2D('',#950,#951);
#950 = CARTESIAN_POINT('',(0.,-4.464344831214E-17));
#951 = DIRECTION('',(1.,0.));
#952 = ( GEOMETRIC_REPRESENTATION_CONTEXT(2) 
PARAMETRIC_REPRESENTATION_CONTEXT() REPRESENTATION_CONTEXT('2D SPACE',''
  ) );
#953 = ORIENTED_EDGE('',*,*,#904,.F.);
#954 = ORIENTED_EDGE('',*,*,#170,.F.);
#955 = ADVANCED_FACE('',(#956),#218,.T.);
#956 = FACE_BOUND('',#957,.T.);
#957 = EDGE_LOOP('',(#958,#981,#1008,#1009));
#958 = ORIENTED_EDGE('',*,*,#959,.T.);
#959 = EDGE_CURVE('',#202,#960,#962,.T.);
#960 = VERTEX_POINT('',#961);
#961 = CARTESIAN_POINT('',(8.5,0.,-1.7));
#962 = SEAM_CURVE('',#963,(#967,#974),.PCURVE_S1.);
#963 = LINE('',#964,#965);
#964 = CARTESIAN_POINT('',(8.5,0.,0.));
#965 = VECTOR('',#966,1.);
#966 = DIRECTION('',(-0.,-0.,-1.));
#967 = PCURVE('',#218,#968);
#968 = DEFINITIONAL_REPRESENTATION('',(#969),#973);
#969 = LINE('',#970,#971);
#970 = CARTESIAN_POINT('',(0.,0.));
#971 = VECTOR('',#972,1.);
#972 = DIRECTION('',(0.,-1.));
#973 = ( GEOMETRIC_REPRESENTATION_CONTEXT(2) 
PARAMETRIC_REPRESENTATION_CONTEXT() REPRESENTATION_CONTEXT('2D SPACE',''
  ) );
#974 = PCURVE('',#218,#975);
#975 = DEFINITIONAL_REPRESENTATION('',(#976),#980);
#976 = LINE('',#977,#978);
#977 = CARTESIAN_POINT('',(6.28318530718,0.));
#978 = VECTOR('',#979,1.);
#979 = DIRECTION('',(0.,-1.));
#980 = ( GEOMETRIC_REPRESENTATION_CONTEXT(2) 
PARAMETRIC_REPRESENTATION_CONTEXT() REPRESENTATION_CONTEXT('2D SPACE',''
  ) );
#981 = ORIENTED_EDGE('',*,*,#982,.T.);
#982 = EDGE_CURVE('',#960,#960,#983,.T.);
#983 = SURFACE_CURVE('',#984,(#989,#996),.PCURVE_S1.);
#984 = CIRCLE('',#985,1.);
#985 = AXIS2_PLACEMENT_3D('',#986,#987,#988);
#986 = CARTESIAN_POINT('',(7.5,0.,-1.7));
#987 = DIRECTION('',(0.,0.,1.));
#988 = DIRECTION('',(1.,0.,0.));
#989 = PCURVE('',#218,#990);
#990 = DEFINITIONAL_REPRESENTATION('',(#991),#995);
#991 = LINE('',#992,#993);
#992 = CARTESIAN_POINT('',(0.,-1.7));
#993 = VECTOR('',#994,1.);
#994 = DIRECTION('',(1.,0.));
#995 = ( GEOMETRIC_REPRESENTATION_CONTEXT(2) 
PARAMETRIC_REPRESENTATION_CONTEXT() REPRESENTATION_CONTEXT('2D SPACE',''
  ) );
#996 = PCURVE('',#997,#1002);
#997 = PLANE('',#998);
#998 = AXIS2_PLACEMENT_3D('',#999,#1000,#1001);
#999 = CARTESIAN_POINT('',(7.5,4.464344831214E-17,-1.7));
#1000 = DIRECTION('',(0.,0.,1.));
#1001 = DIRECTION('',(1.,0.,-0.));
#1002 = DEFINITIONAL_REPRESENTATION('',(#1003),#1007);
#1003 = CIRCLE('',#1004,1.);
#1004 = AXIS2_PLACEMENT_2D('',#1005,#1006);
#1005 = CARTESIAN_POINT('',(-8.881784197001E-16,-4.464344831214E-17));
#1006 = DIRECTION('',(1.,0.));
#1007 = ( GEOMETRIC_REPRESENTATION_CONTEXT(2) 
PARAMETRIC_REPRESENTATION_CONTEXT() REPRESENTATION_CONTEXT('2D SPACE',''
  ) );
#1008 = ORIENTED_EDGE('',*,*,#959,.F.);
#1009 = ORIENTED_EDGE('',*,*,#201,.F.);
#1010 = ADVANCED_FACE('',(#1011),#249,.T.);
#1011 = FACE_BOUND('',#1012,.T.);
#1012 = EDGE_LOOP('',(#1013,#1036,#1063,#1064));
#1013 = ORIENTED_EDGE('',*,*,#1014,.T.);
#1014 = EDGE_CURVE('',#233,#1015,#1017,.T.);
#1015 = VERTEX_POINT('',#1016);
#1016 = CARTESIAN_POINT('',(-6.125,4.,-1.7));
#1017 = SEAM_CURVE('',#1018,(#1022,#1029),.PCURVE_S1.);
#1018 = LINE('',#1019,#1020);
#1019 = CARTESIAN_POINT('',(-6.125,4.,0.));
#1020 = VECTOR('',#1021,1.);
#1021 = DIRECTION('',(-0.,-0.,-1.));
#1022 = PCURVE('',#249,#1023);
#1023 = DEFINITIONAL_REPRESENTATION('',(#1024),#1028);
#1024 = LINE('',#1025,#1026);
#1025 = CARTESIAN_POINT('',(0.,0.));
#1026 = VECTOR('',#1027,1.);
#1027 = DIRECTION('',(0.,-1.));
#1028 = ( GEOMETRIC_REPRESENTATION_CONTEXT(2) 
PARAMETRIC_REPRESENTATION_CONTEXT() REPRESENTATION_CONTEXT('2D SPACE',''
  ) );
#1029 = PCURVE('',#249,#1030);
#1030 = DEFINITIONAL_REPRESENTATION('',(#1031),#1035);
#1031 = LINE('',#1032,#1033);
#1032 = CARTESIAN_POINT('',(6.28318530718,0.));
#1033 = VECTOR('',#1034,1.);
#1034 = DIRECTION('',(0.,-1.));
#1035 = ( GEOMETRIC_REPRESENTATION_CONTEXT(2) 
PARAMETRIC_REPRESENTATION_CONTEXT() REPRESENTATION_CONTEXT('2D SPACE',''
  ) );
#1036 = ORIENTED_EDGE('',*,*,#1037,.T.);
#1037 = EDGE_CURVE('',#1015,#1015,#1038,.T.);
#1038 = SURFACE_CURVE('',#1039,(#1044,#1051),.PCURVE_S1.);
#1039 = CIRCLE('',#1040,1.375);
#1040 = AXIS2_PLACEMENT_3D('',#1041,#1042,#1043);
#1041 = CARTESIAN_POINT('',(-7.5,4.,-1.7));
#1042 = DIRECTION('',(0.,0.,1.));
#1043 = DIRECTION('',(1.,0.,0.));
#1044 = PCURVE('',#249,#1045);
#1045 = DEFINITIONAL_REPRESENTATION('',(#1046),#1050);
#1046 = LINE('',#1047,#1048);
#1047 = CARTESIAN_POINT('',(0.,-1.7));
#1048 = VECTOR('',#1049,1.);
#1049 = DIRECTION('',(1.,0.));
#1050 = ( GEOMETRIC_REPRESENTATION_CONTEXT(2) 
PARAMETRIC_REPRESENTATION_CONTEXT() REPRESENTATION_CONTEXT('2D SPACE',''
  ) );
#1051 = PCURVE('',#1052,#1057);
#1052 = PLANE('',#1053);
#1053 = AXIS2_PLACEMENT_3D('',#1054,#1055,#1056);
#1054 = CARTESIAN_POINT('',(-7.5,4.,-1.7));
#1055 = DIRECTION('',(0.,0.,1.));
#1056 = DIRECTION('',(1.,0.,-0.));
#1057 = DEFINITIONAL_REPRESENTATION('',(#1058),#1062);
#1058 = CIRCLE('',#1059,1.375);
#1059 = AXIS2_PLACEMENT_2D('',#1060,#1061);
#1060 = CARTESIAN_POINT('',(-8.881784197001E-16,-8.881784197001E-16));
#1061 = DIRECTION('',(1.,0.));
#1062 = ( GEOMETRIC_REPRESENTATION_CONTEXT(2) 
PARAMETRIC_REPRESENTATION_CONTEXT() REPRESENTATION_CONTEXT('2D SPACE',''
  ) );
#1063 = ORIENTED_EDGE('',*,*,#1014,.F.);
#1064 = ORIENTED_EDGE('',*,*,#232,.F.);
#1065 = ADVANCED_FACE('',(#1066),#280,.T.);
#1066 = FACE_BOUND('',#1067,.T.);
#1067 = EDGE_LOOP('',(#1068,#1091,#1118,#1119));
#1068 = ORIENTED_EDGE('',*,*,#1069,.T.);
#1069 = EDGE_CURVE('',#264,#1070,#1072,.T.);
#1070 = VERTEX_POINT('',#1071);
#1071 = CARTESIAN_POINT('',(8.875,4.,-1.7));
#1072 = SEAM_CURVE('',#1073,(#1077,#1084),.PCURVE_S1.);
#1073 = LINE('',#1074,#1075);
#1074 = CARTESIAN_POINT('',(8.875,4.,0.));
#1075 = VECTOR('',#1076,1.);
#1076 = DIRECTION('',(-0.,-0.,-1.));
#1077 = PCURVE('',#280,#1078);
#1078 = DEFINITIONAL_REPRESENTATION('',(#1079),#1083);
#1079 = LINE('',#1080,#1081);
#1080 = CARTESIAN_POINT('',(0.,0.));
#1081 = VECTOR('',#1082,1.);
#1082 = DIRECTION('',(0.,-1.));
#1083 = ( GEOMETRIC_REPRESENTATION_CONTEXT(2) 
PARAMETRIC_REPRESENTATION_CONTEXT() REPRESENTATION_CONTEXT('2D SPACE',''
  ) );
#1084 = PCURVE('',#280,#1085);
#1085 = DEFINITIONAL_REPRESENTATION('',(#1086),#1090);
#1086 = LINE('',#1087,#1088);
#1087 = CARTESIAN_POINT('',(6.28318530718,0.));
#1088 = VECTOR('',#1089,1.);
#1089 = DIRECTION('',(0.,-1.));
#1090 = ( GEOMETRIC_REPRESENTATION_CONTEXT(2) 
PARAMETRIC_REPRESENTATION_CONTEXT() REPRESENTATION_CONTEXT('2D SPACE',''
  ) );
#1091 = ORIENTED_EDGE('',*,*,#1092,.T.);
#1092 = EDGE_CURVE('',#1070,#1070,#1093,.T.);
#1093 = SURFACE_CURVE('',#1094,(#1099,#1106),.PCURVE_S1.);
#1094 = CIRCLE('',#1095,1.375);
#1095 = AXIS2_PLACEMENT_3D('',#1096,#1097,#1098);
#1096 = CARTESIAN_POINT('',(7.5,4.,-1.7));
#1097 = DIRECTION('',(0.,0.,1.));
#1098 = DIRECTION('',(1.,0.,0.));
#1099 = PCURVE('',#280,#1100);
#1100 = DEFINITIONAL_REPRESENTATION('',(#1101),#1105);
#1101 = LINE('',#1102,#1103);
#1102 = CARTESIAN_POINT('',(0.,-1.7));
#1103 = VECTOR('',#1104,1.);
#1104 = DIRECTION('',(1.,0.));
#1105 = ( GEOMETRIC_REPRESENTATION_CONTEXT(2) 
PARAMETRIC_REPRESENTATION_CONTEXT() REPRESENTATION_CONTEXT('2D SPACE',''
  ) );
#1106 = PCURVE('',#1107,#1112);
#1107 = PLANE('',#1108);
#1108 = AXIS2_PLACEMENT_3D('',#1109,#1110,#1111);
#1109 = CARTESIAN_POINT('',(7.5,4.,-1.7));
#1110 = DIRECTION('',(0.,0.,1.));
#1111 = DIRECTION('',(1.,0.,-0.));
#1112 = DEFINITIONAL_REPRESENTATION('',(#1113),#1117);
#1113 = CIRCLE('',#1114,1.375);
#1114 = AXIS2_PLACEMENT_2D('',#1115,#1116);
#1115 = CARTESIAN_POINT('',(8.881784197001E-16,4.440892098501E-16));
#1116 = DIRECTION('',(1.,0.));
#1117 = ( GEOMETRIC_REPRESENTATION_CONTEXT(2) 
PARAMETRIC_REPRESENTATION_CONTEXT() REPRESENTATION_CONTEXT('2D SPACE',''
  ) );
#1118 = ORIENTED_EDGE('',*,*,#1069,.F.);
#1119 = ORIENTED_EDGE('',*,*,#263,.F.);
#1120 = ADVANCED_FACE('',(#1121),#313,.F.);
#1121 = FACE_BOUND('',#1122,.F.);
#1122 = EDGE_LOOP('',(#1123,#1124,#1145,#1146));
#1123 = ORIENTED_EDGE('',*,*,#619,.F.);
#1124 = ORIENTED_EDGE('',*,*,#1125,.T.);
#1125 = EDGE_CURVE('',#592,#830,#1126,.T.);
#1126 = SURFACE_CURVE('',#1127,(#1131,#1138),.PCURVE_S1.);
#1127 = LINE('',#1128,#1129);
#1128 = CARTESIAN_POINT('',(-7.5,9.04,4.82));
#1129 = VECTOR('',#1130,1.);
#1130 = DIRECTION('',(0.,-1.,0.));
#1131 = PCURVE('',#313,#1132);
#1132 = DEFINITIONAL_REPRESENTATION('',(#1133),#1137);
#1133 = LINE('',#1134,#1135);
#1134 = CARTESIAN_POINT('',(17.16,0.));
#1135 = VECTOR('',#1136,1.);
#1136 = DIRECTION('',(0.,-1.));
#1137 = ( GEOMETRIC_REPRESENTATION_CONTEXT(2) 
PARAMETRIC_REPRESENTATION_CONTEXT() REPRESENTATION_CONTEXT('2D SPACE',''
  ) );
#1138 = PCURVE('',#607,#1139);
#1139 = DEFINITIONAL_REPRESENTATION('',(#1140),#1144);
#1140 = LINE('',#1141,#1142);
#1141 = CARTESIAN_POINT('',(4.94,0.));
#1142 = VECTOR('',#1143,1.);
#1143 = DIRECTION('',(0.,-1.));
#1144 = ( GEOMETRIC_REPRESENTATION_CONTEXT(2) 
PARAMETRIC_REPRESENTATION_CONTEXT() REPRESENTATION_CONTEXT('2D SPACE',''
  ) );
#1145 = ORIENTED_EDGE('',*,*,#852,.T.);
#1146 = ORIENTED_EDGE('',*,*,#295,.F.);
#1147 = ADVANCED_FACE('',(#1148),#411,.F.);
#1148 = FACE_BOUND('',#1149,.F.);
#1149 = EDGE_LOOP('',(#1150,#1151,#1152,#1153));
#1150 = ORIENTED_EDGE('',*,*,#395,.F.);
#1151 = ORIENTED_EDGE('',*,*,#879,.T.);
#1152 = ORIENTED_EDGE('',*,*,#668,.T.);
#1153 = ORIENTED_EDGE('',*,*,#1154,.F.);
#1154 = EDGE_CURVE('',#396,#669,#1155,.T.);
#1155 = SURFACE_CURVE('',#1156,(#1160,#1167),.PCURVE_S1.);
#1156 = LINE('',#1157,#1158);
#1157 = CARTESIAN_POINT('',(7.5,9.04,4.82));
#1158 = VECTOR('',#1159,1.);
#1159 = DIRECTION('',(0.,-1.,0.));
#1160 = PCURVE('',#411,#1161);
#1161 = DEFINITIONAL_REPRESENTATION('',(#1162),#1166);
#1162 = LINE('',#1163,#1164);
#1163 = CARTESIAN_POINT('',(2.16,0.));
#1164 = VECTOR('',#1165,1.);
#1165 = DIRECTION('',(0.,-1.));
#1166 = ( GEOMETRIC_REPRESENTATION_CONTEXT(2) 
PARAMETRIC_REPRESENTATION_CONTEXT() REPRESENTATION_CONTEXT('2D SPACE',''
  ) );
#1167 = PCURVE('',#439,#1168);
#1168 = DEFINITIONAL_REPRESENTATION('',(#1169),#1173);
#1169 = LINE('',#1170,#1171);
#1170 = CARTESIAN_POINT('',(0.,0.));
#1171 = VECTOR('',#1172,1.);
#1172 = DIRECTION('',(0.,-1.));
#1173 = ( GEOMETRIC_REPRESENTATION_CONTEXT(2) 
PARAMETRIC_REPRESENTATION_CONTEXT() REPRESENTATION_CONTEXT('2D SPACE',''
  ) );
#1174 = ADVANCED_FACE('',(#1175),#439,.F.);
#1175 = FACE_BOUND('',#1176,.F.);
#1176 = EDGE_LOOP('',(#1177,#1178,#1179,#1200));
#1177 = ORIENTED_EDGE('',*,*,#1154,.T.);
#1178 = ORIENTED_EDGE('',*,*,#691,.T.);
#1179 = ORIENTED_EDGE('',*,*,#1180,.F.);
#1180 = EDGE_CURVE('',#424,#692,#1181,.T.);
#1181 = SURFACE_CURVE('',#1182,(#1186,#1193),.PCURVE_S1.);
#1182 = LINE('',#1183,#1184);
#1183 = CARTESIAN_POINT('',(7.5,9.04,9.76));
#1184 = VECTOR('',#1185,1.);
#1185 = DIRECTION('',(0.,-1.,0.));
#1186 = PCURVE('',#439,#1187);
#1187 = DEFINITIONAL_REPRESENTATION('',(#1188),#1192);
#1188 = LINE('',#1189,#1190);
#1189 = CARTESIAN_POINT('',(4.94,0.));
#1190 = VECTOR('',#1191,1.);
#1191 = DIRECTION('',(0.,-1.));
#1192 = ( GEOMETRIC_REPRESENTATION_CONTEXT(2) 
PARAMETRIC_REPRESENTATION_CONTEXT() REPRESENTATION_CONTEXT('2D SPACE',''
  ) );
#1193 = PCURVE('',#467,#1194);
#1194 = DEFINITIONAL_REPRESENTATION('',(#1195),#1199);
#1195 = LINE('',#1196,#1197);
#1196 = CARTESIAN_POINT('',(0.,0.));
#1197 = VECTOR('',#1198,1.);
#1198 = DIRECTION('',(0.,-1.));
#1199 = ( GEOMETRIC_REPRESENTATION_CONTEXT(2) 
PARAMETRIC_REPRESENTATION_CONTEXT() REPRESENTATION_CONTEXT('2D SPACE',''
  ) );
#1200 = ORIENTED_EDGE('',*,*,#423,.F.);
#1201 = ADVANCED_FACE('',(#1202),#467,.F.);
#1202 = FACE_BOUND('',#1203,.F.);
#1203 = EDGE_LOOP('',(#1204,#1205,#1206,#1227));
#1204 = ORIENTED_EDGE('',*,*,#1180,.T.);
#1205 = ORIENTED_EDGE('',*,*,#714,.T.);
#1206 = ORIENTED_EDGE('',*,*,#1207,.F.);
#1207 = EDGE_CURVE('',#452,#715,#1208,.T.);
#1208 = SURFACE_CURVE('',#1209,(#1213,#1220),.PCURVE_S1.);
#1209 = LINE('',#1210,#1211);
#1210 = CARTESIAN_POINT('',(4.7,9.04,14.78));
#1211 = VECTOR('',#1212,1.);
#1212 = DIRECTION('',(0.,-1.,0.));
#1213 = PCURVE('',#467,#1214);
#1214 = DEFINITIONAL_REPRESENTATION('',(#1215),#1219);
#1215 = LINE('',#1216,#1217);
#1216 = CARTESIAN_POINT('',(5.748077939625,0.));
#1217 = VECTOR('',#1218,1.);
#1218 = DIRECTION('',(0.,-1.));
#1219 = ( GEOMETRIC_REPRESENTATION_CONTEXT(2) 
PARAMETRIC_REPRESENTATION_CONTEXT() REPRESENTATION_CONTEXT('2D SPACE',''
  ) );
#1220 = PCURVE('',#495,#1221);
#1221 = DEFINITIONAL_REPRESENTATION('',(#1222),#1226);
#1222 = LINE('',#1223,#1224);
#1223 = CARTESIAN_POINT('',(0.,0.));
#1224 = VECTOR('',#1225,1.);
#1225 = DIRECTION('',(0.,-1.));
#1226 = ( GEOMETRIC_REPRESENTATION_CONTEXT(2) 
PARAMETRIC_REPRESENTATION_CONTEXT() REPRESENTATION_CONTEXT('2D SPACE',''
  ) );
#1227 = ORIENTED_EDGE('',*,*,#451,.F.);
#1228 = ADVANCED_FACE('',(#1229),#495,.F.);
#1229 = FACE_BOUND('',#1230,.F.);
#1230 = EDGE_LOOP('',(#1231,#1232,#1233,#1254));
#1231 = ORIENTED_EDGE('',*,*,#1207,.T.);
#1232 = ORIENTED_EDGE('',*,*,#737,.T.);
#1233 = ORIENTED_EDGE('',*,*,#1234,.F.);
#1234 = EDGE_CURVE('',#480,#738,#1235,.T.);
#1235 = SURFACE_CURVE('',#1236,(#1240,#1247),.PCURVE_S1.);
#1236 = LINE('',#1237,#1238);
#1237 = CARTESIAN_POINT('',(4.7,9.04,15.5));
#1238 = VECTOR('',#1239,1.);
#1239 = DIRECTION('',(0.,-1.,0.));
#1240 = PCURVE('',#495,#1241);
#1241 = DEFINITIONAL_REPRESENTATION('',(#1242),#1246);
#1242 = LINE('',#1243,#1244);
#1243 = CARTESIAN_POINT('',(0.72,0.));
#1244 = VECTOR('',#1245,1.);
#1245 = DIRECTION('',(0.,-1.));
#1246 = ( GEOMETRIC_REPRESENTATION_CONTEXT(2) 
PARAMETRIC_REPRESENTATION_CONTEXT() REPRESENTATION_CONTEXT('2D SPACE',''
  ) );
#1247 = PCURVE('',#523,#1248);
#1248 = DEFINITIONAL_REPRESENTATION('',(#1249),#1253);
#1249 = LINE('',#1250,#1251);
#1250 = CARTESIAN_POINT('',(0.,0.));
#1251 = VECTOR('',#1252,1.);
#1252 = DIRECTION('',(0.,-1.));
#1253 = ( GEOMETRIC_REPRESENTATION_CONTEXT(2) 
PARAMETRIC_REPRESENTATION_CONTEXT() REPRESENTATION_CONTEXT('2D SPACE',''
  ) );
#1254 = ORIENTED_EDGE('',*,*,#479,.F.);
#1255 = ADVANCED_FACE('',(#1256),#523,.F.);
#1256 = FACE_BOUND('',#1257,.F.);
#1257 = EDGE_LOOP('',(#1258,#1259,#1260,#1281));
#1258 = ORIENTED_EDGE('',*,*,#1234,.T.);
#1259 = ORIENTED_EDGE('',*,*,#760,.T.);
#1260 = ORIENTED_EDGE('',*,*,#1261,.F.);
#1261 = EDGE_CURVE('',#508,#761,#1262,.T.);
#1262 = SURFACE_CURVE('',#1263,(#1267,#1274),.PCURVE_S1.);
#1263 = LINE('',#1264,#1265);
#1264 = CARTESIAN_POINT('',(-4.7,9.04,15.5));
#1265 = VECTOR('',#1266,1.);
#1266 = DIRECTION('',(0.,-1.,0.));
#1267 = PCURVE('',#523,#1268);
#1268 = DEFINITIONAL_REPRESENTATION('',(#1269),#1273);
#1269 = LINE('',#1270,#1271);
#1270 = CARTESIAN_POINT('',(9.4,0.));
#1271 = VECTOR('',#1272,1.);
#1272 = DIRECTION('',(0.,-1.));
#1273 = ( GEOMETRIC_REPRESENTATION_CONTEXT(2) 
PARAMETRIC_REPRESENTATION_CONTEXT() REPRESENTATION_CONTEXT('2D SPACE',''
  ) );
#1274 = PCURVE('',#551,#1275);
#1275 = DEFINITIONAL_REPRESENTATION('',(#1276),#1280);
#1276 = LINE('',#1277,#1278);
#1277 = CARTESIAN_POINT('',(0.,0.));
#1278 = VECTOR('',#1279,1.);
#1279 = DIRECTION('',(0.,-1.));
#1280 = ( GEOMETRIC_REPRESENTATION_CONTEXT(2) 
PARAMETRIC_REPRESENTATION_CONTEXT() REPRESENTATION_CONTEXT('2D SPACE',''
  ) );
#1281 = ORIENTED_EDGE('',*,*,#507,.F.);
#1282 = ADVANCED_FACE('',(#1283),#551,.F.);
#1283 = FACE_BOUND('',#1284,.F.);
#1284 = EDGE_LOOP('',(#1285,#1286,#1287,#1308));
#1285 = ORIENTED_EDGE('',*,*,#1261,.T.);
#1286 = ORIENTED_EDGE('',*,*,#783,.T.);
#1287 = ORIENTED_EDGE('',*,*,#1288,.F.);
#1288 = EDGE_CURVE('',#536,#784,#1289,.T.);
#1289 = SURFACE_CURVE('',#1290,(#1294,#1301),.PCURVE_S1.);
#1290 = LINE('',#1291,#1292);
#1291 = CARTESIAN_POINT('',(-4.7,9.04,14.78));
#1292 = VECTOR('',#1293,1.);
#1293 = DIRECTION('',(0.,-1.,0.));
#1294 = PCURVE('',#551,#1295);
#1295 = DEFINITIONAL_REPRESENTATION('',(#1296),#1300);
#1296 = LINE('',#1297,#1298);
#1297 = CARTESIAN_POINT('',(0.72,0.));
#1298 = VECTOR('',#1299,1.);
#1299 = DIRECTION('',(0.,-1.));
#1300 = ( GEOMETRIC_REPRESENTATION_CONTEXT(2) 
PARAMETRIC_REPRESENTATION_CONTEXT() REPRESENTATION_CONTEXT('2D SPACE',''
  ) );
#1301 = PCURVE('',#579,#1302);
#1302 = DEFINITIONAL_REPRESENTATION('',(#1303),#1307);
#1303 = LINE('',#1304,#1305);
#1304 = CARTESIAN_POINT('',(0.,0.));
#1305 = VECTOR('',#1306,1.);
#1306 = DIRECTION('',(-0.,-1.));
#1307 = ( GEOMETRIC_REPRESENTATION_CONTEXT(2) 
PARAMETRIC_REPRESENTATION_CONTEXT() REPRESENTATION_CONTEXT('2D SPACE',''
  ) );
#1308 = ORIENTED_EDGE('',*,*,#535,.F.);
#1309 = ADVANCED_FACE('',(#1310),#579,.F.);
#1310 = FACE_BOUND('',#1311,.F.);
#1311 = EDGE_LOOP('',(#1312,#1313,#1314,#1335));
#1312 = ORIENTED_EDGE('',*,*,#1288,.T.);
#1313 = ORIENTED_EDGE('',*,*,#806,.T.);
#1314 = ORIENTED_EDGE('',*,*,#1315,.F.);
#1315 = EDGE_CURVE('',#564,#807,#1316,.T.);
#1316 = SURFACE_CURVE('',#1317,(#1321,#1328),.PCURVE_S1.);
#1317 = LINE('',#1318,#1319);
#1318 = CARTESIAN_POINT('',(-7.5,9.04,9.76));
#1319 = VECTOR('',#1320,1.);
#1320 = DIRECTION('',(0.,-1.,0.));
#1321 = PCURVE('',#579,#1322);
#1322 = DEFINITIONAL_REPRESENTATION('',(#1323),#1327);
#1323 = LINE('',#1324,#1325);
#1324 = CARTESIAN_POINT('',(5.748077939625,0.));
#1325 = VECTOR('',#1326,1.);
#1326 = DIRECTION('',(-0.,-1.));
#1327 = ( GEOMETRIC_REPRESENTATION_CONTEXT(2) 
PARAMETRIC_REPRESENTATION_CONTEXT() REPRESENTATION_CONTEXT('2D SPACE',''
  ) );
#1328 = PCURVE('',#607,#1329);
#1329 = DEFINITIONAL_REPRESENTATION('',(#1330),#1334);
#1330 = LINE('',#1331,#1332);
#1331 = CARTESIAN_POINT('',(0.,0.));
#1332 = VECTOR('',#1333,1.);
#1333 = DIRECTION('',(0.,-1.));
#1334 = ( GEOMETRIC_REPRESENTATION_CONTEXT(2) 
PARAMETRIC_REPRESENTATION_CONTEXT() REPRESENTATION_CONTEXT('2D SPACE',''
  ) );
#1335 = ORIENTED_EDGE('',*,*,#563,.F.);
#1336 = ADVANCED_FACE('',(#1337),#607,.F.);
#1337 = FACE_BOUND('',#1338,.F.);
#1338 = EDGE_LOOP('',(#1339,#1340,#1341,#1342));
#1339 = ORIENTED_EDGE('',*,*,#1315,.T.);
#1340 = ORIENTED_EDGE('',*,*,#829,.T.);
#1341 = ORIENTED_EDGE('',*,*,#1125,.F.);
#1342 = ORIENTED_EDGE('',*,*,#591,.F.);
#1343 = ADVANCED_FACE('',(#1344),#942,.F.);
#1344 = FACE_BOUND('',#1345,.F.);
#1345 = EDGE_LOOP('',(#1346));
#1346 = ORIENTED_EDGE('',*,*,#927,.T.);
#1347 = ADVANCED_FACE('',(#1348),#997,.F.);
#1348 = FACE_BOUND('',#1349,.F.);
#1349 = EDGE_LOOP('',(#1350));
#1350 = ORIENTED_EDGE('',*,*,#982,.T.);
#1351 = ADVANCED_FACE('',(#1352),#1052,.F.);
#1352 = FACE_BOUND('',#1353,.F.);
#1353 = EDGE_LOOP('',(#1354));
#1354 = ORIENTED_EDGE('',*,*,#1037,.T.);
#1355 = ADVANCED_FACE('',(#1356),#1107,.F.);
#1356 = FACE_BOUND('',#1357,.F.);
#1357 = EDGE_LOOP('',(#1358));
#1358 = ORIENTED_EDGE('',*,*,#1092,.T.);
#1359 = ( GEOMETRIC_REPRESENTATION_CONTEXT(3) 
GLOBAL_UNCERTAINTY_ASSIGNED_CONTEXT((#1363)) 
GLOBAL_UNIT_ASSIGNED_CONTEXT((#1360,#1361,#1362)) REPRESENTATION_CONTEXT
('Context #1','3D Context with UNIT and UNCERTAINTY') );
#1360 = ( LENGTH_UNIT() NAMED_UNIT(*) SI_UNIT(.MILLI.,.METRE.) );
#1361 = ( NAMED_UNIT(*) PLANE_ANGLE_UNIT() SI_UNIT($,.RADIAN.) );
#1362 = ( NAMED_UNIT(*) SI_UNIT($,.STERADIAN.) SOLID_ANGLE_UNIT() );
#1363 = UNCERTAINTY_MEASURE_WITH_UNIT(LENGTH_MEASURE(1.E-07),#1360,
  'distance_accuracy_value','confusion accuracy');
#1364 = CONTEXT_DEPENDENT_SHAPE_REPRESENTATION(#1365,#1367);
#1365 = ( REPRESENTATION_RELATIONSHIP('','',#44,#10) 
REPRESENTATION_RELATIONSHIP_WITH_TRANSFORMATION(#1366) 
SHAPE_REPRESENTATION_RELATIONSHIP() );
#1366 = ITEM_DEFINED_TRANSFORMATION('','',#11,#15);
#1367 = PRODUCT_DEFINITION_SHAPE('Placement','Placement of an item',
  #1368);
#1368 = NEXT_ASSEMBLY_USAGE_OCCURRENCE('1','housing','',#5,#39,$);
#1369 = PRODUCT_RELATED_PRODUCT_CATEGORY('part',$,(#41));
#1370 = SHAPE_DEFINITION_REPRESENTATION(#1371,#1377);
#1371 = PRODUCT_DEFINITION_SHAPE('','',#1372);
#1372 = PRODUCT_DEFINITION('design','',#1373,#1376);
#1373 = PRODUCT_DEFINITION_FORMATION('','',#1374);
#1374 = PRODUCT('insert','insert','',(#1375));
#1375 = PRODUCT_CONTEXT('',#2,'mechanical');
#1376 = PRODUCT_DEFINITION_CONTEXT('part definition',#2,'design');
#1377 = ADVANCED_BREP_SHAPE_REPRESENTATION('',(#11,#1378),#1566);
#1378 = MANIFOLD_SOLID_BREP('',#1379);
#1379 = CLOSED_SHELL('',(#1380,#1468,#1503,#1507,#1562));
#1380 = ADVANCED_FACE('',(#1381),#1395,.T.);
#1381 = FACE_BOUND('',#1382,.F.);
#1382 = EDGE_LOOP('',(#1383,#1413,#1440,#1441));
#1383 = ORIENTED_EDGE('',*,*,#1384,.T.);
#1384 = EDGE_CURVE('',#1385,#1387,#1389,.T.);
#1385 = VERTEX_POINT('',#1386);
#1386 = CARTESIAN_POINT('',(5.25,24.54,8.5));
#1387 = VERTEX_POINT('',#1388);
#1388 = CARTESIAN_POINT('',(5.25,17.63,8.5));
#1389 = SEAM_CURVE('',#1390,(#1394,#1406),.PCURVE_S1.);
#1390 = LINE('',#1391,#1392);
#1391 = CARTESIAN_POINT('',(5.25,24.54,8.5));
#1392 = VECTOR('',#1393,1.);
#1393 = DIRECTION('',(0.,-1.,0.));
#1394 = PCURVE('',#1395,#1400);
#1395 = CYLINDRICAL_SURFACE('',#1396,5.25);
#1396 = AXIS2_PLACEMENT_3D('',#1397,#1398,#1399);
#1397 = CARTESIAN_POINT('',(0.,24.54,8.5));
#1398 = DIRECTION('',(-0.,1.,-0.));
#1399 = DIRECTION('',(1.,0.,0.));
#1400 = DEFINITIONAL_REPRESENTATION('',(#1401),#1405);
#1401 = LINE('',#1402,#1403);
#1402 = CARTESIAN_POINT('',(-0.,0.));
#1403 = VECTOR('',#1404,1.);
#1404 = DIRECTION('',(-0.,-1.));
#1405 = ( GEOMETRIC_REPRESENTATION_CONTEXT(2) 
PARAMETRIC_REPRESENTATION_CONTEXT() REPRESENTATION_CONTEXT('2D SPACE',''
  ) );
#1406 = PCURVE('',#1395,#1407);
#1407 = DEFINITIONAL_REPRESENTATION('',(#1408),#1412);
#1408 = LINE('',#1409,#1410);
#1409 = CARTESIAN_POINT('',(-6.28318530718,0.));
#1410 = VECTOR('',#1411,1.);
#1411 = DIRECTION('',(-0.,-1.));
#1412 = ( GEOMETRIC_REPRESENTATION_CONTEXT(2) 
PARAMETRIC_REPRESENTATION_CONTEXT() REPRESENTATION_CONTEXT('2D SPACE',''
  ) );
#1413 = ORIENTED_EDGE('',*,*,#1414,.T.);
#1414 = EDGE_CURVE('',#1387,#1387,#1415,.T.);
#1415 = SURFACE_CURVE('',#1416,(#1421,#1428),.PCURVE_S1.);
#1416 = CIRCLE('',#1417,5.25);
#1417 = AXIS2_PLACEMENT_3D('',#1418,#1419,#1420);
#1418 = CARTESIAN_POINT('',(0.,17.63,8.5));
#1419 = DIRECTION('',(0.,-1.,0.));
#1420 = DIRECTION('',(1.,0.,0.));
#1421 = PCURVE('',#1395,#1422);
#1422 = DEFINITIONAL_REPRESENTATION('',(#1423),#1427);
#1423 = LINE('',#1424,#1425);
#1424 = CARTESIAN_POINT('',(-0.,-6.91));
#1425 = VECTOR('',#1426,1.);
#1426 = DIRECTION('',(-1.,0.));
#1427 = ( GEOMETRIC_REPRESENTATION_CONTEXT(2) 
PARAMETRIC_REPRESENTATION_CONTEXT() REPRESENTATION_CONTEXT('2D SPACE',''
  ) );
#1428 = PCURVE('',#1429,#1434);
#1429 = PLANE('',#1430);
#1430 = AXIS2_PLACEMENT_3D('',#1431,#1432,#1433);
#1431 = CARTESIAN_POINT('',(-5.209295743007E-16,17.63,8.5));
#1432 = DIRECTION('',(-0.,-1.,-0.));
#1433 = DIRECTION('',(0.,0.,-1.));
#1434 = DEFINITIONAL_REPRESENTATION('',(#1435),#1439);
#1435 = CIRCLE('',#1436,5.25);
#1436 = AXIS2_PLACEMENT_2D('',#1437,#1438);
#1437 = CARTESIAN_POINT('',(0.,5.209295743007E-16));
#1438 = DIRECTION('',(0.,1.));
#1439 = ( GEOMETRIC_REPRESENTATION_CONTEXT(2) 
PARAMETRIC_REPRESENTATION_CONTEXT() REPRESENTATION_CONTEXT('2D SPACE',''
  ) );
#1440 = ORIENTED_EDGE('',*,*,#1384,.F.);
#1441 = ORIENTED_EDGE('',*,*,#1442,.F.);
#1442 = EDGE_CURVE('',#1385,#1385,#1443,.T.);
#1443 = SURFACE_CURVE('',#1444,(#1449,#1456),.PCURVE_S1.);
#1444 = CIRCLE('',#1445,5.25);
#1445 = AXIS2_PLACEMENT_3D('',#1446,#1447,#1448);
#1446 = CARTESIAN_POINT('',(0.,24.54,8.5));
#1447 = DIRECTION('',(0.,-1.,0.));
#1448 = DIRECTION('',(1.,0.,0.));
#1449 = PCURVE('',#1395,#1450);
#1450 = DEFINITIONAL_REPRESENTATION('',(#1451),#1455);
#1451 = LINE('',#1452,#1453);
#1452 = CARTESIAN_POINT('',(-0.,0.));
#1453 = VECTOR('',#1454,1.);
#1454 = DIRECTION('',(-1.,0.));
#1455 = ( GEOMETRIC_REPRESENTATION_CONTEXT(2) 
PARAMETRIC_REPRESENTATION_CONTEXT() REPRESENTATION_CONTEXT('2D SPACE',''
  ) );
#1456 = PCURVE('',#1457,#1462);
#1457 = PLANE('',#1458);
#1458 = AXIS2_PLACEMENT_3D('',#1459,#1460,#1461);
#1459 = CARTESIAN_POINT('',(-5.209295743007E-16,24.54,8.5));
#1460 = DIRECTION('',(-0.,-1.,-0.));
#1461 = DIRECTION('',(0.,0.,-1.));
#1462 = DEFINITIONAL_REPRESENTATION('',(#1463),#1467);
#1463 = CIRCLE('',#1464,5.25);
#1464 = AXIS2_PLACEMENT_2D('',#1465,#1466);
#1465 = CARTESIAN_POINT('',(0.,5.209295743007E-16));
#1466 = DIRECTION('',(0.,1.));
#1467 = ( GEOMETRIC_REPRESENTATION_CONTEXT(2) 
PARAMETRIC_REPRESENTATION_CONTEXT() REPRESENTATION_CONTEXT('2D SPACE',''
  ) );
#1468 = ADVANCED_FACE('',(#1469,#1472),#1457,.F.);
#1469 = FACE_BOUND('',#1470,.F.);
#1470 = EDGE_LOOP('',(#1471));
#1471 = ORIENTED_EDGE('',*,*,#1442,.T.);
#1472 = FACE_BOUND('',#1473,.F.);
#1473 = EDGE_LOOP('',(#1474));
#1474 = ORIENTED_EDGE('',*,*,#1475,.F.);
#1475 = EDGE_CURVE('',#1476,#1476,#1478,.T.);
#1476 = VERTEX_POINT('',#1477);
#1477 = CARTESIAN_POINT('',(3.75,24.54,8.5));
#1478 = SURFACE_CURVE('',#1479,(#1484,#1491),.PCURVE_S1.);
#1479 = CIRCLE('',#1480,3.75);
#1480 = AXIS2_PLACEMENT_3D('',#1481,#1482,#1483);
#1481 = CARTESIAN_POINT('',(0.,24.54,8.5));
#1482 = DIRECTION('',(0.,-1.,0.));
#1483 = DIRECTION('',(1.,0.,0.));
#1484 = PCURVE('',#1457,#1485);
#1485 = DEFINITIONAL_REPRESENTATION('',(#1486),#1490);
#1486 = CIRCLE('',#1487,3.75);
#1487 = AXIS2_PLACEMENT_2D('',#1488,#1489);
#1488 = CARTESIAN_POINT('',(0.,5.209295743007E-16));
#1489 = DIRECTION('',(0.,1.));
#1490 = ( GEOMETRIC_REPRESENTATION_CONTEXT(2) 
PARAMETRIC_REPRESENTATION_CONTEXT() REPRESENTATION_CONTEXT('2D SPACE',''
  ) );
#1491 = PCURVE('',#1492,#1497);
#1492 = CYLINDRICAL_SURFACE('',#1493,3.75);
#1493 = AXIS2_PLACEMENT_3D('',#1494,#1495,#1496);
#1494 = CARTESIAN_POINT('',(0.,26.53,8.5));
#1495 = DIRECTION('',(-0.,1.,-0.));
#1496 = DIRECTION('',(1.,0.,0.));
#1497 = DEFINITIONAL_REPRESENTATION('',(#1498),#1502);
#1498 = LINE('',#1499,#1500);
#1499 = CARTESIAN_POINT('',(-0.,-1.99));
#1500 = VECTOR('',#1501,1.);
#1501 = DIRECTION('',(-1.,0.));
#1502 = ( GEOMETRIC_REPRESENTATION_CONTEXT(2) 
PARAMETRIC_REPRESENTATION_CONTEXT() REPRESENTATION_CONTEXT('2D SPACE',''
  ) );
#1503 = ADVANCED_FACE('',(#1504),#1429,.T.);
#1504 = FACE_BOUND('',#1505,.T.);
#1505 = EDGE_LOOP('',(#1506));
#1506 = ORIENTED_EDGE('',*,*,#1414,.T.);
#1507 = ADVANCED_FACE('',(#1508),#1492,.T.);
#1508 = FACE_BOUND('',#1509,.F.);
#1509 = EDGE_LOOP('',(#1510,#1533,#1534,#1535));
#1510 = ORIENTED_EDGE('',*,*,#1511,.T.);
#1511 = EDGE_CURVE('',#1512,#1476,#1514,.T.);
#1512 = VERTEX_POINT('',#1513);
#1513 = CARTESIAN_POINT('',(3.75,26.53,8.5));
#1514 = SEAM_CURVE('',#1515,(#1519,#1526),.PCURVE_S1.);
#1515 = LINE('',#1516,#1517);
#1516 = CARTESIAN_POINT('',(3.75,26.53,8.5));
#1517 = VECTOR('',#1518,1.);
#1518 = DIRECTION('',(0.,-1.,0.));
#1519 = PCURVE('',#1492,#1520);
#1520 = DEFINITIONAL_REPRESENTATION('',(#1521),#1525);
#1521 = LINE('',#1522,#1523);
#1522 = CARTESIAN_POINT('',(-0.,0.));
#1523 = VECTOR('',#1524,1.);
#1524 = DIRECTION('',(-0.,-1.));
#1525 = ( GEOMETRIC_REPRESENTATION_CONTEXT(2) 
PARAMETRIC_REPRESENTATION_CONTEXT() REPRESENTATION_CONTEXT('2D SPACE',''
  ) );
#1526 = PCURVE('',#1492,#1527);
#1527 = DEFINITIONAL_REPRESENTATION('',(#1528),#1532);
#1528 = LINE('',#1529,#1530);
#1529 = CARTESIAN_POINT('',(-6.28318530718,0.));
#1530 = VECTOR('',#1531,1.);
#1531 = DIRECTION('',(-0.,-1.));
#1532 = ( GEOMETRIC_REPRESENTATION_CONTEXT(2) 
PARAMETRIC_REPRESENTATION_CONTEXT() REPRESENTATION_CONTEXT('2D SPACE',''
  ) );
#1533 = ORIENTED_EDGE('',*,*,#1475,.T.);
#1534 = ORIENTED_EDGE('',*,*,#1511,.F.);
#1535 = ORIENTED_EDGE('',*,*,#1536,.F.);
#1536 = EDGE_CURVE('',#1512,#1512,#1537,.T.);
#1537 = SURFACE_CURVE('',#1538,(#1543,#1550),.PCURVE_S1.);
#1538 = CIRCLE('',#1539,3.75);
#1539 = AXIS2_PLACEMENT_3D('',#1540,#1541,#1542);
#1540 = CARTESIAN_POINT('',(0.,26.53,8.5));
#1541 = DIRECTION('',(0.,-1.,0.));
#1542 = DIRECTION('',(1.,0.,0.));
#1543 = PCURVE('',#1492,#1544);
#1544 = DEFINITIONAL_REPRESENTATION('',(#1545),#1549);
#1545 = LINE('',#1546,#1547);
#1546 = CARTESIAN_POINT('',(-0.,0.));
#1547 = VECTOR('',#1548,1.);
#1548 = DIRECTION('',(-1.,0.));
#1549 = ( GEOMETRIC_REPRESENTATION_CONTEXT(2) 
PARAMETRIC_REPRESENTATION_CONTEXT() REPRESENTATION_CONTEXT('2D SPACE',''
  ) );
#1550 = PCURVE('',#1551,#1556);
#1551 = PLANE('',#1552);
#1552 = AXIS2_PLACEMENT_3D('',#1553,#1554,#1555);
#1553 = CARTESIAN_POINT('',(-2.734880265079E-16,26.53,8.5));
#1554 = DIRECTION('',(-0.,-1.,-0.));
#1555 = DIRECTION('',(0.,0.,-1.));
#1556 = DEFINITIONAL_REPRESENTATION('',(#1557),#1561);
#1557 = CIRCLE('',#1558,3.75);
#1558 = AXIS2_PLACEMENT_2D('',#1559,#1560);
#1559 = CARTESIAN_POINT('',(0.,2.734880265079E-16));
#1560 = DIRECTION('',(0.,1.));
#1561 = ( GEOMETRIC_REPRESENTATION_CONTEXT(2) 
PARAMETRIC_REPRESENTATION_CONTEXT() REPRESENTATION_CONTEXT('2D SPACE',''
  ) );
#1562 = ADVANCED_FACE('',(#1563),#1551,.F.);
#1563 = FACE_BOUND('',#1564,.F.);
#1564 = EDGE_LOOP('',(#1565));
#1565 = ORIENTED_EDGE('',*,*,#1536,.T.);
#1566 = ( GEOMETRIC_REPRESENTATION_CONTEXT(3) 
GLOBAL_UNCERTAINTY_ASSIGNED_CONTEXT((#1570)) 
GLOBAL_UNIT_ASSIGNED_CONTEXT((#1567,#1568,#1569)) REPRESENTATION_CONTEXT
('Context #1','3D Context with UNIT and UNCERTAINTY') );
#1567 = ( LENGTH_UNIT() NAMED_UNIT(*) SI_UNIT(.MILLI.,.METRE.) );
#1568 = ( NAMED_UNIT(*) PLANE_ANGLE_UNIT() SI_UNIT($,.RADIAN.) );
#1569 = ( NAMED_UNIT(*) SI_UNIT($,.STERADIAN.) SOLID_ANGLE_UNIT() );
#1570 = UNCERTAINTY_MEASURE_WITH_UNIT(LENGTH_MEASURE(1.E-07),#1567,
  'distance_accuracy_value','confusion accuracy');
#1571 = CONTEXT_DEPENDENT_SHAPE_REPRESENTATION(#1572,#1574);
#1572 = ( REPRESENTATION_RELATIONSHIP('','',#1377,#10) 
REPRESENTATION_RELATIONSHIP_WITH_TRANSFORMATION(#1573) 
SHAPE_REPRESENTATION_RELATIONSHIP() );
#1573 = ITEM_DEFINED_TRANSFORMATION('','',#11,#19);
#1574 = PRODUCT_DEFINITION_SHAPE('Placement','Placement of an item',
  #1575);
#1575 = NEXT_ASSEMBLY_USAGE_OCCURRENCE('2','insert','',#5,#1372,$);
#1576 = PRODUCT_RELATED_PRODUCT_CATEGORY('part',$,(#1374));
#1577 = SHAPE_DEFINITION_REPRESENTATION(#1578,#1584);
#1578 = PRODUCT_DEFINITION_SHAPE('','',#1579);
#1579 = PRODUCT_DEFINITION('design','',#1580,#1583);
#1580 = PRODUCT_DEFINITION_FORMATION('','',#1581);
#1581 = PRODUCT('shell','shell','',(#1582));
#1582 = PRODUCT_CONTEXT('',#2,'mechanical');
#1583 = PRODUCT_DEFINITION_CONTEXT('part definition',#2,'design');
#1584 = ADVANCED_BREP_SHAPE_REPRESENTATION('',(#11,#1585),#2820);
#1585 = MANIFOLD_SOLID_BREP('',#1586);
#1586 = CLOSED_SHELL('',(#1587,#1735,#1839,#1943,#1975,#2002,#2111,#2188
    ,#2215,#2292,#2319,#2423,#2471,#2526,#2532,#2538,#2573,#2608,#2663,
    #2718,#2757,#2761,#2816));
#1587 = ADVANCED_FACE('',(#1588),#1602,.F.);
#1588 = FACE_BOUND('',#1589,.F.);
#1589 = EDGE_LOOP('',(#1590,#1625,#1653,#1681,#1709));
#1590 = ORIENTED_EDGE('',*,*,#1591,.T.);
#1591 = EDGE_CURVE('',#1592,#1594,#1596,.T.);
#1592 = VERTEX_POINT('',#1593);
#1593 = CARTESIAN_POINT('',(6.75,15.04,12.39711431703));
#1594 = VERTEX_POINT('',#1595);
#1595 = CARTESIAN_POINT('',(6.75,12.03,12.39711431703));
#1596 = SURFACE_CURVE('',#1597,(#1601,#1613),.PCURVE_S1.);
#1597 = LINE('',#1598,#1599);
#1598 = CARTESIAN_POINT('',(6.75,15.04,12.39711431703));
#1599 = VECTOR('',#1600,1.);
#1600 = DIRECTION('',(0.,-1.,0.));
#1601 = PCURVE('',#1602,#1607);
#1602 = PLANE('',#1603);
#1603 = AXIS2_PLACEMENT_3D('',#1604,#1605,#1606);
#1604 = CARTESIAN_POINT('',(6.75,15.04,12.39711431703));
#1605 = DIRECTION('',(-0.5,-0.,-0.866025403784));
#1606 = DIRECTION('',(-0.866025403784,0.,0.5));
#1607 = DEFINITIONAL_REPRESENTATION('',(#1608),#1612);
#1608 = LINE('',#1609,#1610);
#1609 = CARTESIAN_POINT('',(0.,0.));
#1610 = VECTOR('',#1611,1.);
#1611 = DIRECTION('',(0.,-1.));
#1612 = ( GEOMETRIC_REPRESENTATION_CONTEXT(2) 
PARAMETRIC_REPRESENTATION_CONTEXT() REPRESENTATION_CONTEXT('2D SPACE',''
  ) );
#1613 = PCURVE('',#1614,#1619);
#1614 = PLANE('',#1615);
#1615 = AXIS2_PLACEMENT_3D('',#1616,#1617,#1618);
#1616 = CARTESIAN_POINT('',(6.75,15.04,4.60288568297));
#1617 = DIRECTION('',(-1.,0.,3.418600331349E-16));
#1618 = DIRECTION('',(3.418600331349E-16,0.,1.));
#1619 = DEFINITIONAL_REPRESENTATION('',(#1620),#1624);
#1620 = LINE('',#1621,#1622);
#1621 = CARTESIAN_POINT('',(7.79422863406,0.));
#1622 = VECTOR('',#1623,1.);
#1623 = DIRECTION('',(0.,-1.));
#1624 = ( GEOMETRIC_REPRESENTATION_CONTEXT(2) 
PARAMETRIC_REPRESENTATION_CONTEXT() REPRESENTATION_CONTEXT('2D SPACE',''
  ) );
#1625 = ORIENTED_EDGE('',*,*,#1626,.T.);
#1626 = EDGE_CURVE('',#1594,#1627,#1629,.T.);
#1627 = VERTEX_POINT('',#1628);
#1628 = CARTESIAN_POINT('',(4.772588574262E-16,12.03,16.29422863406));
#1629 = SURFACE_CURVE('',#1630,(#1634,#1641),.PCURVE_S1.);
#1630 = LINE('',#1631,#1632);
#1631 = CARTESIAN_POINT('',(6.75,12.03,12.39711431703));
#1632 = VECTOR('',#1633,1.);
#1633 = DIRECTION('',(-0.866025403784,0.,0.5));
#1634 = PCURVE('',#1602,#1635);
#1635 = DEFINITIONAL_REPRESENTATION('',(#1636),#1640);
#1636 = LINE('',#1637,#1638);
#1637 = CARTESIAN_POINT('',(0.,-3.01));
#1638 = VECTOR('',#1639,1.);
#1639 = DIRECTION('',(1.,0.));
#1640 = ( GEOMETRIC_REPRESENTATION_CONTEXT(2) 
PARAMETRIC_REPRESENTATION_CONTEXT() REPRESENTATION_CONTEXT('2D SPACE',''
  ) );
#1641 = PCURVE('',#1642,#1647);
#1642 = PLANE('',#1643);
#1643 = AXIS2_PLACEMENT_3D('',#1644,#1645,#1646);
#1644 = CARTESIAN_POINT('',(-7.596889625219E-17,12.03,8.5));
#1645 = DIRECTION('',(-0.,-1.,-0.));
#1646 = DIRECTION('',(0.,0.,-1.));
#1647 = DEFINITIONAL_REPRESENTATION('',(#1648),#1652);
#1648 = LINE('',#1649,#1650);
#1649 = CARTESIAN_POINT('',(-3.89711431703,6.75));
#1650 = VECTOR('',#1651,1.);
#1651 = DIRECTION('',(-0.5,-0.866025403784));
#1652 = ( GEOMETRIC_REPRESENTATION_CONTEXT(2) 
PARAMETRIC_REPRESENTATION_CONTEXT() REPRESENTATION_CONTEXT('2D SPACE',''
  ) );
#1653 = ORIENTED_EDGE('',*,*,#1654,.F.);
#1654 = EDGE_CURVE('',#1655,#1627,#1657,.T.);
#1655 = VERTEX_POINT('',#1656);
#1656 = CARTESIAN_POINT('',(4.772588574262E-16,15.04,16.29422863406));
#1657 = SURFACE_CURVE('',#1658,(#1662,#1669),.PCURVE_S1.);
#1658 = LINE('',#1659,#1660);
#1659 = CARTESIAN_POINT('',(4.772588574262E-16,15.04,16.29422863406));
#1660 = VECTOR('',#1661,1.);
#1661 = DIRECTION('',(0.,-1.,0.));
#1662 = PCURVE('',#1602,#1663);
#1663 = DEFINITIONAL_REPRESENTATION('',(#1664),#1668);
#1664 = LINE('',#1665,#1666);
#1665 = CARTESIAN_POINT('',(7.79422863406,0.));
#1666 = VECTOR('',#1667,1.);
#1667 = DIRECTION('',(0.,-1.));
#1668 = ( GEOMETRIC_REPRESENTATION_CONTEXT(2) 
PARAMETRIC_REPRESENTATION_CONTEXT() REPRESENTATION_CONTEXT('2D SPACE',''
  ) );
#1669 = PCURVE('',#1670,#1675);
#1670 = PLANE('',#1671);
#1671 = AXIS2_PLACEMENT_3D('',#1672,#1673,#1674);
#1672 = CARTESIAN_POINT('',(4.772588574262E-16,15.04,16.29422863406));
#1673 = DIRECTION('',(0.5,0.,-0.866025403784));
#1674 = DIRECTION('',(-0.866025403784,0.,-0.5));
#1675 = DEFINITIONAL_REPRESENTATION('',(#1676),#1680);
#1676 = LINE('',#1677,#1678);
#1677 = CARTESIAN_POINT('',(0.,0.));
#1678 = VECTOR('',#1679,1.);
#1679 = DIRECTION('',(-0.,-1.));
#1680 = ( GEOMETRIC_REPRESENTATION_CONTEXT(2) 
PARAMETRIC_REPRESENTATION_CONTEXT() REPRESENTATION_CONTEXT('2D SPACE',''
  ) );
#1681 = ORIENTED_EDGE('',*,*,#1682,.F.);
#1682 = EDGE_CURVE('',#1683,#1655,#1685,.T.);
#1683 = VERTEX_POINT('',#1684);
#1684 = CARTESIAN_POINT('',(3.374999966583,15.04,14.345671494838));
#1685 = SURFACE_CURVE('',#1686,(#1690,#1697),.PCURVE_S1.);
#1686 = LINE('',#1687,#1688);
#1687 = CARTESIAN_POINT('',(6.75,15.04,12.39711431703));
#1688 = VECTOR('',#1689,1.);
#1689 = DIRECTION('',(-0.866025403784,0.,0.5));
#1690 = PCURVE('',#1602,#1691);
#1691 = DEFINITIONAL_REPRESENTATION('',(#1692),#1696);
#1692 = LINE('',#1693,#1694);
#1693 = CARTESIAN_POINT('',(0.,0.));
#1694 = VECTOR('',#1695,1.);
#1695 = DIRECTION('',(1.,0.));
#1696 = ( GEOMETRIC_REPRESENTATION_CONTEXT(2) 
PARAMETRIC_REPRESENTATION_CONTEXT() REPRESENTATION_CONTEXT('2D SPACE',''
  ) );
#1697 = PCURVE('',#1698,#1703);
#1698 = PLANE('',#1699);
#1699 = AXIS2_PLACEMENT_3D('',#1700,#1701,#1702);
#1700 = CARTESIAN_POINT('',(-7.596889625219E-17,15.04,8.5));
#1701 = DIRECTION('',(-0.,-1.,-0.));
#1702 = DIRECTION('',(0.,0.,-1.));
#1703 = DEFINITIONAL_REPRESENTATION('',(#1704),#1708);
#1704 = LINE('',#1705,#1706);
#1705 = CARTESIAN_POINT('',(-3.89711431703,6.75));
#1706 = VECTOR('',#1707,1.);
#1707 = DIRECTION('',(-0.5,-0.866025403784));
#1708 = ( GEOMETRIC_REPRESENTATION_CONTEXT(2) 
PARAMETRIC_REPRESENTATION_CONTEXT() REPRESENTATION_CONTEXT('2D SPACE',''
  ) );
#1709 = ORIENTED_EDGE('',*,*,#1710,.F.);
#1710 = EDGE_CURVE('',#1592,#1683,#1711,.T.);
#1711 = SURFACE_CURVE('',#1712,(#1716,#1723),.PCURVE_S1.);
#1712 = LINE('',#1713,#1714);
#1713 = CARTESIAN_POINT('',(6.75,15.04,12.39711431703));
#1714 = VECTOR('',#1715,1.);
#1715 = DIRECTION('',(-0.866025403784,0.,0.5));
#1716 = PCURVE('',#1602,#1717);
#1717 = DEFINITIONAL_REPRESENTATION('',(#1718),#1722);
#1718 = LINE('',#1719,#1720);
#1719 = CARTESIAN_POINT('',(0.,0.));
#1720 = VECTOR('',#1721,1.);
#1721 = DIRECTION('',(1.,0.));
#1722 = ( GEOMETRIC_REPRESENTATION_CONTEXT(2) 
PARAMETRIC_REPRESENTATION_CONTEXT() REPRESENTATION_CONTEXT('2D SPACE',''
  ) );
#1723 = PCURVE('',#1724,#1729);
#1724 = PLANE('',#1725);
#1725 = AXIS2_PLACEMENT_3D('',#1726,#1727,#1728);
#1726 = CARTESIAN_POINT('',(-7.596889625219E-17,15.04,8.5));
#1727 = DIRECTION('',(-0.,-1.,-0.));
#1728 = DIRECTION('',(0.,0.,-1.));
#1729 = DEFINITIONAL_REPRESENTATION('',(#1730),#1734);
#1730 = LINE('',#1731,#1732);
#1731 = CARTESIAN_POINT('',(-3.89711431703,6.75));
#1732 = VECTOR('',#1733,1.);
#1733 = DIRECTION('',(-0.5,-0.866025403784));
#1734 = ( GEOMETRIC_REPRESENTATION_CONTEXT(2) 
PARAMETRIC_REPRESENTATION_CONTEXT() REPRESENTATION_CONTEXT('2D SPACE',''
  ) );
#1735 = ADVANCED_FACE('',(#1736),#1614,.F.);
#1736 = FACE_BOUND('',#1737,.F.);
#1737 = EDGE_LOOP('',(#1738,#1768,#1789,#1790,#1813));
#1738 = ORIENTED_EDGE('',*,*,#1739,.T.);
#1739 = EDGE_CURVE('',#1740,#1742,#1744,.T.);
#1740 = VERTEX_POINT('',#1741);
#1741 = CARTESIAN_POINT('',(6.75,15.04,4.60288568297));
#1742 = VERTEX_POINT('',#1743);
#1743 = CARTESIAN_POINT('',(6.75,12.03,4.60288568297));
#1744 = SURFACE_CURVE('',#1745,(#1749,#1756),.PCURVE_S1.);
#1745 = LINE('',#1746,#1747);
#1746 = CARTESIAN_POINT('',(6.75,15.04,4.60288568297));
#1747 = VECTOR('',#1748,1.);
#1748 = DIRECTION('',(0.,-1.,0.));
#1749 = PCURVE('',#1614,#1750);
#1750 = DEFINITIONAL_REPRESENTATION('',(#1751),#1755);
#1751 = LINE('',#1752,#1753);
#1752 = CARTESIAN_POINT('',(0.,0.));
#1753 = VECTOR('',#1754,1.);
#1754 = DIRECTION('',(0.,-1.));
#1755 = ( GEOMETRIC_REPRESENTATION_CONTEXT(2) 
PARAMETRIC_REPRESENTATION_CONTEXT() REPRESENTATION_CONTEXT('2D SPACE',''
  ) );
#1756 = PCURVE('',#1757,#1762);
#1757 = PLANE('',#1758);
#1758 = AXIS2_PLACEMENT_3D('',#1759,#1760,#1761);
#1759 = CARTESIAN_POINT('',(-1.431776572279E-15,15.04,0.70577136594));
#1760 = DIRECTION('',(-0.5,0.,0.866025403784));
#1761 = DIRECTION('',(0.866025403784,0.,0.5));
#1762 = DEFINITIONAL_REPRESENTATION('',(#1763),#1767);
#1763 = LINE('',#1764,#1765);
#1764 = CARTESIAN_POINT('',(7.79422863406,0.));
#1765 = VECTOR('',#1766,1.);
#1766 = DIRECTION('',(0.,-1.));
#1767 = ( GEOMETRIC_REPRESENTATION_CONTEXT(2) 
PARAMETRIC_REPRESENTATION_CONTEXT() REPRESENTATION_CONTEXT('2D SPACE',''
  ) );
#1768 = ORIENTED_EDGE('',*,*,#1769,.T.);
#1769 = EDGE_CURVE('',#1742,#1594,#1770,.T.);
#1770 = SURFACE_CURVE('',#1771,(#1775,#1782),.PCURVE_S1.);
#1771 = LINE('',#1772,#1773);
#1772 = CARTESIAN_POINT('',(6.75,12.03,4.60288568297));
#1773 = VECTOR('',#1774,1.);
#1774 = DIRECTION('',(3.418600331349E-16,0.,1.));
#1775 = PCURVE('',#1614,#1776);
#1776 = DEFINITIONAL_REPRESENTATION('',(#1777),#1781);
#1777 = LINE('',#1778,#1779);
#1778 = CARTESIAN_POINT('',(0.,-3.01));
#1779 = VECTOR('',#1780,1.);
#1780 = DIRECTION('',(1.,0.));
#1781 = ( GEOMETRIC_REPRESENTATION_CONTEXT(2) 
PARAMETRIC_REPRESENTATION_CONTEXT() REPRESENTATION_CONTEXT('2D SPACE',''
  ) );
#1782 = PCURVE('',#1642,#1783);
#1783 = DEFINITIONAL_REPRESENTATION('',(#1784),#1788);
#1784 = LINE('',#1785,#1786);
#1785 = CARTESIAN_POINT('',(3.89711431703,6.75));
#1786 = VECTOR('',#1787,1.);
#1787 = DIRECTION('',(-1.,3.418600331349E-16));
#1788 = ( GEOMETRIC_REPRESENTATION_CONTEXT(2) 
PARAMETRIC_REPRESENTATION_CONTEXT() REPRESENTATION_CONTEXT('2D SPACE',''
  ) );
#1789 = ORIENTED_EDGE('',*,*,#1591,.F.);
#1790 = ORIENTED_EDGE('',*,*,#1791,.F.);
#1791 = EDGE_CURVE('',#1792,#1592,#1794,.T.);
#1792 = VERTEX_POINT('',#1793);
#1793 = CARTESIAN_POINT('',(6.75,15.04,8.5));
#1794 = SURFACE_CURVE('',#1795,(#1799,#1806),.PCURVE_S1.);
#1795 = LINE('',#1796,#1797);
#1796 = CARTESIAN_POINT('',(6.75,15.04,4.60288568297));
#1797 = VECTOR('',#1798,1.);
#1798 = DIRECTION('',(3.418600331349E-16,0.,1.));
#1799 = PCURVE('',#1614,#1800);
#1800 = DEFINITIONAL_REPRESENTATION('',(#1801),#1805);
#1801 = LINE('',#1802,#1803);
#1802 = CARTESIAN_POINT('',(0.,0.));
#1803 = VECTOR('',#1804,1.);
#1804 = DIRECTION('',(1.,0.));
#1805 = ( GEOMETRIC_REPRESENTATION_CONTEXT(2) 
PARAMETRIC_REPRESENTATION_CONTEXT() REPRESENTATION_CONTEXT('2D SPACE',''
  ) );
#1806 = PCURVE('',#1724,#1807);
#1807 = DEFINITIONAL_REPRESENTATION('',(#1808),#1812);
#1808 = LINE('',#1809,#1810);
#1809 = CARTESIAN_POINT('',(3.89711431703,6.75));
#1810 = VECTOR('',#1811,1.);
#1811 = DIRECTION('',(-1.,3.418600331349E-16));
#1812 = ( GEOMETRIC_REPRESENTATION_CONTEXT(2) 
PARAMETRIC_REPRESENTATION_CONTEXT() REPRESENTATION_CONTEXT('2D SPACE',''
  ) );
#1813 = ORIENTED_EDGE('',*,*,#1814,.F.);
#1814 = EDGE_CURVE('',#1740,#1792,#1815,.T.);
#1815 = SURFACE_CURVE('',#1816,(#1820,#1827),.PCURVE_S1.);
#1816 = LINE('',#1817,#1818);
#1817 = CARTESIAN_POINT('',(6.75,15.04,4.60288568297));
#1818 = VECTOR('',#1819,1.);
#1819 = DIRECTION('',(3.418600331349E-16,0.,1.));
#1820 = PCURVE('',#1614,#1821);
#1821 = DEFINITIONAL_REPRESENTATION('',(#1822),#1826);
#1822 = LINE('',#1823,#1824);
#1823 = CARTESIAN_POINT('',(0.,0.));
#1824 = VECTOR('',#1825,1.);
#1825 = DIRECTION('',(1.,0.));
#1826 = ( GEOMETRIC_REPRESENTATION_CONTEXT(2) 
PARAMETRIC_REPRESENTATION_CONTEXT() REPRESENTATION_CONTEXT('2D SPACE',''
  ) );
#1827 = PCURVE('',#1828,#1833);
#1828 = PLANE('',#1829);
#1829 = AXIS2_PLACEMENT_3D('',#1830,#1831,#1832);
#1830 = CARTESIAN_POINT('',(-7.596889625219E-17,15.04,8.5));
#1831 = DIRECTION('',(-0.,-1.,-0.));
#1832 = DIRECTION('',(0.,0.,-1.));
#1833 = DEFINITIONAL_REPRESENTATION('',(#1834),#1838);
#1834 = LINE('',#1835,#1836);
#1835 = CARTESIAN_POINT('',(3.89711431703,6.75));
#1836 = VECTOR('',#1837,1.);
#1837 = DIRECTION('',(-1.,3.418600331349E-16));
#1838 = ( GEOMETRIC_REPRESENTATION_CONTEXT(2) 
PARAMETRIC_REPRESENTATION_CONTEXT() REPRESENTATION_CONTEXT('2D SPACE',''
  ) );
#1839 = ADVANCED_FACE('',(#1840),#1670,.F.);
#1840 = FACE_BOUND('',#1841,.F.);
#1841 = EDGE_LOOP('',(#1842,#1843,#1866,#1894,#1922));
#1842 = ORIENTED_EDGE('',*,*,#1654,.T.);
#1843 = ORIENTED_EDGE('',*,*,#1844,.T.);
#1844 = EDGE_CURVE('',#1627,#1845,#1847,.T.);
#1845 = VERTEX_POINT('',#1846);
#1846 = CARTESIAN_POINT('',(-6.75,12.03,12.39711431703));
#1847 = SURFACE_CURVE('',#1848,(#1852,#1859),.PCURVE_S1.);
#1848 = LINE('',#1849,#1850);
#1849 = CARTESIAN_POINT('',(4.772588574262E-16,12.03,16.29422863406));
#1850 = VECTOR('',#1851,1.);
#1851 = DIRECTION('',(-0.866025403784,0.,-0.5));
#1852 = PCURVE('',#1670,#1853);
#1853 = DEFINITIONAL_REPRESENTATION('',(#1854),#1858);
#1854 = LINE('',#1855,#1856);
#1855 = CARTESIAN_POINT('',(-0.,-3.01));
#1856 = VECTOR('',#1857,1.);
#1857 = DIRECTION('',(1.,0.));
#1858 = ( GEOMETRIC_REPRESENTATION_CONTEXT(2) 
PARAMETRIC_REPRESENTATION_CONTEXT() REPRESENTATION_CONTEXT('2D SPACE',''
  ) );
#1859 = PCURVE('',#1642,#1860);
#1860 = DEFINITIONAL_REPRESENTATION('',(#1861),#1865);
#1861 = LINE('',#1862,#1863);
#1862 = CARTESIAN_POINT('',(-7.79422863406,5.532277536784E-16));
#1863 = VECTOR('',#1864,1.);
#1864 = DIRECTION('',(0.5,-0.866025403784));
#1865 = ( GEOMETRIC_REPRESENTATION_CONTEXT(2) 
PARAMETRIC_REPRESENTATION_CONTEXT() REPRESENTATION_CONTEXT('2D SPACE',''
  ) );
#1866 = ORIENTED_EDGE('',*,*,#1867,.F.);
#1867 = EDGE_CURVE('',#1868,#1845,#1870,.T.);
#1868 = VERTEX_POINT('',#1869);
#1869 = CARTESIAN_POINT('',(-6.75,15.04,12.39711431703));
#1870 = SURFACE_CURVE('',#1871,(#1875,#1882),.PCURVE_S1.);
#1871 = LINE('',#1872,#1873);
#1872 = CARTESIAN_POINT('',(-6.75,15.04,12.39711431703));
#1873 = VECTOR('',#1874,1.);
#1874 = DIRECTION('',(0.,-1.,0.));
#1875 = PCURVE('',#1670,#1876);
#1876 = DEFINITIONAL_REPRESENTATION('',(#1877),#1881);
#1877 = LINE('',#1878,#1879);
#1878 = CARTESIAN_POINT('',(7.79422863406,0.));
#1879 = VECTOR('',#1880,1.);
#1880 = DIRECTION('',(-0.,-1.));
#1881 = ( GEOMETRIC_REPRESENTATION_CONTEXT(2) 
PARAMETRIC_REPRESENTATION_CONTEXT() REPRESENTATION_CONTEXT('2D SPACE',''
  ) );
#1882 = PCURVE('',#1883,#1888);
#1883 = PLANE('',#1884);
#1884 = AXIS2_PLACEMENT_3D('',#1885,#1886,#1887);
#1885 = CARTESIAN_POINT('',(-6.75,15.04,12.39711431703));
#1886 = DIRECTION('',(1.,0.,1.139533443783E-16));
#1887 = DIRECTION('',(1.139533443783E-16,0.,-1.));
#1888 = DEFINITIONAL_REPRESENTATION('',(#1889),#1893);
#1889 = LINE('',#1890,#1891);
#1890 = CARTESIAN_POINT('',(0.,0.));
#1891 = VECTOR('',#1892,1.);
#1892 = DIRECTION('',(0.,-1.));
#1893 = ( GEOMETRIC_REPRESENTATION_CONTEXT(2) 
PARAMETRIC_REPRESENTATION_CONTEXT() REPRESENTATION_CONTEXT('2D SPACE',''
  ) );
#1894 = ORIENTED_EDGE('',*,*,#1895,.F.);
#1895 = EDGE_CURVE('',#1896,#1868,#1898,.T.);
#1896 = VERTEX_POINT('',#1897);
#1897 = CARTESIAN_POINT('',(-3.374999966583,15.04,14.345671494838));
#1898 = SURFACE_CURVE('',#1899,(#1903,#1910),.PCURVE_S1.);
#1899 = LINE('',#1900,#1901);
#1900 = CARTESIAN_POINT('',(4.772588574262E-16,15.04,16.29422863406));
#1901 = VECTOR('',#1902,1.);
#1902 = DIRECTION('',(-0.866025403784,0.,-0.5));
#1903 = PCURVE('',#1670,#1904);
#1904 = DEFINITIONAL_REPRESENTATION('',(#1905),#1909);
#1905 = LINE('',#1906,#1907);
#1906 = CARTESIAN_POINT('',(0.,0.));
#1907 = VECTOR('',#1908,1.);
#1908 = DIRECTION('',(1.,0.));
#1909 = ( GEOMETRIC_REPRESENTATION_CONTEXT(2) 
PARAMETRIC_REPRESENTATION_CONTEXT() REPRESENTATION_CONTEXT('2D SPACE',''
  ) );
#1910 = PCURVE('',#1911,#1916);
#1911 = PLANE('',#1912);
#1912 = AXIS2_PLACEMENT_3D('',#1913,#1914,#1915);
#1913 = CARTESIAN_POINT('',(-7.596889625219E-17,15.04,8.5));
#1914 = DIRECTION('',(-0.,-1.,-0.));
#1915 = DIRECTION('',(0.,0.,-1.));
#1916 = DEFINITIONAL_REPRESENTATION('',(#1917),#1921);
#1917 = LINE('',#1918,#1919);
#1918 = CARTESIAN_POINT('',(-7.79422863406,5.532277536784E-16));
#1919 = VECTOR('',#1920,1.);
#1920 = DIRECTION('',(0.5,-0.866025403784));
#1921 = ( GEOMETRIC_REPRESENTATION_CONTEXT(2) 
PARAMETRIC_REPRESENTATION_CONTEXT() REPRESENTATION_CONTEXT('2D SPACE',''
  ) );
#1922 = ORIENTED_EDGE('',*,*,#1923,.F.);
#1923 = EDGE_CURVE('',#1655,#1896,#1924,.T.);
#1924 = SURFACE_CURVE('',#1925,(#1929,#1936),.PCURVE_S1.);
#1925 = LINE('',#1926,#1927);
#1926 = CARTESIAN_POINT('',(4.772588574262E-16,15.04,16.29422863406));
#1927 = VECTOR('',#1928,1.);
#1928 = DIRECTION('',(-0.866025403784,0.,-0.5));
#1929 = PCURVE('',#1670,#1930);
#1930 = DEFINITIONAL_REPRESENTATION('',(#1931),#1935);
#1931 = LINE('',#1932,#1933);
#1932 = CARTESIAN_POINT('',(0.,0.));
#1933 = VECTOR('',#1934,1.);
#1934 = DIRECTION('',(1.,0.));
#1935 = ( GEOMETRIC_REPRESENTATION_CONTEXT(2) 
PARAMETRIC_REPRESENTATION_CONTEXT() REPRESENTATION_CONTEXT('2D SPACE',''
  ) );
#1936 = PCURVE('',#1698,#1937);
#1937 = DEFINITIONAL_REPRESENTATION('',(#1938),#1942);
#1938 = LINE('',#1939,#1940);
#1939 = CARTESIAN_POINT('',(-7.79422863406,5.532277536784E-16));
#1940 = VECTOR('',#1941,1.);
#1941 = DIRECTION('',(0.5,-0.866025403784));
#1942 = ( GEOMETRIC_REPRESENTATION_CONTEXT(2) 
PARAMETRIC_REPRESENTATION_CONTEXT() REPRESENTATION_CONTEXT('2D SPACE',''
  ) );
#1943 = ADVANCED_FACE('',(#1944),#1724,.F.);
#1944 = FACE_BOUND('',#1945,.F.);
#1945 = EDGE_LOOP('',(#1946,#1947,#1948));
#1946 = ORIENTED_EDGE('',*,*,#1791,.T.);
#1947 = ORIENTED_EDGE('',*,*,#1710,.T.);
#1948 = ORIENTED_EDGE('',*,*,#1949,.F.);
#1949 = EDGE_CURVE('',#1792,#1683,#1950,.T.);
#1950 = SURFACE_CURVE('',#1951,(#1956,#1963),.PCURVE_S1.);
#1951 = CIRCLE('',#1952,6.75);
#1952 = AXIS2_PLACEMENT_3D('',#1953,#1954,#1955);
#1953 = CARTESIAN_POINT('',(0.,15.04,8.5));
#1954 = DIRECTION('',(0.,-1.,0.));
#1955 = DIRECTION('',(1.,0.,0.));
#1956 = PCURVE('',#1724,#1957);
#1957 = DEFINITIONAL_REPRESENTATION('',(#1958),#1962);
#1958 = CIRCLE('',#1959,6.75);
#1959 = AXIS2_PLACEMENT_2D('',#1960,#1961);
#1960 = CARTESIAN_POINT('',(-1.7763568394E-15,7.596889625219E-17));
#1961 = DIRECTION('',(0.,1.));
#1962 = ( GEOMETRIC_REPRESENTATION_CONTEXT(2) 
PARAMETRIC_REPRESENTATION_CONTEXT() REPRESENTATION_CONTEXT('2D SPACE',''
  ) );
#1963 = PCURVE('',#1964,#1969);
#1964 = CYLINDRICAL_SURFACE('',#1965,6.75);
#1965 = AXIS2_PLACEMENT_3D('',#1966,#1967,#1968);
#1966 = CARTESIAN_POINT('',(0.,24.03,8.5));
#1967 = DIRECTION('',(-0.,1.,-0.));
#1968 = DIRECTION('',(1.,0.,0.));
#1969 = DEFINITIONAL_REPRESENTATION('',(#1970),#1974);
#1970 = LINE('',#1971,#1972);
#1971 = CARTESIAN_POINT('',(-0.,-8.99));
#1972 = VECTOR('',#1973,1.);
#1973 = DIRECTION('',(-1.,0.));
#1974 = ( GEOMETRIC_REPRESENTATION_CONTEXT(2) 
PARAMETRIC_REPRESENTATION_CONTEXT() REPRESENTATION_CONTEXT('2D SPACE',''
  ) );
#1975 = ADVANCED_FACE('',(#1976),#1698,.F.);
#1976 = FACE_BOUND('',#1977,.F.);
#1977 = EDGE_LOOP('',(#1978,#2000,#2001));
#1978 = ORIENTED_EDGE('',*,*,#1979,.F.);
#1979 = EDGE_CURVE('',#1683,#1896,#1980,.T.);
#1980 = SURFACE_CURVE('',#1981,(#1986,#1993),.PCURVE_S1.);
#1981 = CIRCLE('',#1982,6.75);
#1982 = AXIS2_PLACEMENT_3D('',#1983,#1984,#1985);
#1983 = CARTESIAN_POINT('',(0.,15.04,8.5));
#1984 = DIRECTION('',(0.,-1.,0.));
#1985 = DIRECTION('',(1.,0.,0.));
#1986 = PCURVE('',#1698,#1987);
#1987 = DEFINITIONAL_REPRESENTATION('',(#1988),#1992);
#1988 = CIRCLE('',#1989,6.75);
#1989 = AXIS2_PLACEMENT_2D('',#1990,#1991);
#1990 = CARTESIAN_POINT('',(-1.7763568394E-15,7.596889625219E-17));
#1991 = DIRECTION('',(0.,1.));
#1992 = ( GEOMETRIC_REPRESENTATION_CONTEXT(2) 
PARAMETRIC_REPRESENTATION_CONTEXT() REPRESENTATION_CONTEXT('2D SPACE',''
  ) );
#1993 = PCURVE('',#1964,#1994);
#1994 = DEFINITIONAL_REPRESENTATION('',(#1995),#1999);
#1995 = LINE('',#1996,#1997);
#1996 = CARTESIAN_POINT('',(-0.,-8.99));
#1997 = VECTOR('',#1998,1.);
#1998 = DIRECTION('',(-1.,0.));
#1999 = ( GEOMETRIC_REPRESENTATION_CONTEXT(2) 
PARAMETRIC_REPRESENTATION_CONTEXT() REPRESENTATION_CONTEXT('2D SPACE',''
  ) );
#2000 = ORIENTED_EDGE('',*,*,#1682,.T.);
#2001 = ORIENTED_EDGE('',*,*,#1923,.T.);
#2002 = ADVANCED_FACE('',(#2003,#2080),#1642,.T.);
#2003 = FACE_BOUND('',#2004,.T.);
#2004 = EDGE_LOOP('',(#2005,#2006,#2007,#2030,#2058,#2079));
#2005 = ORIENTED_EDGE('',*,*,#1626,.T.);
#2006 = ORIENTED_EDGE('',*,*,#1844,.T.);
#2007 = ORIENTED_EDGE('',*,*,#2008,.T.);
#2008 = EDGE_CURVE('',#1845,#2009,#2011,.T.);
#2009 = VERTEX_POINT('',#2010);
#2010 = CARTESIAN_POINT('',(-6.75,12.03,4.60288568297));
#2011 = SURFACE_CURVE('',#2012,(#2016,#2023),.PCURVE_S1.);
#2012 = LINE('',#2013,#2014);
#2013 = CARTESIAN_POINT('',(-6.75,12.03,12.39711431703));
#2014 = VECTOR('',#2015,1.);
#2015 = DIRECTION('',(1.139533443783E-16,0.,-1.));
#2016 = PCURVE('',#1642,#2017);
#2017 = DEFINITIONAL_REPRESENTATION('',(#2018),#2022);
#2018 = LINE('',#2019,#2020);
#2019 = CARTESIAN_POINT('',(-3.89711431703,-6.75));
#2020 = VECTOR('',#2021,1.);
#2021 = DIRECTION('',(1.,1.139533443783E-16));
#2022 = ( GEOMETRIC_REPRESENTATION_CONTEXT(2) 
PARAMETRIC_REPRESENTATION_CONTEXT() REPRESENTATION_CONTEXT('2D SPACE',''
  ) );
#2023 = PCURVE('',#1883,#2024);
#2024 = DEFINITIONAL_REPRESENTATION('',(#2025),#2029);
#2025 = LINE('',#2026,#2027);
#2026 = CARTESIAN_POINT('',(0.,-3.01));
#2027 = VECTOR('',#2028,1.);
#2028 = DIRECTION('',(1.,0.));
#2029 = ( GEOMETRIC_REPRESENTATION_CONTEXT(2) 
PARAMETRIC_REPRESENTATION_CONTEXT() REPRESENTATION_CONTEXT('2D SPACE',''
  ) );
#2030 = ORIENTED_EDGE('',*,*,#2031,.T.);
#2031 = EDGE_CURVE('',#2009,#2032,#2034,.T.);
#2032 = VERTEX_POINT('',#2033);
#2033 = CARTESIAN_POINT('',(-1.431776572279E-15,12.03,0.70577136594));
#2034 = SURFACE_CURVE('',#2035,(#2039,#2046),.PCURVE_S1.);
#2035 = LINE('',#2036,#2037);
#2036 = CARTESIAN_POINT('',(-6.75,12.03,4.60288568297));
#2037 = VECTOR('',#2038,1.);
#2038 = DIRECTION('',(0.866025403784,0.,-0.5));
#2039 = PCURVE('',#1642,#2040);
#2040 = DEFINITIONAL_REPRESENTATION('',(#2041),#2045);
#2041 = LINE('',#2042,#2043);
#2042 = CARTESIAN_POINT('',(3.89711431703,-6.75));
#2043 = VECTOR('',#2044,1.);
#2044 = DIRECTION('',(0.5,0.866025403784));
#2045 = ( GEOMETRIC_REPRESENTATION_CONTEXT(2) 
PARAMETRIC_REPRESENTATION_CONTEXT() REPRESENTATION_CONTEXT('2D SPACE',''
  ) );
#2046 = PCURVE('',#2047,#2052);
#2047 = PLANE('',#2048);
#2048 = AXIS2_PLACEMENT_3D('',#2049,#2050,#2051);
#2049 = CARTESIAN_POINT('',(-6.75,15.04,4.60288568297));
#2050 = DIRECTION('',(0.5,0.,0.866025403784));
#2051 = DIRECTION('',(0.866025403784,0.,-0.5));
#2052 = DEFINITIONAL_REPRESENTATION('',(#2053),#2057);
#2053 = LINE('',#2054,#2055);
#2054 = CARTESIAN_POINT('',(0.,-3.01));
#2055 = VECTOR('',#2056,1.);
#2056 = DIRECTION('',(1.,0.));
#2057 = ( GEOMETRIC_REPRESENTATION_CONTEXT(2) 
PARAMETRIC_REPRESENTATION_CONTEXT() REPRESENTATION_CONTEXT('2D SPACE',''
  ) );
#2058 = ORIENTED_EDGE('',*,*,#2059,.T.);
#2059 = EDGE_CURVE('',#2032,#1742,#2060,.T.);
#2060 = SURFACE_CURVE('',#2061,(#2065,#2072),.PCURVE_S1.);
#2061 = LINE('',#2062,#2063);
#2062 = CARTESIAN_POINT('',(-1.431776572279E-15,12.03,0.70577136594));
#2063 = VECTOR('',#2064,1.);
#2064 = DIRECTION('',(0.866025403784,0.,0.5));
#2065 = PCURVE('',#1642,#2066);
#2066 = DEFINITIONAL_REPRESENTATION('',(#2067),#2071);
#2067 = LINE('',#2068,#2069);
#2068 = CARTESIAN_POINT('',(7.79422863406,-1.355807676026E-15));
#2069 = VECTOR('',#2070,1.);
#2070 = DIRECTION('',(-0.5,0.866025403784));
#2071 = ( GEOMETRIC_REPRESENTATION_CONTEXT(2) 
PARAMETRIC_REPRESENTATION_CONTEXT() REPRESENTATION_CONTEXT('2D SPACE',''
  ) );
#2072 = PCURVE('',#1757,#2073);
#2073 = DEFINITIONAL_REPRESENTATION('',(#2074),#2078);
#2074 = LINE('',#2075,#2076);
#2075 = CARTESIAN_POINT('',(0.,-3.01));
#2076 = VECTOR('',#2077,1.);
#2077 = DIRECTION('',(1.,0.));
#2078 = ( GEOMETRIC_REPRESENTATION_CONTEXT(2) 
PARAMETRIC_REPRESENTATION_CONTEXT() REPRESENTATION_CONTEXT('2D SPACE',''
  ) );
#2079 = ORIENTED_EDGE('',*,*,#1769,.T.);
#2080 = FACE_BOUND('',#2081,.T.);
#2081 = EDGE_LOOP('',(#2082));
#2082 = ORIENTED_EDGE('',*,*,#2083,.F.);
#2083 = EDGE_CURVE('',#2084,#2084,#2086,.T.);
#2084 = VERTEX_POINT('',#2085);
#2085 = CARTESIAN_POINT('',(6.,12.03,8.5));
#2086 = SURFACE_CURVE('',#2087,(#2092,#2099),.PCURVE_S1.);
#2087 = CIRCLE('',#2088,6.);
#2088 = AXIS2_PLACEMENT_3D('',#2089,#2090,#2091);
#2089 = CARTESIAN_POINT('',(0.,12.03,8.5));
#2090 = DIRECTION('',(0.,-1.,0.));
#2091 = DIRECTION('',(1.,0.,0.));
#2092 = PCURVE('',#1642,#2093);
#2093 = DEFINITIONAL_REPRESENTATION('',(#2094),#2098);
#2094 = CIRCLE('',#2095,6.);
#2095 = AXIS2_PLACEMENT_2D('',#2096,#2097);
#2096 = CARTESIAN_POINT('',(-1.7763568394E-15,7.596889625219E-17));
#2097 = DIRECTION('',(0.,1.));
#2098 = ( GEOMETRIC_REPRESENTATION_CONTEXT(2) 
PARAMETRIC_REPRESENTATION_CONTEXT() REPRESENTATION_CONTEXT('2D SPACE',''
  ) );
#2099 = PCURVE('',#2100,#2105);
#2100 = CYLINDRICAL_SURFACE('',#2101,6.);
#2101 = AXIS2_PLACEMENT_3D('',#2102,#2103,#2104);
#2102 = CARTESIAN_POINT('',(0.,12.03,8.5));
#2103 = DIRECTION('',(-0.,1.,-0.));
#2104 = DIRECTION('',(1.,0.,0.));
#2105 = DEFINITIONAL_REPRESENTATION('',(#2106),#2110);
#2106 = LINE('',#2107,#2108);
#2107 = CARTESIAN_POINT('',(-0.,0.));
#2108 = VECTOR('',#2109,1.);
#2109 = DIRECTION('',(-1.,0.));
#2110 = ( GEOMETRIC_REPRESENTATION_CONTEXT(2) 
PARAMETRIC_REPRESENTATION_CONTEXT() REPRESENTATION_CONTEXT('2D SPACE',''
  ) );
#2111 = ADVANCED_FACE('',(#2112),#1757,.F.);
#2112 = FACE_BOUND('',#2113,.F.);
#2113 = EDGE_LOOP('',(#2114,#2137,#2138,#2139,#2162));
#2114 = ORIENTED_EDGE('',*,*,#2115,.T.);
#2115 = EDGE_CURVE('',#2116,#2032,#2118,.T.);
#2116 = VERTEX_POINT('',#2117);
#2117 = CARTESIAN_POINT('',(-1.431776572279E-15,15.04,0.70577136594));
#2118 = SURFACE_CURVE('',#2119,(#2123,#2130),.PCURVE_S1.);
#2119 = LINE('',#2120,#2121);
#2120 = CARTESIAN_POINT('',(-1.431776572279E-15,15.04,0.70577136594));
#2121 = VECTOR('',#2122,1.);
#2122 = DIRECTION('',(0.,-1.,0.));
#2123 = PCURVE('',#1757,#2124);
#2124 = DEFINITIONAL_REPRESENTATION('',(#2125),#2129);
#2125 = LINE('',#2126,#2127);
#2126 = CARTESIAN_POINT('',(0.,0.));
#2127 = VECTOR('',#2128,1.);
#2128 = DIRECTION('',(0.,-1.));
#2129 = ( GEOMETRIC_REPRESENTATION_CONTEXT(2) 
PARAMETRIC_REPRESENTATION_CONTEXT() REPRESENTATION_CONTEXT('2D SPACE',''
  ) );
#2130 = PCURVE('',#2047,#2131);
#2131 = DEFINITIONAL_REPRESENTATION('',(#2132),#2136);
#2132 = LINE('',#2133,#2134);
#2133 = CARTESIAN_POINT('',(7.79422863406,0.));
#2134 = VECTOR('',#2135,1.);
#2135 = DIRECTION('',(0.,-1.));
#2136 = ( GEOMETRIC_REPRESENTATION_CONTEXT(2) 
PARAMETRIC_REPRESENTATION_CONTEXT() REPRESENTATION_CONTEXT('2D SPACE',''
  ) );
#2137 = ORIENTED_EDGE('',*,*,#2059,.T.);
#2138 = ORIENTED_EDGE('',*,*,#1739,.F.);
#2139 = ORIENTED_EDGE('',*,*,#2140,.F.);
#2140 = EDGE_CURVE('',#2141,#1740,#2143,.T.);
#2141 = VERTEX_POINT('',#2142);
#2142 = CARTESIAN_POINT('',(3.374999958178,15.04,2.654328500309));
#2143 = SURFACE_CURVE('',#2144,(#2148,#2155),.PCURVE_S1.);
#2144 = LINE('',#2145,#2146);
#2145 = CARTESIAN_POINT('',(-1.431776572279E-15,15.04,0.70577136594));
#2146 = VECTOR('',#2147,1.);
#2147 = DIRECTION('',(0.866025403784,0.,0.5));
#2148 = PCURVE('',#1757,#2149);
#2149 = DEFINITIONAL_REPRESENTATION('',(#2150),#2154);
#2150 = LINE('',#2151,#2152);
#2151 = CARTESIAN_POINT('',(0.,0.));
#2152 = VECTOR('',#2153,1.);
#2153 = DIRECTION('',(1.,0.));
#2154 = ( GEOMETRIC_REPRESENTATION_CONTEXT(2) 
PARAMETRIC_REPRESENTATION_CONTEXT() REPRESENTATION_CONTEXT('2D SPACE',''
  ) );
#2155 = PCURVE('',#1828,#2156);
#2156 = DEFINITIONAL_REPRESENTATION('',(#2157),#2161);
#2157 = LINE('',#2158,#2159);
#2158 = CARTESIAN_POINT('',(7.79422863406,-1.355807676026E-15));
#2159 = VECTOR('',#2160,1.);
#2160 = DIRECTION('',(-0.5,0.866025403784));
#2161 = ( GEOMETRIC_REPRESENTATION_CONTEXT(2) 
PARAMETRIC_REPRESENTATION_CONTEXT() REPRESENTATION_CONTEXT('2D SPACE',''
  ) );
#2162 = ORIENTED_EDGE('',*,*,#2163,.F.);
#2163 = EDGE_CURVE('',#2116,#2141,#2164,.T.);
#2164 = SURFACE_CURVE('',#2165,(#2169,#2176),.PCURVE_S1.);
#2165 = LINE('',#2166,#2167);
#2166 = CARTESIAN_POINT('',(-1.431776572279E-15,15.04,0.70577136594));
#2167 = VECTOR('',#2168,1.);
#2168 = DIRECTION('',(0.866025403784,0.,0.5));
#2169 = PCURVE('',#1757,#2170);
#2170 = DEFINITIONAL_REPRESENTATION('',(#2171),#2175);
#2171 = LINE('',#2172,#2173);
#2172 = CARTESIAN_POINT('',(0.,0.));
#2173 = VECTOR('',#2174,1.);
#2174 = DIRECTION('',(1.,0.));
#2175 = ( GEOMETRIC_REPRESENTATION_CONTEXT(2) 
PARAMETRIC_REPRESENTATION_CONTEXT() REPRESENTATION_CONTEXT('2D SPACE',''
  ) );
#2176 = PCURVE('',#2177,#2182);
#2177 = PLANE('',#2178);
#2178 = AXIS2_PLACEMENT_3D('',#2179,#2180,#2181);
#2179 = CARTESIAN_POINT('',(-7.596889625219E-17,15.04,8.5));
#2180 = DIRECTION('',(-0.,-1.,-0.));
#2181 = DIRECTION('',(0.,0.,-1.));
#2182 = DEFINITIONAL_REPRESENTATION('',(#2183),#2187);
#2183 = LINE('',#2184,#2185);
#2184 = CARTESIAN_POINT('',(7.79422863406,-1.355807676026E-15));
#2185 = VECTOR('',#2186,1.);
#2186 = DIRECTION('',(-0.5,0.866025403784));
#2187 = ( GEOMETRIC_REPRESENTATION_CONTEXT(2) 
PARAMETRIC_REPRESENTATION_CONTEXT() REPRESENTATION_CONTEXT('2D SPACE',''
  ) );
#2188 = ADVANCED_FACE('',(#2189),#1828,.F.);
#2189 = FACE_BOUND('',#2190,.F.);
#2190 = EDGE_LOOP('',(#2191,#2192,#2214));
#2191 = ORIENTED_EDGE('',*,*,#1814,.T.);
#2192 = ORIENTED_EDGE('',*,*,#2193,.F.);
#2193 = EDGE_CURVE('',#2141,#1792,#2194,.T.);
#2194 = SURFACE_CURVE('',#2195,(#2200,#2207),.PCURVE_S1.);
#2195 = CIRCLE('',#2196,6.75);
#2196 = AXIS2_PLACEMENT_3D('',#2197,#2198,#2199);
#2197 = CARTESIAN_POINT('',(0.,15.04,8.5));
#2198 = DIRECTION('',(0.,-1.,0.));
#2199 = DIRECTION('',(1.,0.,0.));
#2200 = PCURVE('',#1828,#2201);
#2201 = DEFINITIONAL_REPRESENTATION('',(#2202),#2206);
#2202 = CIRCLE('',#2203,6.75);
#2203 = AXIS2_PLACEMENT_2D('',#2204,#2205);
#2204 = CARTESIAN_POINT('',(-1.7763568394E-15,7.596889625219E-17));
#2205 = DIRECTION('',(0.,1.));
#2206 = ( GEOMETRIC_REPRESENTATION_CONTEXT(2) 
PARAMETRIC_REPRESENTATION_CONTEXT() REPRESENTATION_CONTEXT('2D SPACE',''
  ) );
#2207 = PCURVE('',#1964,#2208);
#2208 = DEFINITIONAL_REPRESENTATION('',(#2209),#2213);
#2209 = LINE('',#2210,#2211);
#2210 = CARTESIAN_POINT('',(-0.,-8.99));
#2211 = VECTOR('',#2212,1.);
#2212 = DIRECTION('',(-1.,0.));
#2213 = ( GEOMETRIC_REPRESENTATION_CONTEXT(2) 
PARAMETRIC_REPRESENTATION_CONTEXT() REPRESENTATION_CONTEXT('2D SPACE',''
  ) );
#2214 = ORIENTED_EDGE('',*,*,#2140,.T.);
#2215 = ADVANCED_FACE('',(#2216),#1883,.F.);
#2216 = FACE_BOUND('',#2217,.F.);
#2217 = EDGE_LOOP('',(#2218,#2219,#2220,#2243,#2271));
#2218 = ORIENTED_EDGE('',*,*,#1867,.T.);
#2219 = ORIENTED_EDGE('',*,*,#2008,.T.);
#2220 = ORIENTED_EDGE('',*,*,#2221,.F.);
#2221 = EDGE_CURVE('',#2222,#2009,#2224,.T.);
#2222 = VERTEX_POINT('',#2223);
#2223 = CARTESIAN_POINT('',(-6.75,15.04,4.60288568297));
#2224 = SURFACE_CURVE('',#2225,(#2229,#2236),.PCURVE_S1.);
#2225 = LINE('',#2226,#2227);
#2226 = CARTESIAN_POINT('',(-6.75,15.04,4.60288568297));
#2227 = VECTOR('',#2228,1.);
#2228 = DIRECTION('',(0.,-1.,0.));
#2229 = PCURVE('',#1883,#2230);
#2230 = DEFINITIONAL_REPRESENTATION('',(#2231),#2235);
#2231 = LINE('',#2232,#2233);
#2232 = CARTESIAN_POINT('',(7.79422863406,0.));
#2233 = VECTOR('',#2234,1.);
#2234 = DIRECTION('',(0.,-1.));
#2235 = ( GEOMETRIC_REPRESENTATION_CONTEXT(2) 
PARAMETRIC_REPRESENTATION_CONTEXT() REPRESENTATION_CONTEXT('2D SPACE',''
  ) );
#2236 = PCURVE('',#2047,#2237);
#2237 = DEFINITIONAL_REPRESENTATION('',(#2238),#2242);
#2238 = LINE('',#2239,#2240);
#2239 = CARTESIAN_POINT('',(0.,0.));
#2240 = VECTOR('',#2241,1.);
#2241 = DIRECTION('',(0.,-1.));
#2242 = ( GEOMETRIC_REPRESENTATION_CONTEXT(2) 
PARAMETRIC_REPRESENTATION_CONTEXT() REPRESENTATION_CONTEXT('2D SPACE',''
  ) );
#2243 = ORIENTED_EDGE('',*,*,#2244,.F.);
#2244 = EDGE_CURVE('',#2245,#2222,#2247,.T.);
#2245 = VERTEX_POINT('',#2246);
#2246 = CARTESIAN_POINT('',(-6.75,15.04,8.499999978474));
#2247 = SURFACE_CURVE('',#2248,(#2252,#2259),.PCURVE_S1.);
#2248 = LINE('',#2249,#2250);
#2249 = CARTESIAN_POINT('',(-6.75,15.04,12.39711431703));
#2250 = VECTOR('',#2251,1.);
#2251 = DIRECTION('',(1.139533443783E-16,0.,-1.));
#2252 = PCURVE('',#1883,#2253);
#2253 = DEFINITIONAL_REPRESENTATION('',(#2254),#2258);
#2254 = LINE('',#2255,#2256);
#2255 = CARTESIAN_POINT('',(0.,0.));
#2256 = VECTOR('',#2257,1.);
#2257 = DIRECTION('',(1.,0.));
#2258 = ( GEOMETRIC_REPRESENTATION_CONTEXT(2) 
PARAMETRIC_REPRESENTATION_CONTEXT() REPRESENTATION_CONTEXT('2D SPACE',''
  ) );
#2259 = PCURVE('',#2260,#2265);
#2260 = PLANE('',#2261);
#2261 = AXIS2_PLACEMENT_3D('',#2262,#2263,#2264);
#2262 = CARTESIAN_POINT('',(-7.596889625219E-17,15.04,8.5));
#2263 = DIRECTION('',(-0.,-1.,-0.));
#2264 = DIRECTION('',(0.,0.,-1.));
#2265 = DEFINITIONAL_REPRESENTATION('',(#2266),#2270);
#2266 = LINE('',#2267,#2268);
#2267 = CARTESIAN_POINT('',(-3.89711431703,-6.75));
#2268 = VECTOR('',#2269,1.);
#2269 = DIRECTION('',(1.,1.139533443783E-16));
#2270 = ( GEOMETRIC_REPRESENTATION_CONTEXT(2) 
PARAMETRIC_REPRESENTATION_CONTEXT() REPRESENTATION_CONTEXT('2D SPACE',''
  ) );
#2271 = ORIENTED_EDGE('',*,*,#2272,.F.);
#2272 = EDGE_CURVE('',#1868,#2245,#2273,.T.);
#2273 = SURFACE_CURVE('',#2274,(#2278,#2285),.PCURVE_S1.);
#2274 = LINE('',#2275,#2276);
#2275 = CARTESIAN_POINT('',(-6.75,15.04,12.39711431703));
#2276 = VECTOR('',#2277,1.);
#2277 = DIRECTION('',(1.139533443783E-16,0.,-1.));
#2278 = PCURVE('',#1883,#2279);
#2279 = DEFINITIONAL_REPRESENTATION('',(#2280),#2284);
#2280 = LINE('',#2281,#2282);
#2281 = CARTESIAN_POINT('',(0.,0.));
#2282 = VECTOR('',#2283,1.);
#2283 = DIRECTION('',(1.,0.));
#2284 = ( GEOMETRIC_REPRESENTATION_CONTEXT(2) 
PARAMETRIC_REPRESENTATION_CONTEXT() REPRESENTATION_CONTEXT('2D SPACE',''
  ) );
#2285 = PCURVE('',#1911,#2286);
#2286 = DEFINITIONAL_REPRESENTATION('',(#2287),#2291);
#2287 = LINE('',#2288,#2289);
#2288 = CARTESIAN_POINT('',(-3.89711431703,-6.75));
#2289 = VECTOR('',#2290,1.);
#2290 = DIRECTION('',(1.,1.139533443783E-16));
#2291 = ( GEOMETRIC_REPRESENTATION_CONTEXT(2) 
PARAMETRIC_REPRESENTATION_CONTEXT() REPRESENTATION_CONTEXT('2D SPACE',''
  ) );
#2292 = ADVANCED_FACE('',(#2293),#1911,.F.);
#2293 = FACE_BOUND('',#2294,.F.);
#2294 = EDGE_LOOP('',(#2295,#2317,#2318));
#2295 = ORIENTED_EDGE('',*,*,#2296,.F.);
#2296 = EDGE_CURVE('',#1896,#2245,#2297,.T.);
#2297 = SURFACE_CURVE('',#2298,(#2303,#2310),.PCURVE_S1.);
#2298 = CIRCLE('',#2299,6.75);
#2299 = AXIS2_PLACEMENT_3D('',#2300,#2301,#2302);
#2300 = CARTESIAN_POINT('',(0.,15.04,8.5));
#2301 = DIRECTION('',(0.,-1.,0.));
#2302 = DIRECTION('',(1.,0.,0.));
#2303 = PCURVE('',#1911,#2304);
#2304 = DEFINITIONAL_REPRESENTATION('',(#2305),#2309);
#2305 = CIRCLE('',#2306,6.75);
#2306 = AXIS2_PLACEMENT_2D('',#2307,#2308);
#2307 = CARTESIAN_POINT('',(-1.7763568394E-15,7.596889625219E-17));
#2308 = DIRECTION('',(0.,1.));
#2309 = ( GEOMETRIC_REPRESENTATION_CONTEXT(2) 
PARAMETRIC_REPRESENTATION_CONTEXT() REPRESENTATION_CONTEXT('2D SPACE',''
  ) );
#2310 = PCURVE('',#1964,#2311);
#2311 = DEFINITIONAL_REPRESENTATION('',(#2312),#2316);
#2312 = LINE('',#2313,#2314);
#2313 = CARTESIAN_POINT('',(-0.,-8.99));
#2314 = VECTOR('',#2315,1.);
#2315 = DIRECTION('',(-1.,0.));
#2316 = ( GEOMETRIC_REPRESENTATION_CONTEXT(2) 
PARAMETRIC_REPRESENTATION_CONTEXT() REPRESENTATION_CONTEXT('2D SPACE',''
  ) );
#2317 = ORIENTED_EDGE('',*,*,#1895,.T.);
#2318 = ORIENTED_EDGE('',*,*,#2272,.T.);
#2319 = ADVANCED_FACE('',(#2320),#1964,.T.);
#2320 = FACE_BOUND('',#2321,.F.);
#2321 = EDGE_LOOP('',(#2322,#2351,#2372,#2373,#2374,#2375,#2399,#2421,
    #2422));
#2322 = ORIENTED_EDGE('',*,*,#2323,.F.);
#2323 = EDGE_CURVE('',#2324,#2324,#2326,.T.);
#2324 = VERTEX_POINT('',#2325);
#2325 = CARTESIAN_POINT('',(6.75,24.03,8.5));
#2326 = SURFACE_CURVE('',#2327,(#2332,#2339),.PCURVE_S1.);
#2327 = CIRCLE('',#2328,6.75);
#2328 = AXIS2_PLACEMENT_3D('',#2329,#2330,#2331);
#2329 = CARTESIAN_POINT('',(0.,24.03,8.5));
#2330 = DIRECTION('',(0.,-1.,0.));
#2331 = DIRECTION('',(1.,0.,0.));
#2332 = PCURVE('',#1964,#2333);
#2333 = DEFINITIONAL_REPRESENTATION('',(#2334),#2338);
#2334 = LINE('',#2335,#2336);
#2335 = CARTESIAN_POINT('',(-0.,0.));
#2336 = VECTOR('',#2337,1.);
#2337 = DIRECTION('',(-1.,0.));
#2338 = ( GEOMETRIC_REPRESENTATION_CONTEXT(2) 
PARAMETRIC_REPRESENTATION_CONTEXT() REPRESENTATION_CONTEXT('2D SPACE',''
  ) );
#2339 = PCURVE('',#2340,#2345);
#2340 = PLANE('',#2341);
#2341 = AXIS2_PLACEMENT_3D('',#2342,#2343,#2344);
#2342 = CARTESIAN_POINT('',(-6.077511700175E-16,24.03,8.5));
#2343 = DIRECTION('',(-0.,-1.,-0.));
#2344 = DIRECTION('',(0.,0.,-1.));
#2345 = DEFINITIONAL_REPRESENTATION('',(#2346),#2350);
#2346 = CIRCLE('',#2347,6.75);
#2347 = AXIS2_PLACEMENT_2D('',#2348,#2349);
#2348 = CARTESIAN_POINT('',(0.,6.077511700175E-16));
#2349 = DIRECTION('',(0.,1.));
#2350 = ( GEOMETRIC_REPRESENTATION_CONTEXT(2) 
PARAMETRIC_REPRESENTATION_CONTEXT() REPRESENTATION_CONTEXT('2D SPACE',''
  ) );
#2351 = ORIENTED_EDGE('',*,*,#2352,.T.);
#2352 = EDGE_CURVE('',#2324,#1792,#2353,.T.);
#2353 = SEAM_CURVE('',#2354,(#2358,#2365),.PCURVE_S1.);
#2354 = LINE('',#2355,#2356);
#2355 = CARTESIAN_POINT('',(6.75,24.03,8.5));
#2356 = VECTOR('',#2357,1.);
#2357 = DIRECTION('',(0.,-1.,0.));
#2358 = PCURVE('',#1964,#2359);
#2359 = DEFINITIONAL_REPRESENTATION('',(#2360),#2364);
#2360 = LINE('',#2361,#2362);
#2361 = CARTESIAN_POINT('',(-6.28318530718,0.));
#2362 = VECTOR('',#2363,1.);
#2363 = DIRECTION('',(-0.,-1.));
#2364 = ( GEOMETRIC_REPRESENTATION_CONTEXT(2) 
PARAMETRIC_REPRESENTATION_CONTEXT() REPRESENTATION_CONTEXT('2D SPACE',''
  ) );
#2365 = PCURVE('',#1964,#2366);
#2366 = DEFINITIONAL_REPRESENTATION('',(#2367),#2371);
#2367 = LINE('',#2368,#2369);
#2368 = CARTESIAN_POINT('',(-0.,0.));
#2369 = VECTOR('',#2370,1.);
#2370 = DIRECTION('',(-0.,-1.));
#2371 = ( GEOMETRIC_REPRESENTATION_CONTEXT(2) 
PARAMETRIC_REPRESENTATION_CONTEXT() REPRESENTATION_CONTEXT('2D SPACE',''
  ) );
#2372 = ORIENTED_EDGE('',*,*,#1949,.T.);
#2373 = ORIENTED_EDGE('',*,*,#1979,.T.);
#2374 = ORIENTED_EDGE('',*,*,#2296,.T.);
#2375 = ORIENTED_EDGE('',*,*,#2376,.T.);
#2376 = EDGE_CURVE('',#2245,#2377,#2379,.T.);
#2377 = VERTEX_POINT('',#2378);
#2378 = CARTESIAN_POINT('',(-3.374999966583,15.04,2.654328505162));
#2379 = SURFACE_CURVE('',#2380,(#2385,#2392),.PCURVE_S1.);
#2380 = CIRCLE('',#2381,6.75);
#2381 = AXIS2_PLACEMENT_3D('',#2382,#2383,#2384);
#2382 = CARTESIAN_POINT('',(0.,15.04,8.5));
#2383 = DIRECTION('',(0.,-1.,0.));
#2384 = DIRECTION('',(1.,0.,0.));
#2385 = PCURVE('',#1964,#2386);
#2386 = DEFINITIONAL_REPRESENTATION('',(#2387),#2391);
#2387 = LINE('',#2388,#2389);
#2388 = CARTESIAN_POINT('',(-0.,-8.99));
#2389 = VECTOR('',#2390,1.);
#2390 = DIRECTION('',(-1.,0.));
#2391 = ( GEOMETRIC_REPRESENTATION_CONTEXT(2) 
PARAMETRIC_REPRESENTATION_CONTEXT() REPRESENTATION_CONTEXT('2D SPACE',''
  ) );
#2392 = PCURVE('',#2260,#2393);
#2393 = DEFINITIONAL_REPRESENTATION('',(#2394),#2398);
#2394 = CIRCLE('',#2395,6.75);
#2395 = AXIS2_PLACEMENT_2D('',#2396,#2397);
#2396 = CARTESIAN_POINT('',(-1.7763568394E-15,7.596889625219E-17));
#2397 = DIRECTION('',(0.,1.));
#2398 = ( GEOMETRIC_REPRESENTATION_CONTEXT(2) 
PARAMETRIC_REPRESENTATION_CONTEXT() REPRESENTATION_CONTEXT('2D SPACE',''
  ) );
#2399 = ORIENTED_EDGE('',*,*,#2400,.T.);
#2400 = EDGE_CURVE('',#2377,#2141,#2401,.T.);
#2401 = SURFACE_CURVE('',#2402,(#2407,#2414),.PCURVE_S1.);
#2402 = CIRCLE('',#2403,6.75);
#2403 = AXIS2_PLACEMENT_3D('',#2404,#2405,#2406);
#2404 = CARTESIAN_POINT('',(0.,15.04,8.5));
#2405 = DIRECTION('',(0.,-1.,0.));
#2406 = DIRECTION('',(1.,0.,0.));
#2407 = PCURVE('',#1964,#2408);
#2408 = DEFINITIONAL_REPRESENTATION('',(#2409),#2413);
#2409 = LINE('',#2410,#2411);
#2410 = CARTESIAN_POINT('',(-0.,-8.99));
#2411 = VECTOR('',#2412,1.);
#2412 = DIRECTION('',(-1.,0.));
#2413 = ( GEOMETRIC_REPRESENTATION_CONTEXT(2) 
PARAMETRIC_REPRESENTATION_CONTEXT() REPRESENTATION_CONTEXT('2D SPACE',''
  ) );
#2414 = PCURVE('',#2177,#2415);
#2415 = DEFINITIONAL_REPRESENTATION('',(#2416),#2420);
#2416 = CIRCLE('',#2417,6.75);
#2417 = AXIS2_PLACEMENT_2D('',#2418,#2419);
#2418 = CARTESIAN_POINT('',(-1.7763568394E-15,7.596889625219E-17));
#2419 = DIRECTION('',(0.,1.));
#2420 = ( GEOMETRIC_REPRESENTATION_CONTEXT(2) 
PARAMETRIC_REPRESENTATION_CONTEXT() REPRESENTATION_CONTEXT('2D SPACE',''
  ) );
#2421 = ORIENTED_EDGE('',*,*,#2193,.T.);
#2422 = ORIENTED_EDGE('',*,*,#2352,.F.);
#2423 = ADVANCED_FACE('',(#2424),#2047,.F.);
#2424 = FACE_BOUND('',#2425,.F.);
#2425 = EDGE_LOOP('',(#2426,#2427,#2428,#2429,#2450));
#2426 = ORIENTED_EDGE('',*,*,#2221,.T.);
#2427 = ORIENTED_EDGE('',*,*,#2031,.T.);
#2428 = ORIENTED_EDGE('',*,*,#2115,.F.);
#2429 = ORIENTED_EDGE('',*,*,#2430,.F.);
#2430 = EDGE_CURVE('',#2377,#2116,#2431,.T.);
#2431 = SURFACE_CURVE('',#2432,(#2436,#2443),.PCURVE_S1.);
#2432 = LINE('',#2433,#2434);
#2433 = CARTESIAN_POINT('',(-6.75,15.04,4.60288568297));
#2434 = VECTOR('',#2435,1.);
#2435 = DIRECTION('',(0.866025403784,0.,-0.5));
#2436 = PCURVE('',#2047,#2437);
#2437 = DEFINITIONAL_REPRESENTATION('',(#2438),#2442);
#2438 = LINE('',#2439,#2440);
#2439 = CARTESIAN_POINT('',(0.,0.));
#2440 = VECTOR('',#2441,1.);
#2441 = DIRECTION('',(1.,0.));
#2442 = ( GEOMETRIC_REPRESENTATION_CONTEXT(2) 
PARAMETRIC_REPRESENTATION_CONTEXT() REPRESENTATION_CONTEXT('2D SPACE',''
  ) );
#2443 = PCURVE('',#2177,#2444);
#2444 = DEFINITIONAL_REPRESENTATION('',(#2445),#2449);
#2445 = LINE('',#2446,#2447);
#2446 = CARTESIAN_POINT('',(3.89711431703,-6.75));
#2447 = VECTOR('',#2448,1.);
#2448 = DIRECTION('',(0.5,0.866025403784));
#2449 = ( GEOMETRIC_REPRESENTATION_CONTEXT(2) 
PARAMETRIC_REPRESENTATION_CONTEXT() REPRESENTATION_CONTEXT('2D SPACE',''
  ) );
#2450 = ORIENTED_EDGE('',*,*,#2451,.F.);
#2451 = EDGE_CURVE('',#2222,#2377,#2452,.T.);
#2452 = SURFACE_CURVE('',#2453,(#2457,#2464),.PCURVE_S1.);
#2453 = LINE('',#2454,#2455);
#2454 = CARTESIAN_POINT('',(-6.75,15.04,4.60288568297));
#2455 = VECTOR('',#2456,1.);
#2456 = DIRECTION('',(0.866025403784,0.,-0.5));
#2457 = PCURVE('',#2047,#2458);
#2458 = DEFINITIONAL_REPRESENTATION('',(#2459),#2463);
#2459 = LINE('',#2460,#2461);
#2460 = CARTESIAN_POINT('',(0.,0.));
#2461 = VECTOR('',#2462,1.);
#2462 = DIRECTION('',(1.,0.));
#2463 = ( GEOMETRIC_REPRESENTATION_CONTEXT(2) 
PARAMETRIC_REPRESENTATION_CONTEXT() REPRESENTATION_CONTEXT('2D SPACE',''
  ) );
#2464 = PCURVE('',#2260,#2465);
#2465 = DEFINITIONAL_REPRESENTATION('',(#2466),#2470);
#2466 = LINE('',#2467,#2468);
#2467 = CARTESIAN_POINT('',(3.89711431703,-6.75));
#2468 = VECTOR('',#2469,1.);
#2469 = DIRECTION('',(0.5,0.866025403784));
#2470 = ( GEOMETRIC_REPRESENTATION_CONTEXT(2) 
PARAMETRIC_REPRESENTATION_CONTEXT() REPRESENTATION_CONTEXT('2D SPACE',''
  ) );
#2471 = ADVANCED_FACE('',(#2472),#2100,.T.);
#2472 = FACE_BOUND('',#2473,.F.);
#2473 = EDGE_LOOP('',(#2474,#2497,#2524,#2525));
#2474 = ORIENTED_EDGE('',*,*,#2475,.T.);
#2475 = EDGE_CURVE('',#2084,#2476,#2478,.T.);
#2476 = VERTEX_POINT('',#2477);
#2477 = CARTESIAN_POINT('',(6.,9.91,8.5));
#2478 = SEAM_CURVE('',#2479,(#2483,#2490),.PCURVE_S1.);
#2479 = LINE('',#2480,#2481);
#2480 = CARTESIAN_POINT('',(6.,12.03,8.5));
#2481 = VECTOR('',#2482,1.);
#2482 = DIRECTION('',(0.,-1.,0.));
#2483 = PCURVE('',#2100,#2484);
#2484 = DEFINITIONAL_REPRESENTATION('',(#2485),#2489);
#2485 = LINE('',#2486,#2487);
#2486 = CARTESIAN_POINT('',(-0.,0.));
#2487 = VECTOR('',#2488,1.);
#2488 = DIRECTION('',(-0.,-1.));
#2489 = ( GEOMETRIC_REPRESENTATION_CONTEXT(2) 
PARAMETRIC_REPRESENTATION_CONTEXT() REPRESENTATION_CONTEXT('2D SPACE',''
  ) );
#2490 = PCURVE('',#2100,#2491);
#2491 = DEFINITIONAL_REPRESENTATION('',(#2492),#2496);
#2492 = LINE('',#2493,#2494);
#2493 = CARTESIAN_POINT('',(-6.28318530718,0.));
#2494 = VECTOR('',#2495,1.);
#2495 = DIRECTION('',(-0.,-1.));
#2496 = ( GEOMETRIC_REPRESENTATION_CONTEXT(2) 
PARAMETRIC_REPRESENTATION_CONTEXT() REPRESENTATION_CONTEXT('2D SPACE',''
  ) );
#2497 = ORIENTED_EDGE('',*,*,#2498,.T.);
#2498 = EDGE_CURVE('',#2476,#2476,#2499,.T.);
#2499 = SURFACE_CURVE('',#2500,(#2505,#2512),.PCURVE_S1.);
#2500 = CIRCLE('',#2501,6.);
#2501 = AXIS2_PLACEMENT_3D('',#2502,#2503,#2504);
#2502 = CARTESIAN_POINT('',(0.,9.91,8.5));
#2503 = DIRECTION('',(0.,-1.,0.));
#2504 = DIRECTION('',(1.,0.,0.));
#2505 = PCURVE('',#2100,#2506);
#2506 = DEFINITIONAL_REPRESENTATION('',(#2507),#2511);
#2507 = LINE('',#2508,#2509);
#2508 = CARTESIAN_POINT('',(-0.,-2.12));
#2509 = VECTOR('',#2510,1.);
#2510 = DIRECTION('',(-1.,0.));
#2511 = ( GEOMETRIC_REPRESENTATION_CONTEXT(2) 
PARAMETRIC_REPRESENTATION_CONTEXT() REPRESENTATION_CONTEXT('2D SPACE',''
  ) );
#2512 = PCURVE('',#2513,#2518);
#2513 = PLANE('',#2514);
#2514 = AXIS2_PLACEMENT_3D('',#2515,#2516,#2517);
#2515 = CARTESIAN_POINT('',(-4.306898055242E-16,9.91,8.5));
#2516 = DIRECTION('',(-0.,-1.,-0.));
#2517 = DIRECTION('',(0.,0.,-1.));
#2518 = DEFINITIONAL_REPRESENTATION('',(#2519),#2523);
#2519 = CIRCLE('',#2520,6.);
#2520 = AXIS2_PLACEMENT_2D('',#2521,#2522);
#2521 = CARTESIAN_POINT('',(0.,4.306898055242E-16));
#2522 = DIRECTION('',(0.,1.));
#2523 = ( GEOMETRIC_REPRESENTATION_CONTEXT(2) 
PARAMETRIC_REPRESENTATION_CONTEXT() REPRESENTATION_CONTEXT('2D SPACE',''
  ) );
#2524 = ORIENTED_EDGE('',*,*,#2475,.F.);
#2525 = ORIENTED_EDGE('',*,*,#2083,.F.);
#2526 = ADVANCED_FACE('',(#2527),#2177,.F.);
#2527 = FACE_BOUND('',#2528,.F.);
#2528 = EDGE_LOOP('',(#2529,#2530,#2531));
#2529 = ORIENTED_EDGE('',*,*,#2163,.T.);
#2530 = ORIENTED_EDGE('',*,*,#2400,.F.);
#2531 = ORIENTED_EDGE('',*,*,#2430,.T.);
#2532 = ADVANCED_FACE('',(#2533),#2260,.F.);
#2533 = FACE_BOUND('',#2534,.F.);
#2534 = EDGE_LOOP('',(#2535,#2536,#2537));
#2535 = ORIENTED_EDGE('',*,*,#2376,.F.);
#2536 = ORIENTED_EDGE('',*,*,#2244,.T.);
#2537 = ORIENTED_EDGE('',*,*,#2451,.T.);
#2538 = ADVANCED_FACE('',(#2539,#2542),#2340,.F.);
#2539 = FACE_BOUND('',#2540,.F.);
#2540 = EDGE_LOOP('',(#2541));
#2541 = ORIENTED_EDGE('',*,*,#2323,.T.);
#2542 = FACE_BOUND('',#2543,.F.);
#2543 = EDGE_LOOP('',(#2544));
#2544 = ORIENTED_EDGE('',*,*,#2545,.F.);
#2545 = EDGE_CURVE('',#2546,#2546,#2548,.T.);
#2546 = VERTEX_POINT('',#2547);
#2547 = CARTESIAN_POINT('',(6.25,24.03,8.5));
#2548 = SURFACE_CURVE('',#2549,(#2554,#2561),.PCURVE_S1.);
#2549 = CIRCLE('',#2550,6.25);
#2550 = AXIS2_PLACEMENT_3D('',#2551,#2552,#2553);
#2551 = CARTESIAN_POINT('',(0.,24.03,8.5));
#2552 = DIRECTION('',(0.,-1.,0.));
#2553 = DIRECTION('',(1.,0.,0.));
#2554 = PCURVE('',#2340,#2555);
#2555 = DEFINITIONAL_REPRESENTATION('',(#2556),#2560);
#2556 = CIRCLE('',#2557,6.25);
#2557 = AXIS2_PLACEMENT_2D('',#2558,#2559);
#2558 = CARTESIAN_POINT('',(0.,6.077511700175E-16));
#2559 = DIRECTION('',(0.,1.));
#2560 = ( GEOMETRIC_REPRESENTATION_CONTEXT(2) 
PARAMETRIC_REPRESENTATION_CONTEXT() REPRESENTATION_CONTEXT('2D SPACE',''
  ) );
#2561 = PCURVE('',#2562,#2567);
#2562 = CYLINDRICAL_SURFACE('',#2563,6.25);
#2563 = AXIS2_PLACEMENT_3D('',#2564,#2565,#2566);
#2564 = CARTESIAN_POINT('',(0.,24.54,8.5));
#2565 = DIRECTION('',(-0.,1.,-0.));
#2566 = DIRECTION('',(1.,0.,0.));
#2567 = DEFINITIONAL_REPRESENTATION('',(#2568),#2572);
#2568 = LINE('',#2569,#2570);
#2569 = CARTESIAN_POINT('',(-0.,-0.51));
#2570 = VECTOR('',#2571,1.);
#2571 = DIRECTION('',(-1.,0.));
#2572 = ( GEOMETRIC_REPRESENTATION_CONTEXT(2) 
PARAMETRIC_REPRESENTATION_CONTEXT() REPRESENTATION_CONTEXT('2D SPACE',''
  ) );
#2573 = ADVANCED_FACE('',(#2574,#2605),#2513,.F.);
#2574 = FACE_BOUND('',#2575,.F.);
#2575 = EDGE_LOOP('',(#2576));
#2576 = ORIENTED_EDGE('',*,*,#2577,.T.);
#2577 = EDGE_CURVE('',#2578,#2578,#2580,.T.);
#2578 = VERTEX_POINT('',#2579);
#2579 = CARTESIAN_POINT('',(6.35,9.91,8.5));
#2580 = SURFACE_CURVE('',#2581,(#2586,#2593),.PCURVE_S1.);
#2581 = CIRCLE('',#2582,6.35);
#2582 = AXIS2_PLACEMENT_3D('',#2583,#2584,#2585);
#2583 = CARTESIAN_POINT('',(0.,9.91,8.5));
#2584 = DIRECTION('',(0.,-1.,0.));
#2585 = DIRECTION('',(1.,0.,0.));
#2586 = PCURVE('',#2513,#2587);
#2587 = DEFINITIONAL_REPRESENTATION('',(#2588),#2592);
#2588 = CIRCLE('',#2589,6.35);
#2589 = AXIS2_PLACEMENT_2D('',#2590,#2591);
#2590 = CARTESIAN_POINT('',(0.,4.306898055242E-16));
#2591 = DIRECTION('',(0.,1.));
#2592 = ( GEOMETRIC_REPRESENTATION_CONTEXT(2) 
PARAMETRIC_REPRESENTATION_CONTEXT() REPRESENTATION_CONTEXT('2D SPACE',''
  ) );
#2593 = PCURVE('',#2594,#2599);
#2594 = CYLINDRICAL_SURFACE('',#2595,6.35);
#2595 = AXIS2_PLACEMENT_3D('',#2596,#2597,#2598);
#2596 = CARTESIAN_POINT('',(0.,9.91,8.5));
#2597 = DIRECTION('',(-0.,1.,-0.));
#2598 = DIRECTION('',(1.,0.,0.));
#2599 = DEFINITIONAL_REPRESENTATION('',(#2600),#2604);
#2600 = LINE('',#2601,#2602);
#2601 = CARTESIAN_POINT('',(-0.,0.));
#2602 = VECTOR('',#2603,1.);
#2603 = DIRECTION('',(-1.,0.));
#2604 = ( GEOMETRIC_REPRESENTATION_CONTEXT(2) 
PARAMETRIC_REPRESENTATION_CONTEXT() REPRESENTATION_CONTEXT('2D SPACE',''
  ) );
#2605 = FACE_BOUND('',#2606,.F.);
#2606 = EDGE_LOOP('',(#2607));
#2607 = ORIENTED_EDGE('',*,*,#2498,.F.);
#2608 = ADVANCED_FACE('',(#2609),#2562,.T.);
#2609 = FACE_BOUND('',#2610,.F.);
#2610 = EDGE_LOOP('',(#2611,#2634,#2635,#2636));
#2611 = ORIENTED_EDGE('',*,*,#2612,.T.);
#2612 = EDGE_CURVE('',#2613,#2546,#2615,.T.);
#2613 = VERTEX_POINT('',#2614);
#2614 = CARTESIAN_POINT('',(6.25,24.54,8.5));
#2615 = SEAM_CURVE('',#2616,(#2620,#2627),.PCURVE_S1.);
#2616 = LINE('',#2617,#2618);
#2617 = CARTESIAN_POINT('',(6.25,24.54,8.5));
#2618 = VECTOR('',#2619,1.);
#2619 = DIRECTION('',(0.,-1.,0.));
#2620 = PCURVE('',#2562,#2621);
#2621 = DEFINITIONAL_REPRESENTATION('',(#2622),#2626);
#2622 = LINE('',#2623,#2624);
#2623 = CARTESIAN_POINT('',(-0.,0.));
#2624 = VECTOR('',#2625,1.);
#2625 = DIRECTION('',(-0.,-1.));
#2626 = ( GEOMETRIC_REPRESENTATION_CONTEXT(2) 
PARAMETRIC_REPRESENTATION_CONTEXT() REPRESENTATION_CONTEXT('2D SPACE',''
  ) );
#2627 = PCURVE('',#2562,#2628);
#2628 = DEFINITIONAL_REPRESENTATION('',(#2629),#2633);
#2629 = LINE('',#2630,#2631);
#2630 = CARTESIAN_POINT('',(-6.28318530718,0.));
#2631 = VECTOR('',#2632,1.);
#2632 = DIRECTION('',(-0.,-1.));
#2633 = ( GEOMETRIC_REPRESENTATION_CONTEXT(2) 
PARAMETRIC_REPRESENTATION_CONTEXT() REPRESENTATION_CONTEXT('2D SPACE',''
  ) );
#2634 = ORIENTED_EDGE('',*,*,#2545,.T.);
#2635 = ORIENTED_EDGE('',*,*,#2612,.F.);
#2636 = ORIENTED_EDGE('',*,*,#2637,.F.);
#2637 = EDGE_CURVE('',#2613,#2613,#2638,.T.);
#2638 = SURFACE_CURVE('',#2639,(#2644,#2651),.PCURVE_S1.);
#2639 = CIRCLE('',#2640,6.25);
#2640 = AXIS2_PLACEMENT_3D('',#2641,#2642,#2643);
#2641 = CARTESIAN_POINT('',(0.,24.54,8.5));
#2642 = DIRECTION('',(0.,-1.,0.));
#2643 = DIRECTION('',(1.,0.,0.));
#2644 = PCURVE('',#2562,#2645);
#2645 = DEFINITIONAL_REPRESENTATION('',(#2646),#2650);
#2646 = LINE('',#2647,#2648);
#2647 = CARTESIAN_POINT('',(-0.,0.));
#2648 = VECTOR('',#2649,1.);
#2649 = DIRECTION('',(-1.,0.));
#2650 = ( GEOMETRIC_REPRESENTATION_CONTEXT(2) 
PARAMETRIC_REPRESENTATION_CONTEXT() REPRESENTATION_CONTEXT('2D SPACE',''
  ) );
#2651 = PCURVE('',#2652,#2657);
#2652 = PLANE('',#2653);
#2653 = AXIS2_PLACEMENT_3D('',#2654,#2655,#2656);
#2654 = CARTESIAN_POINT('',(-4.375808424126E-16,24.54,8.5));
#2655 = DIRECTION('',(-0.,-1.,-0.));
#2656 = DIRECTION('',(0.,0.,-1.));
#2657 = DEFINITIONAL_REPRESENTATION('',(#2658),#2662);
#2658 = CIRCLE('',#2659,6.25);
#2659 = AXIS2_PLACEMENT_2D('',#2660,#2661);
#2660 = CARTESIAN_POINT('',(-1.7763568394E-15,4.375808424126E-16));
#2661 = DIRECTION('',(0.,1.));
#2662 = ( GEOMETRIC_REPRESENTATION_CONTEXT(2) 
PARAMETRIC_REPRESENTATION_CONTEXT() REPRESENTATION_CONTEXT('2D SPACE',''
  ) );
#2663 = ADVANCED_FACE('',(#2664),#2594,.T.);
#2664 = FACE_BOUND('',#2665,.F.);
#2665 = EDGE_LOOP('',(#2666,#2689,#2716,#2717));
#2666 = ORIENTED_EDGE('',*,*,#2667,.T.);
#2667 = EDGE_CURVE('',#2578,#2668,#2670,.T.);
#2668 = VERTEX_POINT('',#2669);
#2669 = CARTESIAN_POINT('',(6.35,9.04,8.5));
#2670 = SEAM_CURVE('',#2671,(#2675,#2682),.PCURVE_S1.);
#2671 = LINE('',#2672,#2673);
#2672 = CARTESIAN_POINT('',(6.35,9.91,8.5));
#2673 = VECTOR('',#2674,1.);
#2674 = DIRECTION('',(0.,-1.,0.));
#2675 = PCURVE('',#2594,#2676);
#2676 = DEFINITIONAL_REPRESENTATION('',(#2677),#2681);
#2677 = LINE('',#2678,#2679);
#2678 = CARTESIAN_POINT('',(-0.,0.));
#2679 = VECTOR('',#2680,1.);
#2680 = DIRECTION('',(-0.,-1.));
#2681 = ( GEOMETRIC_REPRESENTATION_CONTEXT(2) 
PARAMETRIC_REPRESENTATION_CONTEXT() REPRESENTATION_CONTEXT('2D SPACE',''
  ) );
#2682 = PCURVE('',#2594,#2683);
#2683 = DEFINITIONAL_REPRESENTATION('',(#2684),#2688);
#2684 = LINE('',#2685,#2686);
#2685 = CARTESIAN_POINT('',(-6.28318530718,0.));
#2686 = VECTOR('',#2687,1.);
#2687 = DIRECTION('',(-0.,-1.));
#2688 = ( GEOMETRIC_REPRESENTATION_CONTEXT(2) 
PARAMETRIC_REPRESENTATION_CONTEXT() REPRESENTATION_CONTEXT('2D SPACE',''
  ) );
#2689 = ORIENTED_EDGE('',*,*,#2690,.T.);
#2690 = EDGE_CURVE('',#2668,#2668,#2691,.T.);
#2691 = SURFACE_CURVE('',#2692,(#2697,#2704),.PCURVE_S1.);
#2692 = CIRCLE('',#2693,6.35);
#2693 = AXIS2_PLACEMENT_3D('',#2694,#2695,#2696);
#2694 = CARTESIAN_POINT('',(0.,9.04,8.5));
#2695 = DIRECTION('',(0.,-1.,0.));
#2696 = DIRECTION('',(1.,0.,0.));
#2697 = PCURVE('',#2594,#2698);
#2698 = DEFINITIONAL_REPRESENTATION('',(#2699),#2703);
#2699 = LINE('',#2700,#2701);
#2700 = CARTESIAN_POINT('',(-0.,-0.87));
#2701 = VECTOR('',#2702,1.);
#2702 = DIRECTION('',(-1.,0.));
#2703 = ( GEOMETRIC_REPRESENTATION_CONTEXT(2) 
PARAMETRIC_REPRESENTATION_CONTEXT() REPRESENTATION_CONTEXT('2D SPACE',''
  ) );
#2704 = PCURVE('',#2705,#2710);
#2705 = PLANE('',#2706);
#2706 = AXIS2_PLACEMENT_3D('',#2707,#2708,#2709);
#2707 = CARTESIAN_POINT('',(-4.306898055242E-16,9.04,8.5));
#2708 = DIRECTION('',(-0.,-1.,-0.));
#2709 = DIRECTION('',(0.,0.,-1.));
#2710 = DEFINITIONAL_REPRESENTATION('',(#2711),#2715);
#2711 = CIRCLE('',#2712,6.35);
#2712 = AXIS2_PLACEMENT_2D('',#2713,#2714);
#2713 = CARTESIAN_POINT('',(0.,4.306898055242E-16));
#2714 = DIRECTION('',(0.,1.));
#2715 = ( GEOMETRIC_REPRESENTATION_CONTEXT(2) 
PARAMETRIC_REPRESENTATION_CONTEXT() REPRESENTATION_CONTEXT('2D SPACE',''
  ) );
#2716 = ORIENTED_EDGE('',*,*,#2667,.F.);
#2717 = ORIENTED_EDGE('',*,*,#2577,.F.);
#2718 = ADVANCED_FACE('',(#2719,#2722),#2652,.F.);
#2719 = FACE_BOUND('',#2720,.F.);
#2720 = EDGE_LOOP('',(#2721));
#2721 = ORIENTED_EDGE('',*,*,#2637,.T.);
#2722 = FACE_BOUND('',#2723,.F.);
#2723 = EDGE_LOOP('',(#2724));
#2724 = ORIENTED_EDGE('',*,*,#2725,.T.);
#2725 = EDGE_CURVE('',#2726,#2726,#2728,.T.);
#2726 = VERTEX_POINT('',#2727);
#2727 = CARTESIAN_POINT('',(5.3,24.54,8.5));
#2728 = SURFACE_CURVE('',#2729,(#2734,#2745),.PCURVE_S1.);
#2729 = CIRCLE('',#2730,5.3);
#2730 = AXIS2_PLACEMENT_3D('',#2731,#2732,#2733);
#2731 = CARTESIAN_POINT('',(0.,24.54,8.5));
#2732 = DIRECTION('',(-0.,1.,0.));
#2733 = DIRECTION('',(1.,0.,0.));
#2734 = PCURVE('',#2652,#2735);
#2735 = DEFINITIONAL_REPRESENTATION('',(#2736),#2744);
#2736 = ( BOUNDED_CURVE() B_SPLINE_CURVE(2,(#2737,#2738,#2739,#2740,
#2741,#2742,#2743),.UNSPECIFIED.,.T.,.F.) B_SPLINE_CURVE_WITH_KNOTS((1,2
    ,2,2,2,1),(-2.094395102393,0.,2.094395102393,4.188790204786,
6.28318530718,8.377580409573),.UNSPECIFIED.) CURVE() 
GEOMETRIC_REPRESENTATION_ITEM() RATIONAL_B_SPLINE_CURVE((1.,0.5,1.,0.5,
1.,0.5,1.)) REPRESENTATION_ITEM('') );
#2737 = CARTESIAN_POINT('',(-1.7763568394E-15,5.3));
#2738 = CARTESIAN_POINT('',(9.179869280115,5.3));
#2739 = CARTESIAN_POINT('',(4.589934640058,-2.65));
#2740 = CARTESIAN_POINT('',(-4.782312323041E-16,-10.6));
#2741 = CARTESIAN_POINT('',(-4.589934640058,-2.65));
#2742 = CARTESIAN_POINT('',(-9.179869280115,5.3));
#2743 = CARTESIAN_POINT('',(-1.7763568394E-15,5.3));
#2744 = ( GEOMETRIC_REPRESENTATION_CONTEXT(2) 
PARAMETRIC_REPRESENTATION_CONTEXT() REPRESENTATION_CONTEXT('2D SPACE',''
  ) );
#2745 = PCURVE('',#2746,#2751);
#2746 = CYLINDRICAL_SURFACE('',#2747,5.3);
#2747 = AXIS2_PLACEMENT_3D('',#2748,#2749,#2750);
#2748 = CARTESIAN_POINT('',(0.,24.55,8.5));
#2749 = DIRECTION('',(-0.,1.,-0.));
#2750 = DIRECTION('',(1.,0.,0.));
#2751 = DEFINITIONAL_REPRESENTATION('',(#2752),#2756);
#2752 = LINE('',#2753,#2754);
#2753 = CARTESIAN_POINT('',(-6.28318530718,-1.E-02));
#2754 = VECTOR('',#2755,1.);
#2755 = DIRECTION('',(1.,-0.));
#2756 = ( GEOMETRIC_REPRESENTATION_CONTEXT(2) 
PARAMETRIC_REPRESENTATION_CONTEXT() REPRESENTATION_CONTEXT('2D SPACE',''
  ) );
#2757 = ADVANCED_FACE('',(#2758),#2705,.T.);
#2758 = FACE_BOUND('',#2759,.T.);
#2759 = EDGE_LOOP('',(#2760));
#2760 = ORIENTED_EDGE('',*,*,#2690,.T.);
#2761 = ADVANCED_FACE('',(#2762),#2746,.F.);
#2762 = FACE_BOUND('',#2763,.T.);
#2763 = EDGE_LOOP('',(#2764,#2765,#2788,#2815));
#2764 = ORIENTED_EDGE('',*,*,#2725,.T.);
#2765 = ORIENTED_EDGE('',*,*,#2766,.T.);
#2766 = EDGE_CURVE('',#2726,#2767,#2769,.T.);
#2767 = VERTEX_POINT('',#2768);
#2768 = CARTESIAN_POINT('',(5.3,17.53,8.5));
#2769 = SEAM_CURVE('',#2770,(#2774,#2781),.PCURVE_S1.);
#2770 = LINE('',#2771,#2772);
#2771 = CARTESIAN_POINT('',(5.3,24.55,8.5));
#2772 = VECTOR('',#2773,1.);
#2773 = DIRECTION('',(0.,-1.,0.));
#2774 = PCURVE('',#2746,#2775);
#2775 = DEFINITIONAL_REPRESENTATION('',(#2776),#2780);
#2776 = LINE('',#2777,#2778);
#2777 = CARTESIAN_POINT('',(-6.28318530718,0.));
#2778 = VECTOR('',#2779,1.);
#2779 = DIRECTION('',(-0.,-1.));
#2780 = ( GEOMETRIC_REPRESENTATION_CONTEXT(2) 
PARAMETRIC_REPRESENTATION_CONTEXT() REPRESENTATION_CONTEXT('2D SPACE',''
  ) );
#2781 = PCURVE('',#2746,#2782);
#2782 = DEFINITIONAL_REPRESENTATION('',(#2783),#2787);
#2783 = LINE('',#2784,#2785);
#2784 = CARTESIAN_POINT('',(-0.,0.));
#2785 = VECTOR('',#2786,1.);
#2786 = DIRECTION('',(-0.,-1.));
#2787 = ( GEOMETRIC_REPRESENTATION_CONTEXT(2) 
PARAMETRIC_REPRESENTATION_CONTEXT() REPRESENTATION_CONTEXT('2D SPACE',''
  ) );
#2788 = ORIENTED_EDGE('',*,*,#2789,.T.);
#2789 = EDGE_CURVE('',#2767,#2767,#2790,.T.);
#2790 = SURFACE_CURVE('',#2791,(#2796,#2803),.PCURVE_S1.);
#2791 = CIRCLE('',#2792,5.3);
#2792 = AXIS2_PLACEMENT_3D('',#2793,#2794,#2795);
#2793 = CARTESIAN_POINT('',(0.,17.53,8.5));
#2794 = DIRECTION('',(0.,-1.,0.));
#2795 = DIRECTION('',(1.,0.,0.));
#2796 = PCURVE('',#2746,#2797);
#2797 = DEFINITIONAL_REPRESENTATION('',(#2798),#2802);
#2798 = LINE('',#2799,#2800);
#2799 = CARTESIAN_POINT('',(-0.,-7.02));
#2800 = VECTOR('',#2801,1.);
#2801 = DIRECTION('',(-1.,0.));
#2802 = ( GEOMETRIC_REPRESENTATION_CONTEXT(2) 
PARAMETRIC_REPRESENTATION_CONTEXT() REPRESENTATION_CONTEXT('2D SPACE',''
  ) );
#2803 = PCURVE('',#2804,#2809);
#2804 = PLANE('',#2805);
#2805 = AXIS2_PLACEMENT_3D('',#2806,#2807,#2808);
#2806 = CARTESIAN_POINT('',(-5.160151443545E-16,17.53,8.5));
#2807 = DIRECTION('',(-0.,-1.,-0.));
#2808 = DIRECTION('',(0.,0.,-1.));
#2809 = DEFINITIONAL_REPRESENTATION('',(#2810),#2814);
#2810 = CIRCLE('',#2811,5.3);
#2811 = AXIS2_PLACEMENT_2D('',#2812,#2813);
#2812 = CARTESIAN_POINT('',(0.,5.160151443545E-16));
#2813 = DIRECTION('',(0.,1.));
#2814 = ( GEOMETRIC_REPRESENTATION_CONTEXT(2) 
PARAMETRIC_REPRESENTATION_CONTEXT() REPRESENTATION_CONTEXT('2D SPACE',''
  ) );
#2815 = ORIENTED_EDGE('',*,*,#2766,.F.);
#2816 = ADVANCED_FACE('',(#2817),#2804,.F.);
#2817 = FACE_BOUND('',#2818,.F.);
#2818 = EDGE_LOOP('',(#2819));
#2819 = ORIENTED_EDGE('',*,*,#2789,.T.);
#2820 = ( GEOMETRIC_REPRESENTATION_CONTEXT(3) 
GLOBAL_UNCERTAINTY_ASSIGNED_CONTEXT((#2824)) 
GLOBAL_UNIT_ASSIGNED_CONTEXT((#2821,#2822,#2823)) REPRESENTATION_CONTEXT
('Context #1','3D Context with UNIT and UNCERTAINTY') );
#2821 = ( LENGTH_UNIT() NAMED_UNIT(*) SI_UNIT(.MILLI.,.METRE.) );
#2822 = ( NAMED_UNIT(*) PLANE_ANGLE_UNIT() SI_UNIT($,.RADIAN.) );
#2823 = ( NAMED_UNIT(*) SI_UNIT($,.STERADIAN.) SOLID_ANGLE_UNIT() );
#2824 = UNCERTAINTY_MEASURE_WITH_UNIT(LENGTH_MEASURE(1.E-07),#2821,
  'distance_accuracy_value','confusion accuracy');
#2825 = CONTEXT_DEPENDENT_SHAPE_REPRESENTATION(#2826,#2828);
#2826 = ( REPRESENTATION_RELATIONSHIP('','',#1584,#10) 
REPRESENTATION_RELATIONSHIP_WITH_TRANSFORMATION(#2827) 
SHAPE_REPRESENTATION_RELATIONSHIP() );
#2827 = ITEM_DEFINED_TRANSFORMATION('','',#11,#23);
#2828 = PRODUCT_DEFINITION_SHAPE('Placement','Placement of an item',
  #2829);
#2829 = NEXT_ASSEMBLY_USAGE_OCCURRENCE('3','shell','',#5,#1579,$);
#2830 = PRODUCT_RELATED_PRODUCT_CATEGORY('part',$,(#1581));
#2831 = SHAPE_DEFINITION_REPRESENTATION(#2832,#2838);
#2832 = PRODUCT_DEFINITION_SHAPE('','',#2833);
#2833 = PRODUCT_DEFINITION('design','',#2834,#2837);
#2834 = PRODUCT_DEFINITION_FORMATION('','',#2835);
#2835 = PRODUCT('pins','pins','',(#2836));
#2836 = PRODUCT_CONTEXT('',#2,'mechanical');
#2837 = PRODUCT_DEFINITION_CONTEXT('part definition',#2,'design');
#2838 = SHAPE_REPRESENTATION('',(#11,#2839,#3117,#3395,#3673,#3951,#4229
    ,#4507,#4785),#5063);
#2839 = MANIFOLD_SOLID_BREP('',#2840);
#2840 = CLOSED_SHELL('',(#2841,#3002,#3006,#3055,#3113));
#2841 = ADVANCED_FACE('',(#2842),#2855,.T.);
#2842 = FACE_BOUND('',#2843,.F.);
#2843 = EDGE_LOOP('',(#2844,#2878,#2901,#2940,#2974,#3001));
#2844 = ORIENTED_EDGE('',*,*,#2845,.F.);
#2845 = EDGE_CURVE('',#2846,#2846,#2848,.T.);
#2846 = VERTEX_POINT('',#2847);
#2847 = CARTESIAN_POINT('',(1.9,-2.1,-3.));
#2848 = SURFACE_CURVE('',#2849,(#2854,#2866),.PCURVE_S1.);
#2849 = CIRCLE('',#2850,0.4);
#2850 = AXIS2_PLACEMENT_3D('',#2851,#2852,#2853);
#2851 = CARTESIAN_POINT('',(1.5,-2.1,-3.));
#2852 = DIRECTION('',(0.,0.,1.));
#2853 = DIRECTION('',(1.,0.,0.));
#2854 = PCURVE('',#2855,#2860);
#2855 = CYLINDRICAL_SURFACE('',#2856,0.4);
#2856 = AXIS2_PLACEMENT_3D('',#2857,#2858,#2859);
#2857 = CARTESIAN_POINT('',(1.5,-2.1,-3.));
#2858 = DIRECTION('',(-0.,-0.,-1.));
#2859 = DIRECTION('',(1.,0.,0.));
#2860 = DEFINITIONAL_REPRESENTATION('',(#2861),#2865);
#2861 = LINE('',#2862,#2863);
#2862 = CARTESIAN_POINT('',(-0.,0.));
#2863 = VECTOR('',#2864,1.);
#2864 = DIRECTION('',(-1.,0.));
#2865 = ( GEOMETRIC_REPRESENTATION_CONTEXT(2) 
PARAMETRIC_REPRESENTATION_CONTEXT() REPRESENTATION_CONTEXT('2D SPACE',''
  ) );
#2866 = PCURVE('',#2867,#2872);
#2867 = PLANE('',#2868);
#2868 = AXIS2_PLACEMENT_3D('',#2869,#2870,#2871);
#2869 = CARTESIAN_POINT('',(1.5,-2.1,-3.));
#2870 = DIRECTION('',(0.,0.,1.));
#2871 = DIRECTION('',(1.,0.,-0.));
#2872 = DEFINITIONAL_REPRESENTATION('',(#2873),#2877);
#2873 = CIRCLE('',#2874,0.4);
#2874 = AXIS2_PLACEMENT_2D('',#2875,#2876);
#2875 = CARTESIAN_POINT('',(0.,0.));
#2876 = DIRECTION('',(1.,0.));
#2877 = ( GEOMETRIC_REPRESENTATION_CONTEXT(2) 
PARAMETRIC_REPRESENTATION_CONTEXT() REPRESENTATION_CONTEXT('2D SPACE',''
  ) );
#2878 = ORIENTED_EDGE('',*,*,#2879,.T.);
#2879 = EDGE_CURVE('',#2846,#2880,#2882,.T.);
#2880 = VERTEX_POINT('',#2881);
#2881 = CARTESIAN_POINT('',(1.9,-2.1,11.717));
#2882 = SEAM_CURVE('',#2883,(#2887,#2894),.PCURVE_S1.);
#2883 = LINE('',#2884,#2885);
#2884 = CARTESIAN_POINT('',(1.9,-2.1,-3.));
#2885 = VECTOR('',#2886,1.);
#2886 = DIRECTION('',(0.,0.,1.));
#2887 = PCURVE('',#2855,#2888);
#2888 = DEFINITIONAL_REPRESENTATION('',(#2889),#2893);
#2889 = LINE('',#2890,#2891);
#2890 = CARTESIAN_POINT('',(-6.28318530718,0.));
#2891 = VECTOR('',#2892,1.);
#2892 = DIRECTION('',(-0.,-1.));
#2893 = ( GEOMETRIC_REPRESENTATION_CONTEXT(2) 
PARAMETRIC_REPRESENTATION_CONTEXT() REPRESENTATION_CONTEXT('2D SPACE',''
  ) );
#2894 = PCURVE('',#2855,#2895);
#2895 = DEFINITIONAL_REPRESENTATION('',(#2896),#2900);
#2896 = LINE('',#2897,#2898);
#2897 = CARTESIAN_POINT('',(-0.,0.));
#2898 = VECTOR('',#2899,1.);
#2899 = DIRECTION('',(-0.,-1.));
#2900 = ( GEOMETRIC_REPRESENTATION_CONTEXT(2) 
PARAMETRIC_REPRESENTATION_CONTEXT() REPRESENTATION_CONTEXT('2D SPACE',''
  ) );
#2901 = ORIENTED_EDGE('',*,*,#2902,.F.);
#2902 = EDGE_CURVE('',#2903,#2880,#2905,.T.);
#2903 = VERTEX_POINT('',#2904);
#2904 = CARTESIAN_POINT('',(1.5,-1.7,11.317));
#2905 = SURFACE_CURVE('',#2906,(#2911,#2923),.PCURVE_S1.);
#2906 = ELLIPSE('',#2907,0.565685424949,0.4);
#2907 = AXIS2_PLACEMENT_3D('',#2908,#2909,#2910);
#2908 = CARTESIAN_POINT('',(1.5,-2.1,11.717));
#2909 = DIRECTION('',(0.,-0.707106781187,-0.707106781187));
#2910 = DIRECTION('',(-0.,0.707106781187,-0.707106781187));
#2911 = PCURVE('',#2855,#2912);
#2912 = DEFINITIONAL_REPRESENTATION('',(#2913),#2922);
#2913 = B_SPLINE_CURVE_WITH_KNOTS('',7,(#2914,#2915,#2916,#2917,#2918,
    #2919,#2920,#2921),.UNSPECIFIED.,.F.,.F.,(8,8),(0.,1.570796326795),
  .PIECEWISE_BEZIER_KNOTS.);
#2914 = CARTESIAN_POINT('',(-1.570796326795,-14.317));
#2915 = CARTESIAN_POINT('',(-1.346396851538,-14.317));
#2916 = CARTESIAN_POINT('',(-1.121997376282,-14.34049946904));
#2917 = CARTESIAN_POINT('',(-0.897597901026,-14.38749499816));
#2918 = CARTESIAN_POINT('',(-0.673198425769,-14.45510126967));
#2919 = CARTESIAN_POINT('',(-0.448798950513,-14.53748078427));
#2920 = CARTESIAN_POINT('',(-0.224399475256,-14.62724020989));
#2921 = CARTESIAN_POINT('',(0.,-14.717));
#2922 = ( GEOMETRIC_REPRESENTATION_CONTEXT(2) 
PARAMETRIC_REPRESENTATION_CONTEXT() REPRESENTATION_CONTEXT('2D SPACE',''
  ) );
#2923 = PCURVE('',#2924,#2929);
#2924 = CYLINDRICAL_SURFACE('',#2925,0.4);
#2925 = AXIS2_PLACEMENT_3D('',#2926,#2927,#2928);
#2926 = CARTESIAN_POINT('',(1.5,8.04,11.717));
#2927 = DIRECTION('',(-0.,1.,-0.));
#2928 = DIRECTION('',(1.,0.,0.));
#2929 = DEFINITIONAL_REPRESENTATION('',(#2930),#2939);
#2930 = B_SPLINE_CURVE_WITH_KNOTS('',7,(#2931,#2932,#2933,#2934,#2935,
    #2936,#2937,#2938),.UNSPECIFIED.,.F.,.F.,(8,8),(0.,1.570796326795),
  .PIECEWISE_BEZIER_KNOTS.);
#2931 = CARTESIAN_POINT('',(-4.712388980385,-9.74));
#2932 = CARTESIAN_POINT('',(-4.936788455641,-9.74));
#2933 = CARTESIAN_POINT('',(-5.161187930897,-9.763499469045));
#2934 = CARTESIAN_POINT('',(-5.385587406154,-9.81049499815));
#2935 = CARTESIAN_POINT('',(-5.60998688141,-9.878101269694));
#2936 = CARTESIAN_POINT('',(-5.834386356667,-9.960480784272));
#2937 = CARTESIAN_POINT('',(-6.058785831923,-10.05024020989));
#2938 = CARTESIAN_POINT('',(-6.28318530718,-10.14));
#2939 = ( GEOMETRIC_REPRESENTATION_CONTEXT(2) 
PARAMETRIC_REPRESENTATION_CONTEXT() REPRESENTATION_CONTEXT('2D SPACE',''
  ) );
#2940 = ORIENTED_EDGE('',*,*,#2941,.F.);
#2941 = EDGE_CURVE('',#2942,#2903,#2944,.T.);
#2942 = VERTEX_POINT('',#2943);
#2943 = CARTESIAN_POINT('',(1.1,-2.1,11.717));
#2944 = SURFACE_CURVE('',#2945,(#2950,#2962),.PCURVE_S1.);
#2945 = ELLIPSE('',#2946,0.565685424949,0.4);
#2946 = AXIS2_PLACEMENT_3D('',#2947,#2948,#2949);
#2947 = CARTESIAN_POINT('',(1.5,-2.1,11.717));
#2948 = DIRECTION('',(0.,-0.707106781187,-0.707106781187));
#2949 = DIRECTION('',(-0.,0.707106781187,-0.707106781187));
#2950 = PCURVE('',#2855,#2951);
#2951 = DEFINITIONAL_REPRESENTATION('',(#2952),#2961);
#2952 = B_SPLINE_CURVE_WITH_KNOTS('',7,(#2953,#2954,#2955,#2956,#2957,
    #2958,#2959,#2960),.UNSPECIFIED.,.F.,.F.,(8,8),(4.712388933148,
    6.28318530718),.PIECEWISE_BEZIER_KNOTS.);
#2953 = CARTESIAN_POINT('',(-3.141592700827,-14.71700001889));
#2954 = CARTESIAN_POINT('',(-2.917193218822,-14.62724022609));
#2955 = CARTESIAN_POINT('',(-2.692793736818,-14.53748079665));
#2956 = CARTESIAN_POINT('',(-2.468394254814,-14.45510127782));
#2957 = CARTESIAN_POINT('',(-2.243994772809,-14.38749500238));
#2958 = CARTESIAN_POINT('',(-2.019595290804,-14.34049947045));
#2959 = CARTESIAN_POINT('',(-1.795195808799,-14.317));
#2960 = CARTESIAN_POINT('',(-1.570796326795,-14.317));
#2961 = ( GEOMETRIC_REPRESENTATION_CONTEXT(2) 
PARAMETRIC_REPRESENTATION_CONTEXT() REPRESENTATION_CONTEXT('2D SPACE',''
  ) );
#2962 = PCURVE('',#2924,#2963);
#2963 = DEFINITIONAL_REPRESENTATION('',(#2964),#2973);
#2964 = B_SPLINE_CURVE_WITH_KNOTS('',7,(#2965,#2966,#2967,#2968,#2969,
    #2970,#2971,#2972),.UNSPECIFIED.,.F.,.F.,(8,8),(4.712388933148,
    6.28318530718),.PIECEWISE_BEZIER_KNOTS.);
#2965 = CARTESIAN_POINT('',(-3.141592606353,-10.14000001889));
#2966 = CARTESIAN_POINT('',(-3.365992088357,-10.05024022609));
#2967 = CARTESIAN_POINT('',(-3.590391570362,-9.960480796661));
#2968 = CARTESIAN_POINT('',(-3.814791052366,-9.878101277823));
#2969 = CARTESIAN_POINT('',(-4.039190534373,-9.810495002393));
#2970 = CARTESIAN_POINT('',(-4.263590016375,-9.763499470456));
#2971 = CARTESIAN_POINT('',(-4.48798949838,-9.74));
#2972 = CARTESIAN_POINT('',(-4.712388980385,-9.74));
#2973 = ( GEOMETRIC_REPRESENTATION_CONTEXT(2) 
PARAMETRIC_REPRESENTATION_CONTEXT() REPRESENTATION_CONTEXT('2D SPACE',''
  ) );
#2974 = ORIENTED_EDGE('',*,*,#2975,.T.);
#2975 = EDGE_CURVE('',#2942,#2880,#2976,.T.);
#2976 = SURFACE_CURVE('',#2977,(#2982,#2989),.PCURVE_S1.);
#2977 = CIRCLE('',#2978,0.4);
#2978 = AXIS2_PLACEMENT_3D('',#2979,#2980,#2981);
#2979 = CARTESIAN_POINT('',(1.5,-2.1,11.717));
#2980 = DIRECTION('',(0.,0.,1.));
#2981 = DIRECTION('',(1.,0.,0.));
#2982 = PCURVE('',#2855,#2983);
#2983 = DEFINITIONAL_REPRESENTATION('',(#2984),#2988);
#2984 = LINE('',#2985,#2986);
#2985 = CARTESIAN_POINT('',(-0.,-14.717));
#2986 = VECTOR('',#2987,1.);
#2987 = DIRECTION('',(-1.,0.));
#2988 = ( GEOMETRIC_REPRESENTATION_CONTEXT(2) 
PARAMETRIC_REPRESENTATION_CONTEXT() REPRESENTATION_CONTEXT('2D SPACE',''
  ) );
#2989 = PCURVE('',#2990,#2995);
#2990 = SPHERICAL_SURFACE('',#2991,0.4);
#2991 = AXIS2_PLACEMENT_3D('',#2992,#2993,#2994);
#2992 = CARTESIAN_POINT('',(1.5,-2.1,11.717));
#2993 = DIRECTION('',(0.,0.,1.));
#2994 = DIRECTION('',(1.,0.,0.));
#2995 = DEFINITIONAL_REPRESENTATION('',(#2996),#3000);
#2996 = LINE('',#2997,#2998);
#2997 = CARTESIAN_POINT('',(0.,0.));
#2998 = VECTOR('',#2999,1.);
#2999 = DIRECTION('',(1.,0.));
#3000 = ( GEOMETRIC_REPRESENTATION_CONTEXT(2) 
PARAMETRIC_REPRESENTATION_CONTEXT() REPRESENTATION_CONTEXT('2D SPACE',''
  ) );
#3001 = ORIENTED_EDGE('',*,*,#2879,.F.);
#3002 = ADVANCED_FACE('',(#3003),#2867,.F.);
#3003 = FACE_BOUND('',#3004,.F.);
#3004 = EDGE_LOOP('',(#3005));
#3005 = ORIENTED_EDGE('',*,*,#2845,.T.);
#3006 = ADVANCED_FACE('',(#3007),#2990,.T.);
#3007 = FACE_BOUND('',#3008,.T.);
#3008 = EDGE_LOOP('',(#3009,#3032,#3054));
#3009 = ORIENTED_EDGE('',*,*,#3010,.T.);
#3010 = EDGE_CURVE('',#2880,#3011,#3013,.T.);
#3011 = VERTEX_POINT('',#3012);
#3012 = CARTESIAN_POINT('',(1.5,-2.1,12.117));
#3013 = SURFACE_CURVE('',#3014,(#3019,#3025),.PCURVE_S1.);
#3014 = CIRCLE('',#3015,0.4);
#3015 = AXIS2_PLACEMENT_3D('',#3016,#3017,#3018);
#3016 = CARTESIAN_POINT('',(1.5,-2.1,11.717));
#3017 = DIRECTION('',(0.,-1.,0.));
#3018 = DIRECTION('',(1.,0.,0.));
#3019 = PCURVE('',#2990,#3020);
#3020 = DEFINITIONAL_REPRESENTATION('',(#3021),#3024);
#3021 = B_SPLINE_CURVE_WITH_KNOTS('',1,(#3022,#3023),.UNSPECIFIED.,.F.,
  .F.,(2,2),(0.,1.570796326795),.PIECEWISE_BEZIER_KNOTS.);
#3022 = CARTESIAN_POINT('',(6.28318530718,0.));
#3023 = CARTESIAN_POINT('',(6.28318530718,1.570796326795));
#3024 = ( GEOMETRIC_REPRESENTATION_CONTEXT(2) 
PARAMETRIC_REPRESENTATION_CONTEXT() REPRESENTATION_CONTEXT('2D SPACE',''
  ) );
#3025 = PCURVE('',#2924,#3026);
#3026 = DEFINITIONAL_REPRESENTATION('',(#3027),#3031);
#3027 = LINE('',#3028,#3029);
#3028 = CARTESIAN_POINT('',(-0.,-10.14));
#3029 = VECTOR('',#3030,1.);
#3030 = DIRECTION('',(-1.,0.));
#3031 = ( GEOMETRIC_REPRESENTATION_CONTEXT(2) 
PARAMETRIC_REPRESENTATION_CONTEXT() REPRESENTATION_CONTEXT('2D SPACE',''
  ) );
#3032 = ORIENTED_EDGE('',*,*,#3033,.T.);
#3033 = EDGE_CURVE('',#3011,#2942,#3034,.T.);
#3034 = SURFACE_CURVE('',#3035,(#3040,#3047),.PCURVE_S1.);
#3035 = CIRCLE('',#3036,0.4);
#3036 = AXIS2_PLACEMENT_3D('',#3037,#3038,#3039);
#3037 = CARTESIAN_POINT('',(1.5,-2.1,11.717));
#3038 = DIRECTION('',(0.,-1.,0.));
#3039 = DIRECTION('',(1.,0.,0.));
#3040 = PCURVE('',#2990,#3041);
#3041 = DEFINITIONAL_REPRESENTATION('',(#3042),#3046);
#3042 = LINE('',#3043,#3044);
#3043 = CARTESIAN_POINT('',(3.14159265359,3.14159265359));
#3044 = VECTOR('',#3045,1.);
#3045 = DIRECTION('',(0.,-1.));
#3046 = ( GEOMETRIC_REPRESENTATION_CONTEXT(2) 
PARAMETRIC_REPRESENTATION_CONTEXT() REPRESENTATION_CONTEXT('2D SPACE',''
  ) );
#3047 = PCURVE('',#2924,#3048);
#3048 = DEFINITIONAL_REPRESENTATION('',(#3049),#3053);
#3049 = LINE('',#3050,#3051);
#3050 = CARTESIAN_POINT('',(-0.,-10.14));
#3051 = VECTOR('',#3052,1.);
#3052 = DIRECTION('',(-1.,0.));
#3053 = ( GEOMETRIC_REPRESENTATION_CONTEXT(2) 
PARAMETRIC_REPRESENTATION_CONTEXT() REPRESENTATION_CONTEXT('2D SPACE',''
  ) );
#3054 = ORIENTED_EDGE('',*,*,#2975,.T.);
#3055 = ADVANCED_FACE('',(#3056),#2924,.T.);
#3056 = FACE_BOUND('',#3057,.F.);
#3057 = EDGE_LOOP('',(#3058,#3081,#3108,#3109,#3110,#3111,#3112));
#3058 = ORIENTED_EDGE('',*,*,#3059,.F.);
#3059 = EDGE_CURVE('',#3060,#2880,#3062,.T.);
#3060 = VERTEX_POINT('',#3061);
#3061 = CARTESIAN_POINT('',(1.9,8.04,11.717));
#3062 = SEAM_CURVE('',#3063,(#3067,#3074),.PCURVE_S1.);
#3063 = LINE('',#3064,#3065);
#3064 = CARTESIAN_POINT('',(1.9,8.04,11.717));
#3065 = VECTOR('',#3066,1.);
#3066 = DIRECTION('',(0.,-1.,0.));
#3067 = PCURVE('',#2924,#3068);
#3068 = DEFINITIONAL_REPRESENTATION('',(#3069),#3073);
#3069 = LINE('',#3070,#3071);
#3070 = CARTESIAN_POINT('',(-6.28318530718,0.));
#3071 = VECTOR('',#3072,1.);
#3072 = DIRECTION('',(-0.,-1.));
#3073 = ( GEOMETRIC_REPRESENTATION_CONTEXT(2) 
PARAMETRIC_REPRESENTATION_CONTEXT() REPRESENTATION_CONTEXT('2D SPACE',''
  ) );
#3074 = PCURVE('',#2924,#3075);
#3075 = DEFINITIONAL_REPRESENTATION('',(#3076),#3080);
#3076 = LINE('',#3077,#3078);
#3077 = CARTESIAN_POINT('',(-0.,0.));
#3078 = VECTOR('',#3079,1.);
#3079 = DIRECTION('',(-0.,-1.));
#3080 = ( GEOMETRIC_REPRESENTATION_CONTEXT(2) 
PARAMETRIC_REPRESENTATION_CONTEXT() REPRESENTATION_CONTEXT('2D SPACE',''
  ) );
#3081 = ORIENTED_EDGE('',*,*,#3082,.F.);
#3082 = EDGE_CURVE('',#3060,#3060,#3083,.T.);
#3083 = SURFACE_CURVE('',#3084,(#3089,#3096),.PCURVE_S1.);
#3084 = CIRCLE('',#3085,0.4);
#3085 = AXIS2_PLACEMENT_3D('',#3086,#3087,#3088);
#3086 = CARTESIAN_POINT('',(1.5,8.04,11.717));
#3087 = DIRECTION('',(0.,-1.,0.));
#3088 = DIRECTION('',(1.,0.,0.));
#3089 = PCURVE('',#2924,#3090);
#3090 = DEFINITIONAL_REPRESENTATION('',(#3091),#3095);
#3091 = LINE('',#3092,#3093);
#3092 = CARTESIAN_POINT('',(-0.,0.));
#3093 = VECTOR('',#3094,1.);
#3094 = DIRECTION('',(-1.,0.));
#3095 = ( GEOMETRIC_REPRESENTATION_CONTEXT(2) 
PARAMETRIC_REPRESENTATION_CONTEXT() REPRESENTATION_CONTEXT('2D SPACE',''
  ) );
#3096 = PCURVE('',#3097,#3102);
#3097 = PLANE('',#3098);
#3098 = AXIS2_PLACEMENT_3D('',#3099,#3100,#3101);
#3099 = CARTESIAN_POINT('',(1.5,8.04,11.717));
#3100 = DIRECTION('',(-0.,-1.,-0.));
#3101 = DIRECTION('',(0.,0.,-1.));
#3102 = DEFINITIONAL_REPRESENTATION('',(#3103),#3107);
#3103 = CIRCLE('',#3104,0.4);
#3104 = AXIS2_PLACEMENT_2D('',#3105,#3106);
#3105 = CARTESIAN_POINT('',(0.,-2.22044604925E-16));
#3106 = DIRECTION('',(0.,1.));
#3107 = ( GEOMETRIC_REPRESENTATION_CONTEXT(2) 
PARAMETRIC_REPRESENTATION_CONTEXT() REPRESENTATION_CONTEXT('2D SPACE',''
  ) );
#3108 = ORIENTED_EDGE('',*,*,#3059,.T.);
#3109 = ORIENTED_EDGE('',*,*,#3010,.T.);
#3110 = ORIENTED_EDGE('',*,*,#3033,.T.);
#3111 = ORIENTED_EDGE('',*,*,#2941,.T.);
#3112 = ORIENTED_EDGE('',*,*,#2902,.T.);
#3113 = ADVANCED_FACE('',(#3114),#3097,.F.);
#3114 = FACE_BOUND('',#3115,.F.);
#3115 = EDGE_LOOP('',(#3116));
#3116 = ORIENTED_EDGE('',*,*,#3082,.T.);
#3117 = MANIFOLD_SOLID_BREP('',#3118);
#3118 = CLOSED_SHELL('',(#3119,#3280,#3284,#3333,#3391));
#3119 = ADVANCED_FACE('',(#3120),#3133,.T.);
#3120 = FACE_BOUND('',#3121,.F.);
#3121 = EDGE_LOOP('',(#3122,#3156,#3179,#3218,#3252,#3279));
#3122 = ORIENTED_EDGE('',*,*,#3123,.F.);
#3123 = EDGE_CURVE('',#3124,#3124,#3126,.T.);
#3124 = VERTEX_POINT('',#3125);
#3125 = CARTESIAN_POINT('',(-1.1,-2.1,-3.));
#3126 = SURFACE_CURVE('',#3127,(#3132,#3144),.PCURVE_S1.);
#3127 = CIRCLE('',#3128,0.4);
#3128 = AXIS2_PLACEMENT_3D('',#3129,#3130,#3131);
#3129 = CARTESIAN_POINT('',(-1.5,-2.1,-3.));
#3130 = DIRECTION('',(0.,0.,1.));
#3131 = DIRECTION('',(1.,0.,0.));
#3132 = PCURVE('',#3133,#3138);
#3133 = CYLINDRICAL_SURFACE('',#3134,0.4);
#3134 = AXIS2_PLACEMENT_3D('',#3135,#3136,#3137);
#3135 = CARTESIAN_POINT('',(-1.5,-2.1,-3.));
#3136 = DIRECTION('',(-0.,-0.,-1.));
#3137 = DIRECTION('',(1.,0.,0.));
#3138 = DEFINITIONAL_REPRESENTATION('',(#3139),#3143);
#3139 = LINE('',#3140,#3141);
#3140 = CARTESIAN_POINT('',(-0.,0.));
#3141 = VECTOR('',#3142,1.);
#3142 = DIRECTION('',(-1.,0.));
#3143 = ( GEOMETRIC_REPRESENTATION_CONTEXT(2) 
PARAMETRIC_REPRESENTATION_CONTEXT() REPRESENTATION_CONTEXT('2D SPACE',''
  ) );
#3144 = PCURVE('',#3145,#3150);
#3145 = PLANE('',#3146);
#3146 = AXIS2_PLACEMENT_3D('',#3147,#3148,#3149);
#3147 = CARTESIAN_POINT('',(-1.5,-2.1,-3.));
#3148 = DIRECTION('',(0.,0.,1.));
#3149 = DIRECTION('',(1.,0.,-0.));
#3150 = DEFINITIONAL_REPRESENTATION('',(#3151),#3155);
#3151 = CIRCLE('',#3152,0.4);
#3152 = AXIS2_PLACEMENT_2D('',#3153,#3154);
#3153 = CARTESIAN_POINT('',(0.,0.));
#3154 = DIRECTION('',(1.,0.));
#3155 = ( GEOMETRIC_REPRESENTATION_CONTEXT(2) 
PARAMETRIC_REPRESENTATION_CONTEXT() REPRESENTATION_CONTEXT('2D SPACE',''
  ) );
#3156 = ORIENTED_EDGE('',*,*,#3157,.T.);
#3157 = EDGE_CURVE('',#3124,#3158,#3160,.T.);
#3158 = VERTEX_POINT('',#3159);
#3159 = CARTESIAN_POINT('',(-1.1,-2.1,11.079));
#3160 = SEAM_CURVE('',#3161,(#3165,#3172),.PCURVE_S1.);
#3161 = LINE('',#3162,#3163);
#3162 = CARTESIAN_POINT('',(-1.1,-2.1,-3.));
#3163 = VECTOR('',#3164,1.);
#3164 = DIRECTION('',(0.,0.,1.));
#3165 = PCURVE('',#3133,#3166);
#3166 = DEFINITIONAL_REPRESENTATION('',(#3167),#3171);
#3167 = LINE('',#3168,#3169);
#3168 = CARTESIAN_POINT('',(-6.28318530718,0.));
#3169 = VECTOR('',#3170,1.);
#3170 = DIRECTION('',(-0.,-1.));
#3171 = ( GEOMETRIC_REPRESENTATION_CONTEXT(2) 
PARAMETRIC_REPRESENTATION_CONTEXT() REPRESENTATION_CONTEXT('2D SPACE',''
  ) );
#3172 = PCURVE('',#3133,#3173);
#3173 = DEFINITIONAL_REPRESENTATION('',(#3174),#3178);
#3174 = LINE('',#3175,#3176);
#3175 = CARTESIAN_POINT('',(-0.,0.));
#3176 = VECTOR('',#3177,1.);
#3177 = DIRECTION('',(-0.,-1.));
#3178 = ( GEOMETRIC_REPRESENTATION_CONTEXT(2) 
PARAMETRIC_REPRESENTATION_CONTEXT() REPRESENTATION_CONTEXT('2D SPACE',''
  ) );
#3179 = ORIENTED_EDGE('',*,*,#3180,.F.);
#3180 = EDGE_CURVE('',#3181,#3158,#3183,.T.);
#3181 = VERTEX_POINT('',#3182);
#3182 = CARTESIAN_POINT('',(-1.5,-1.7,10.679));
#3183 = SURFACE_CURVE('',#3184,(#3189,#3201),.PCURVE_S1.);
#3184 = ELLIPSE('',#3185,0.565685424949,0.4);
#3185 = AXIS2_PLACEMENT_3D('',#3186,#3187,#3188);
#3186 = CARTESIAN_POINT('',(-1.5,-2.1,11.079));
#3187 = DIRECTION('',(0.,-0.707106781187,-0.707106781187));
#3188 = DIRECTION('',(-0.,0.707106781187,-0.707106781187));
#3189 = PCURVE('',#3133,#3190);
#3190 = DEFINITIONAL_REPRESENTATION('',(#3191),#3200);
#3191 = B_SPLINE_CURVE_WITH_KNOTS('',7,(#3192,#3193,#3194,#3195,#3196,
    #3197,#3198,#3199),.UNSPECIFIED.,.F.,.F.,(8,8),(0.,1.570796313451),
  .PIECEWISE_BEZIER_KNOTS.);
#3192 = CARTESIAN_POINT('',(-1.570796326795,-13.679));
#3193 = CARTESIAN_POINT('',(-1.346396853445,-13.679));
#3194 = CARTESIAN_POINT('',(-1.121997380095,-13.70249946864));
#3195 = CARTESIAN_POINT('',(-0.897597906744,-13.74949499695));
#3196 = CARTESIAN_POINT('',(-0.673198433395,-13.81710126739));
#3197 = CARTESIAN_POINT('',(-0.448798960044,-13.89948078077));
#3198 = CARTESIAN_POINT('',(-0.224399486694,-13.98924020532));
#3199 = CARTESIAN_POINT('',(-1.334370725026E-08,-14.07899999466));
#3200 = ( GEOMETRIC_REPRESENTATION_CONTEXT(2) 
PARAMETRIC_REPRESENTATION_CONTEXT() REPRESENTATION_CONTEXT('2D SPACE',''
  ) );
#3201 = PCURVE('',#3202,#3207);
#3202 = CYLINDRICAL_SURFACE('',#3203,0.4);
#3203 = AXIS2_PLACEMENT_3D('',#3204,#3205,#3206);
#3204 = CARTESIAN_POINT('',(-1.5,8.04,11.079));
#3205 = DIRECTION('',(-0.,1.,-0.));
#3206 = DIRECTION('',(1.,0.,0.));
#3207 = DEFINITIONAL_REPRESENTATION('',(#3208),#3217);
#3208 = B_SPLINE_CURVE_WITH_KNOTS('',7,(#3209,#3210,#3211,#3212,#3213,
    #3214,#3215,#3216),.UNSPECIFIED.,.F.,.F.,(8,8),(0.,1.570796313451),
  .PIECEWISE_BEZIER_KNOTS.);
#3209 = CARTESIAN_POINT('',(-4.712388980385,-9.74));
#3210 = CARTESIAN_POINT('',(-4.936788453735,-9.74));
#3211 = CARTESIAN_POINT('',(-5.161187927086,-9.763499468645));
#3212 = CARTESIAN_POINT('',(-5.385587400433,-9.810494996949));
#3213 = CARTESIAN_POINT('',(-5.609986873787,-9.878101267396));
#3214 = CARTESIAN_POINT('',(-5.834386347135,-9.960480780772));
#3215 = CARTESIAN_POINT('',(-6.058785820486,-10.05024020532));
#3216 = CARTESIAN_POINT('',(-6.283185293836,-10.13999999466));
#3217 = ( GEOMETRIC_REPRESENTATION_CONTEXT(2) 
PARAMETRIC_REPRESENTATION_CONTEXT() REPRESENTATION_CONTEXT('2D SPACE',''
  ) );
#3218 = ORIENTED_EDGE('',*,*,#3219,.F.);
#3219 = EDGE_CURVE('',#3220,#3181,#3222,.T.);
#3220 = VERTEX_POINT('',#3221);
#3221 = CARTESIAN_POINT('',(-1.9,-2.1,11.079));
#3222 = SURFACE_CURVE('',#3223,(#3228,#3240),.PCURVE_S1.);
#3223 = ELLIPSE('',#3224,0.565685424949,0.4);
#3224 = AXIS2_PLACEMENT_3D('',#3225,#3226,#3227);
#3225 = CARTESIAN_POINT('',(-1.5,-2.1,11.079));
#3226 = DIRECTION('',(0.,-0.707106781187,-0.707106781187));
#3227 = DIRECTION('',(-0.,0.707106781187,-0.707106781187));
#3228 = PCURVE('',#3133,#3229);
#3229 = DEFINITIONAL_REPRESENTATION('',(#3230),#3239);
#3230 = B_SPLINE_CURVE_WITH_KNOTS('',7,(#3231,#3232,#3233,#3234,#3235,
    #3236,#3237,#3238),.UNSPECIFIED.,.F.,.F.,(8,8),(4.712388993728,
    6.28318530718),.PIECEWISE_BEZIER_KNOTS.);
#3231 = CARTESIAN_POINT('',(-3.141592640246,-14.07899999466));
#3232 = CARTESIAN_POINT('',(-2.917193166896,-13.98924020532));
#3233 = CARTESIAN_POINT('',(-2.692793693546,-13.89948078076));
#3234 = CARTESIAN_POINT('',(-2.468394220194,-13.8171012674));
#3235 = CARTESIAN_POINT('',(-2.243994746847,-13.74949499694));
#3236 = CARTESIAN_POINT('',(-2.019595273495,-13.70249946864));
#3237 = CARTESIAN_POINT('',(-1.795195800145,-13.679));
#3238 = CARTESIAN_POINT('',(-1.570796326795,-13.679));
#3239 = ( GEOMETRIC_REPRESENTATION_CONTEXT(2) 
PARAMETRIC_REPRESENTATION_CONTEXT() REPRESENTATION_CONTEXT('2D SPACE',''
  ) );
#3240 = PCURVE('',#3202,#3241);
#3241 = DEFINITIONAL_REPRESENTATION('',(#3242),#3251);
#3242 = B_SPLINE_CURVE_WITH_KNOTS('',7,(#3243,#3244,#3245,#3246,#3247,
    #3248,#3249,#3250),.UNSPECIFIED.,.F.,.F.,(8,8),(4.712388993728,
    6.28318530718),.PIECEWISE_BEZIER_KNOTS.);
#3243 = CARTESIAN_POINT('',(-3.141592666934,-10.13999999466));
#3244 = CARTESIAN_POINT('',(-3.365992140284,-10.05024020532));
#3245 = CARTESIAN_POINT('',(-3.590391613634,-9.960480780773));
#3246 = CARTESIAN_POINT('',(-3.814791086983,-9.878101267394));
#3247 = CARTESIAN_POINT('',(-4.039190560335,-9.810494996955));
#3248 = CARTESIAN_POINT('',(-4.263590033684,-9.763499468645));
#3249 = CARTESIAN_POINT('',(-4.487989507035,-9.74));
#3250 = CARTESIAN_POINT('',(-4.712388980385,-9.74));
#3251 = ( GEOMETRIC_REPRESENTATION_CONTEXT(2) 
PARAMETRIC_REPRESENTATION_CONTEXT() REPRESENTATION_CONTEXT('2D SPACE',''
  ) );
#3252 = ORIENTED_EDGE('',*,*,#3253,.T.);
#3253 = EDGE_CURVE('',#3220,#3158,#3254,.T.);
#3254 = SURFACE_CURVE('',#3255,(#3260,#3267),.PCURVE_S1.);
#3255 = CIRCLE('',#3256,0.4);
#3256 = AXIS2_PLACEMENT_3D('',#3257,#3258,#3259);
#3257 = CARTESIAN_POINT('',(-1.5,-2.1,11.079));
#3258 = DIRECTION('',(0.,0.,1.));
#3259 = DIRECTION('',(1.,0.,0.));
#3260 = PCURVE('',#3133,#3261);
#3261 = DEFINITIONAL_REPRESENTATION('',(#3262),#3266);
#3262 = LINE('',#3263,#3264);
#3263 = CARTESIAN_POINT('',(-0.,-14.079));
#3264 = VECTOR('',#3265,1.);
#3265 = DIRECTION('',(-1.,0.));
#3266 = ( GEOMETRIC_REPRESENTATION_CONTEXT(2) 
PARAMETRIC_REPRESENTATION_CONTEXT() REPRESENTATION_CONTEXT('2D SPACE',''
  ) );
#3267 = PCURVE('',#3268,#3273);
#3268 = SPHERICAL_SURFACE('',#3269,0.4);
#3269 = AXIS2_PLACEMENT_3D('',#3270,#3271,#3272);
#3270 = CARTESIAN_POINT('',(-1.5,-2.1,11.079));
#3271 = DIRECTION('',(0.,0.,1.));
#3272 = DIRECTION('',(1.,0.,0.));
#3273 = DEFINITIONAL_REPRESENTATION('',(#3274),#3278);
#3274 = LINE('',#3275,#3276);
#3275 = CARTESIAN_POINT('',(0.,0.));
#3276 = VECTOR('',#3277,1.);
#3277 = DIRECTION('',(1.,0.));
#3278 = ( GEOMETRIC_REPRESENTATION_CONTEXT(2) 
PARAMETRIC_REPRESENTATION_CONTEXT() REPRESENTATION_CONTEXT('2D SPACE',''
  ) );
#3279 = ORIENTED_EDGE('',*,*,#3157,.F.);
#3280 = ADVANCED_FACE('',(#3281),#3145,.F.);
#3281 = FACE_BOUND('',#3282,.F.);
#3282 = EDGE_LOOP('',(#3283));
#3283 = ORIENTED_EDGE('',*,*,#3123,.T.);
#3284 = ADVANCED_FACE('',(#3285),#3268,.T.);
#3285 = FACE_BOUND('',#3286,.T.);
#3286 = EDGE_LOOP('',(#3287,#3310,#3332));
#3287 = ORIENTED_EDGE('',*,*,#3288,.T.);
#3288 = EDGE_CURVE('',#3158,#3289,#3291,.T.);
#3289 = VERTEX_POINT('',#3290);
#3290 = CARTESIAN_POINT('',(-1.5,-2.1,11.479));
#3291 = SURFACE_CURVE('',#3292,(#3297,#3303),.PCURVE_S1.);
#3292 = CIRCLE('',#3293,0.4);
#3293 = AXIS2_PLACEMENT_3D('',#3294,#3295,#3296);
#3294 = CARTESIAN_POINT('',(-1.5,-2.1,11.079));
#3295 = DIRECTION('',(0.,-1.,0.));
#3296 = DIRECTION('',(1.,0.,0.));
#3297 = PCURVE('',#3268,#3298);
#3298 = DEFINITIONAL_REPRESENTATION('',(#3299),#3302);
#3299 = B_SPLINE_CURVE_WITH_KNOTS('',1,(#3300,#3301),.UNSPECIFIED.,.F.,
  .F.,(2,2),(0.,1.570796326795),.PIECEWISE_BEZIER_KNOTS.);
#3300 = CARTESIAN_POINT('',(6.28318530718,0.));
#3301 = CARTESIAN_POINT('',(6.28318530718,1.570796326795));
#3302 = ( GEOMETRIC_REPRESENTATION_CONTEXT(2) 
PARAMETRIC_REPRESENTATION_CONTEXT() REPRESENTATION_CONTEXT('2D SPACE',''
  ) );
#3303 = PCURVE('',#3202,#3304);
#3304 = DEFINITIONAL_REPRESENTATION('',(#3305),#3309);
#3305 = LINE('',#3306,#3307);
#3306 = CARTESIAN_POINT('',(-0.,-10.14));
#3307 = VECTOR('',#3308,1.);
#3308 = DIRECTION('',(-1.,0.));
#3309 = ( GEOMETRIC_REPRESENTATION_CONTEXT(2) 
PARAMETRIC_REPRESENTATION_CONTEXT() REPRESENTATION_CONTEXT('2D SPACE',''
  ) );
#3310 = ORIENTED_EDGE('',*,*,#3311,.T.);
#3311 = EDGE_CURVE('',#3289,#3220,#3312,.T.);
#3312 = SURFACE_CURVE('',#3313,(#3318,#3325),.PCURVE_S1.);
#3313 = CIRCLE('',#3314,0.4);
#3314 = AXIS2_PLACEMENT_3D('',#3315,#3316,#3317);
#3315 = CARTESIAN_POINT('',(-1.5,-2.1,11.079));
#3316 = DIRECTION('',(0.,-1.,0.));
#3317 = DIRECTION('',(1.,0.,0.));
#3318 = PCURVE('',#3268,#3319);
#3319 = DEFINITIONAL_REPRESENTATION('',(#3320),#3324);
#3320 = LINE('',#3321,#3322);
#3321 = CARTESIAN_POINT('',(3.14159265359,3.14159265359));
#3322 = VECTOR('',#3323,1.);
#3323 = DIRECTION('',(0.,-1.));
#3324 = ( GEOMETRIC_REPRESENTATION_CONTEXT(2) 
PARAMETRIC_REPRESENTATION_CONTEXT() REPRESENTATION_CONTEXT('2D SPACE',''
  ) );
#3325 = PCURVE('',#3202,#3326);
#3326 = DEFINITIONAL_REPRESENTATION('',(#3327),#3331);
#3327 = LINE('',#3328,#3329);
#3328 = CARTESIAN_POINT('',(-0.,-10.14));
#3329 = VECTOR('',#3330,1.);
#3330 = DIRECTION('',(-1.,0.));
#3331 = ( GEOMETRIC_REPRESENTATION_CONTEXT(2) 
PARAMETRIC_REPRESENTATION_CONTEXT() REPRESENTATION_CONTEXT('2D SPACE',''
  ) );
#3332 = ORIENTED_EDGE('',*,*,#3253,.T.);
#3333 = ADVANCED_FACE('',(#3334),#3202,.T.);
#3334 = FACE_BOUND('',#3335,.F.);
#3335 = EDGE_LOOP('',(#3336,#3359,#3386,#3387,#3388,#3389,#3390));
#3336 = ORIENTED_EDGE('',*,*,#3337,.F.);
#3337 = EDGE_CURVE('',#3338,#3158,#3340,.T.);
#3338 = VERTEX_POINT('',#3339);
#3339 = CARTESIAN_POINT('',(-1.1,8.04,11.079));
#3340 = SEAM_CURVE('',#3341,(#3345,#3352),.PCURVE_S1.);
#3341 = LINE('',#3342,#3343);
#3342 = CARTESIAN_POINT('',(-1.1,8.04,11.079));
#3343 = VECTOR('',#3344,1.);
#3344 = DIRECTION('',(0.,-1.,0.));
#3345 = PCURVE('',#3202,#3346);
#3346 = DEFINITIONAL_REPRESENTATION('',(#3347),#3351);
#3347 = LINE('',#3348,#3349);
#3348 = CARTESIAN_POINT('',(-6.28318530718,0.));
#3349 = VECTOR('',#3350,1.);
#3350 = DIRECTION('',(-0.,-1.));
#3351 = ( GEOMETRIC_REPRESENTATION_CONTEXT(2) 
PARAMETRIC_REPRESENTATION_CONTEXT() REPRESENTATION_CONTEXT('2D SPACE',''
  ) );
#3352 = PCURVE('',#3202,#3353);
#3353 = DEFINITIONAL_REPRESENTATION('',(#3354),#3358);
#3354 = LINE('',#3355,#3356);
#3355 = CARTESIAN_POINT('',(-0.,0.));
#3356 = VECTOR('',#3357,1.);
#3357 = DIRECTION('',(-0.,-1.));
#3358 = ( GEOMETRIC_REPRESENTATION_CONTEXT(2) 
PARAMETRIC_REPRESENTATION_CONTEXT() REPRESENTATION_CONTEXT('2D SPACE',''
  ) );
#3359 = ORIENTED_EDGE('',*,*,#3360,.F.);
#3360 = EDGE_CURVE('',#3338,#3338,#3361,.T.);
#3361 = SURFACE_CURVE('',#3362,(#3367,#3374),.PCURVE_S1.);
#3362 = CIRCLE('',#3363,0.4);
#3363 = AXIS2_PLACEMENT_3D('',#3364,#3365,#3366);
#3364 = CARTESIAN_POINT('',(-1.5,8.04,11.079));
#3365 = DIRECTION('',(0.,-1.,0.));
#3366 = DIRECTION('',(1.,0.,0.));
#3367 = PCURVE('',#3202,#3368);
#3368 = DEFINITIONAL_REPRESENTATION('',(#3369),#3373);
#3369 = LINE('',#3370,#3371);
#3370 = CARTESIAN_POINT('',(-0.,0.));
#3371 = VECTOR('',#3372,1.);
#3372 = DIRECTION('',(-1.,0.));
#3373 = ( GEOMETRIC_REPRESENTATION_CONTEXT(2) 
PARAMETRIC_REPRESENTATION_CONTEXT() REPRESENTATION_CONTEXT('2D SPACE',''
  ) );
#3374 = PCURVE('',#3375,#3380);
#3375 = PLANE('',#3376);
#3376 = AXIS2_PLACEMENT_3D('',#3377,#3378,#3379);
#3377 = CARTESIAN_POINT('',(-1.5,8.04,11.079));
#3378 = DIRECTION('',(-0.,-1.,-0.));
#3379 = DIRECTION('',(0.,0.,-1.));
#3380 = DEFINITIONAL_REPRESENTATION('',(#3381),#3385);
#3381 = CIRCLE('',#3382,0.4);
#3382 = AXIS2_PLACEMENT_2D('',#3383,#3384);
#3383 = CARTESIAN_POINT('',(1.7763568394E-15,2.22044604925E-16));
#3384 = DIRECTION('',(0.,1.));
#3385 = ( GEOMETRIC_REPRESENTATION_CONTEXT(2) 
PARAMETRIC_REPRESENTATION_CONTEXT() REPRESENTATION_CONTEXT('2D SPACE',''
  ) );
#3386 = ORIENTED_EDGE('',*,*,#3337,.T.);
#3387 = ORIENTED_EDGE('',*,*,#3288,.T.);
#3388 = ORIENTED_EDGE('',*,*,#3311,.T.);
#3389 = ORIENTED_EDGE('',*,*,#3219,.T.);
#3390 = ORIENTED_EDGE('',*,*,#3180,.T.);
#3391 = ADVANCED_FACE('',(#3392),#3375,.F.);
#3392 = FACE_BOUND('',#3393,.F.);
#3393 = EDGE_LOOP('',(#3394));
#3394 = ORIENTED_EDGE('',*,*,#3360,.T.);
#3395 = MANIFOLD_SOLID_BREP('',#3396);
#3396 = CLOSED_SHELL('',(#3397,#3558,#3562,#3611,#3669));
#3397 = ADVANCED_FACE('',(#3398),#3411,.T.);
#3398 = FACE_BOUND('',#3399,.F.);
#3399 = EDGE_LOOP('',(#3400,#3434,#3457,#3496,#3530,#3557));
#3400 = ORIENTED_EDGE('',*,*,#3401,.F.);
#3401 = EDGE_CURVE('',#3402,#3402,#3404,.T.);
#3402 = VERTEX_POINT('',#3403);
#3403 = CARTESIAN_POINT('',(-2.325,0.,-3.));
#3404 = SURFACE_CURVE('',#3405,(#3410,#3422),.PCURVE_S1.);
#3405 = CIRCLE('',#3406,0.4);
#3406 = AXIS2_PLACEMENT_3D('',#3407,#3408,#3409);
#3407 = CARTESIAN_POINT('',(-2.725,0.,-3.));
#3408 = DIRECTION('',(0.,0.,1.));
#3409 = DIRECTION('',(1.,0.,0.));
#3410 = PCURVE('',#3411,#3416);
#3411 = CYLINDRICAL_SURFACE('',#3412,0.4);
#3412 = AXIS2_PLACEMENT_3D('',#3413,#3414,#3415);
#3413 = CARTESIAN_POINT('',(-2.725,0.,-3.));
#3414 = DIRECTION('',(-0.,-0.,-1.));
#3415 = DIRECTION('',(1.,0.,0.));
#3416 = DEFINITIONAL_REPRESENTATION('',(#3417),#3421);
#3417 = LINE('',#3418,#3419);
#3418 = CARTESIAN_POINT('',(-0.,0.));
#3419 = VECTOR('',#3420,1.);
#3420 = DIRECTION('',(-1.,0.));
#3421 = ( GEOMETRIC_REPRESENTATION_CONTEXT(2) 
PARAMETRIC_REPRESENTATION_CONTEXT() REPRESENTATION_CONTEXT('2D SPACE',''
  ) );
#3422 = PCURVE('',#3423,#3428);
#3423 = PLANE('',#3424);
#3424 = AXIS2_PLACEMENT_3D('',#3425,#3426,#3427);
#3425 = CARTESIAN_POINT('',(-2.725,-2.974716444301E-18,-3.));
#3426 = DIRECTION('',(0.,0.,1.));
#3427 = DIRECTION('',(1.,0.,-0.));
#3428 = DEFINITIONAL_REPRESENTATION('',(#3429),#3433);
#3429 = CIRCLE('',#3430,0.4);
#3430 = AXIS2_PLACEMENT_2D('',#3431,#3432);
#3431 = CARTESIAN_POINT('',(0.,2.974716444301E-18));
#3432 = DIRECTION('',(1.,0.));
#3433 = ( GEOMETRIC_REPRESENTATION_CONTEXT(2) 
PARAMETRIC_REPRESENTATION_CONTEXT() REPRESENTATION_CONTEXT('2D SPACE',''
  ) );
#3434 = ORIENTED_EDGE('',*,*,#3435,.T.);
#3435 = EDGE_CURVE('',#3402,#3436,#3438,.T.);
#3436 = VERTEX_POINT('',#3437);
#3437 = CARTESIAN_POINT('',(-2.325,0.,8.5));
#3438 = SEAM_CURVE('',#3439,(#3443,#3450),.PCURVE_S1.);
#3439 = LINE('',#3440,#3441);
#3440 = CARTESIAN_POINT('',(-2.325,0.,-3.));
#3441 = VECTOR('',#3442,1.);
#3442 = DIRECTION('',(0.,0.,1.));
#3443 = PCURVE('',#3411,#3444);
#3444 = DEFINITIONAL_REPRESENTATION('',(#3445),#3449);
#3445 = LINE('',#3446,#3447);
#3446 = CARTESIAN_POINT('',(-6.28318530718,0.));
#3447 = VECTOR('',#3448,1.);
#3448 = DIRECTION('',(-0.,-1.));
#3449 = ( GEOMETRIC_REPRESENTATION_CONTEXT(2) 
PARAMETRIC_REPRESENTATION_CONTEXT() REPRESENTATION_CONTEXT('2D SPACE',''
  ) );
#3450 = PCURVE('',#3411,#3451);
#3451 = DEFINITIONAL_REPRESENTATION('',(#3452),#3456);
#3452 = LINE('',#3453,#3454);
#3453 = CARTESIAN_POINT('',(-0.,0.));
#3454 = VECTOR('',#3455,1.);
#3455 = DIRECTION('',(-0.,-1.));
#3456 = ( GEOMETRIC_REPRESENTATION_CONTEXT(2) 
PARAMETRIC_REPRESENTATION_CONTEXT() REPRESENTATION_CONTEXT('2D SPACE',''
  ) );
#3457 = ORIENTED_EDGE('',*,*,#3458,.F.);
#3458 = EDGE_CURVE('',#3459,#3436,#3461,.T.);
#3459 = VERTEX_POINT('',#3460);
#3460 = CARTESIAN_POINT('',(-2.725,0.4,8.1));
#3461 = SURFACE_CURVE('',#3462,(#3467,#3479),.PCURVE_S1.);
#3462 = ELLIPSE('',#3463,0.565685424949,0.4);
#3463 = AXIS2_PLACEMENT_3D('',#3464,#3465,#3466);
#3464 = CARTESIAN_POINT('',(-2.725,0.,8.5));
#3465 = DIRECTION('',(0.,-0.707106781187,-0.707106781187));
#3466 = DIRECTION('',(-0.,0.707106781187,-0.707106781187));
#3467 = PCURVE('',#3411,#3468);
#3468 = DEFINITIONAL_REPRESENTATION('',(#3469),#3478);
#3469 = B_SPLINE_CURVE_WITH_KNOTS('',7,(#3470,#3471,#3472,#3473,#3474,
    #3475,#3476,#3477),.UNSPECIFIED.,.F.,.F.,(8,8),(0.,1.570796313451),
  .PIECEWISE_BEZIER_KNOTS.);
#3470 = CARTESIAN_POINT('',(-1.570796326795,-11.1));
#3471 = CARTESIAN_POINT('',(-1.346396853445,-11.1));
#3472 = CARTESIAN_POINT('',(-1.121997380095,-11.12349946864));
#3473 = CARTESIAN_POINT('',(-0.897597906745,-11.17049499695));
#3474 = CARTESIAN_POINT('',(-0.673198433394,-11.2381012674));
#3475 = CARTESIAN_POINT('',(-0.448798960044,-11.32048078077));
#3476 = CARTESIAN_POINT('',(-0.224399486694,-11.41024020532));
#3477 = CARTESIAN_POINT('',(-1.334370753353E-08,-11.49999999466));
#3478 = ( GEOMETRIC_REPRESENTATION_CONTEXT(2) 
PARAMETRIC_REPRESENTATION_CONTEXT() REPRESENTATION_CONTEXT('2D SPACE',''
  ) );
#3479 = PCURVE('',#3480,#3485);
#3480 = CYLINDRICAL_SURFACE('',#3481,0.4);
#3481 = AXIS2_PLACEMENT_3D('',#3482,#3483,#3484);
#3482 = CARTESIAN_POINT('',(-2.725,8.04,8.5));
#3483 = DIRECTION('',(-0.,1.,-0.));
#3484 = DIRECTION('',(1.,0.,0.));
#3485 = DEFINITIONAL_REPRESENTATION('',(#3486),#3495);
#3486 = B_SPLINE_CURVE_WITH_KNOTS('',7,(#3487,#3488,#3489,#3490,#3491,
    #3492,#3493,#3494),.UNSPECIFIED.,.F.,.F.,(8,8),(0.,1.570796313451),
  .PIECEWISE_BEZIER_KNOTS.);
#3487 = CARTESIAN_POINT('',(-4.712388980385,-7.64));
#3488 = CARTESIAN_POINT('',(-4.936788453735,-7.64));
#3489 = CARTESIAN_POINT('',(-5.161187927085,-7.663499468643));
#3490 = CARTESIAN_POINT('',(-5.385587400435,-7.71049499696));
#3491 = CARTESIAN_POINT('',(-5.609986873786,-7.778101267394));
#3492 = CARTESIAN_POINT('',(-5.834386347135,-7.860480780775));
#3493 = CARTESIAN_POINT('',(-6.058785820486,-7.950240205322));
#3494 = CARTESIAN_POINT('',(-6.283185293836,-8.039999994663));
#3495 = ( GEOMETRIC_REPRESENTATION_CONTEXT(2) 
PARAMETRIC_REPRESENTATION_CONTEXT() REPRESENTATION_CONTEXT('2D SPACE',''
  ) );
#3496 = ORIENTED_EDGE('',*,*,#3497,.F.);
#3497 = EDGE_CURVE('',#3498,#3459,#3500,.T.);
#3498 = VERTEX_POINT('',#3499);
#3499 = CARTESIAN_POINT('',(-3.125,-1.89825252456E-14,8.5));
#3500 = SURFACE_CURVE('',#3501,(#3506,#3518),.PCURVE_S1.);
#3501 = ELLIPSE('',#3502,0.565685424949,0.4);
#3502 = AXIS2_PLACEMENT_3D('',#3503,#3504,#3505);
#3503 = CARTESIAN_POINT('',(-2.725,0.,8.5));
#3504 = DIRECTION('',(0.,-0.707106781187,-0.707106781187));
#3505 = DIRECTION('',(-0.,0.707106781187,-0.707106781187));
#3506 = PCURVE('',#3411,#3507);
#3507 = DEFINITIONAL_REPRESENTATION('',(#3508),#3517);
#3508 = B_SPLINE_CURVE_WITH_KNOTS('',7,(#3509,#3510,#3511,#3512,#3513,
    #3514,#3515,#3516),.UNSPECIFIED.,.F.,.F.,(8,8),(4.712388993728,
    6.28318530718),.PIECEWISE_BEZIER_KNOTS.);
#3509 = CARTESIAN_POINT('',(-3.141592640246,-11.49999999466));
#3510 = CARTESIAN_POINT('',(-2.917193166896,-11.41024020532));
#3511 = CARTESIAN_POINT('',(-2.692793693546,-11.32048078077));
#3512 = CARTESIAN_POINT('',(-2.468394220195,-11.23810126739));
#3513 = CARTESIAN_POINT('',(-2.243994746846,-11.17049499695));
#3514 = CARTESIAN_POINT('',(-2.019595273495,-11.12349946864));
#3515 = CARTESIAN_POINT('',(-1.795195800145,-11.1));
#3516 = CARTESIAN_POINT('',(-1.570796326795,-11.1));
#3517 = ( GEOMETRIC_REPRESENTATION_CONTEXT(2) 
PARAMETRIC_REPRESENTATION_CONTEXT() REPRESENTATION_CONTEXT('2D SPACE',''
  ) );
#3518 = PCURVE('',#3480,#3519);
#3519 = DEFINITIONAL_REPRESENTATION('',(#3520),#3529);
#3520 = B_SPLINE_CURVE_WITH_KNOTS('',7,(#3521,#3522,#3523,#3524,#3525,
    #3526,#3527,#3528),.UNSPECIFIED.,.F.,.F.,(8,8),(4.712388993728,
    6.28318530718),.PIECEWISE_BEZIER_KNOTS.);
#3521 = CARTESIAN_POINT('',(-3.141592666934,-8.039999994663));
#3522 = CARTESIAN_POINT('',(-3.365992140284,-7.950240205322));
#3523 = CARTESIAN_POINT('',(-3.590391613634,-7.860480780774));
#3524 = CARTESIAN_POINT('',(-3.814791086983,-7.778101267395));
#3525 = CARTESIAN_POINT('',(-4.039190560335,-7.710494996951));
#3526 = CARTESIAN_POINT('',(-4.263590033684,-7.663499468645));
#3527 = CARTESIAN_POINT('',(-4.487989507035,-7.64));
#3528 = CARTESIAN_POINT('',(-4.712388980385,-7.64));
#3529 = ( GEOMETRIC_REPRESENTATION_CONTEXT(2) 
PARAMETRIC_REPRESENTATION_CONTEXT() REPRESENTATION_CONTEXT('2D SPACE',''
  ) );
#3530 = ORIENTED_EDGE('',*,*,#3531,.T.);
#3531 = EDGE_CURVE('',#3498,#3436,#3532,.T.);
#3532 = SURFACE_CURVE('',#3533,(#3538,#3545),.PCURVE_S1.);
#3533 = CIRCLE('',#3534,0.4);
#3534 = AXIS2_PLACEMENT_3D('',#3535,#3536,#3537);
#3535 = CARTESIAN_POINT('',(-2.725,0.,8.5));
#3536 = DIRECTION('',(0.,0.,1.));
#3537 = DIRECTION('',(1.,0.,0.));
#3538 = PCURVE('',#3411,#3539);
#3539 = DEFINITIONAL_REPRESENTATION('',(#3540),#3544);
#3540 = LINE('',#3541,#3542);
#3541 = CARTESIAN_POINT('',(-0.,-11.5));
#3542 = VECTOR('',#3543,1.);
#3543 = DIRECTION('',(-1.,0.));
#3544 = ( GEOMETRIC_REPRESENTATION_CONTEXT(2) 
PARAMETRIC_REPRESENTATION_CONTEXT() REPRESENTATION_CONTEXT('2D SPACE',''
  ) );
#3545 = PCURVE('',#3546,#3551);
#3546 = SPHERICAL_SURFACE('',#3547,0.4);
#3547 = AXIS2_PLACEMENT_3D('',#3548,#3549,#3550);
#3548 = CARTESIAN_POINT('',(-2.725,0.,8.5));
#3549 = DIRECTION('',(0.,0.,1.));
#3550 = DIRECTION('',(1.,0.,0.));
#3551 = DEFINITIONAL_REPRESENTATION('',(#3552),#3556);
#3552 = LINE('',#3553,#3554);
#3553 = CARTESIAN_POINT('',(0.,0.));
#3554 = VECTOR('',#3555,1.);
#3555 = DIRECTION('',(1.,0.));
#3556 = ( GEOMETRIC_REPRESENTATION_CONTEXT(2) 
PARAMETRIC_REPRESENTATION_CONTEXT() REPRESENTATION_CONTEXT('2D SPACE',''
  ) );
#3557 = ORIENTED_EDGE('',*,*,#3435,.F.);
#3558 = ADVANCED_FACE('',(#3559),#3423,.F.);
#3559 = FACE_BOUND('',#3560,.F.);
#3560 = EDGE_LOOP('',(#3561));
#3561 = ORIENTED_EDGE('',*,*,#3401,.T.);
#3562 = ADVANCED_FACE('',(#3563),#3546,.T.);
#3563 = FACE_BOUND('',#3564,.T.);
#3564 = EDGE_LOOP('',(#3565,#3588,#3610));
#3565 = ORIENTED_EDGE('',*,*,#3566,.T.);
#3566 = EDGE_CURVE('',#3436,#3567,#3569,.T.);
#3567 = VERTEX_POINT('',#3568);
#3568 = CARTESIAN_POINT('',(-2.725,-5.999039130647E-33,8.9));
#3569 = SURFACE_CURVE('',#3570,(#3575,#3581),.PCURVE_S1.);
#3570 = CIRCLE('',#3571,0.4);
#3571 = AXIS2_PLACEMENT_3D('',#3572,#3573,#3574);
#3572 = CARTESIAN_POINT('',(-2.725,0.,8.5));
#3573 = DIRECTION('',(0.,-1.,0.));
#3574 = DIRECTION('',(1.,0.,0.));
#3575 = PCURVE('',#3546,#3576);
#3576 = DEFINITIONAL_REPRESENTATION('',(#3577),#3580);
#3577 = B_SPLINE_CURVE_WITH_KNOTS('',1,(#3578,#3579),.UNSPECIFIED.,.F.,
  .F.,(2,2),(0.,1.570796326795),.PIECEWISE_BEZIER_KNOTS.);
#3578 = CARTESIAN_POINT('',(6.28318530718,0.));
#3579 = CARTESIAN_POINT('',(6.28318530718,1.570796326795));
#3580 = ( GEOMETRIC_REPRESENTATION_CONTEXT(2) 
PARAMETRIC_REPRESENTATION_CONTEXT() REPRESENTATION_CONTEXT('2D SPACE',''
  ) );
#3581 = PCURVE('',#3480,#3582);
#3582 = DEFINITIONAL_REPRESENTATION('',(#3583),#3587);
#3583 = LINE('',#3584,#3585);
#3584 = CARTESIAN_POINT('',(-0.,-8.04));
#3585 = VECTOR('',#3586,1.);
#3586 = DIRECTION('',(-1.,0.));
#3587 = ( GEOMETRIC_REPRESENTATION_CONTEXT(2) 
PARAMETRIC_REPRESENTATION_CONTEXT() REPRESENTATION_CONTEXT('2D SPACE',''
  ) );
#3588 = ORIENTED_EDGE('',*,*,#3589,.T.);
#3589 = EDGE_CURVE('',#3567,#3498,#3590,.T.);
#3590 = SURFACE_CURVE('',#3591,(#3596,#3603),.PCURVE_S1.);
#3591 = CIRCLE('',#3592,0.4);
#3592 = AXIS2_PLACEMENT_3D('',#3593,#3594,#3595);
#3593 = CARTESIAN_POINT('',(-2.725,0.,8.5));
#3594 = DIRECTION('',(0.,-1.,0.));
#3595 = DIRECTION('',(1.,0.,0.));
#3596 = PCURVE('',#3546,#3597);
#3597 = DEFINITIONAL_REPRESENTATION('',(#3598),#3602);
#3598 = LINE('',#3599,#3600);
#3599 = CARTESIAN_POINT('',(3.14159265359,3.14159265359));
#3600 = VECTOR('',#3601,1.);
#3601 = DIRECTION('',(0.,-1.));
#3602 = ( GEOMETRIC_REPRESENTATION_CONTEXT(2) 
PARAMETRIC_REPRESENTATION_CONTEXT() REPRESENTATION_CONTEXT('2D SPACE',''
  ) );
#3603 = PCURVE('',#3480,#3604);
#3604 = DEFINITIONAL_REPRESENTATION('',(#3605),#3609);
#3605 = LINE('',#3606,#3607);
#3606 = CARTESIAN_POINT('',(-0.,-8.04));
#3607 = VECTOR('',#3608,1.);
#3608 = DIRECTION('',(-1.,0.));
#3609 = ( GEOMETRIC_REPRESENTATION_CONTEXT(2) 
PARAMETRIC_REPRESENTATION_CONTEXT() REPRESENTATION_CONTEXT('2D SPACE',''
  ) );
#3610 = ORIENTED_EDGE('',*,*,#3531,.T.);
#3611 = ADVANCED_FACE('',(#3612),#3480,.T.);
#3612 = FACE_BOUND('',#3613,.F.);
#3613 = EDGE_LOOP('',(#3614,#3637,#3664,#3665,#3666,#3667,#3668));
#3614 = ORIENTED_EDGE('',*,*,#3615,.F.);
#3615 = EDGE_CURVE('',#3616,#3436,#3618,.T.);
#3616 = VERTEX_POINT('',#3617);
#3617 = CARTESIAN_POINT('',(-2.325,8.04,8.5));
#3618 = SEAM_CURVE('',#3619,(#3623,#3630),.PCURVE_S1.);
#3619 = LINE('',#3620,#3621);
#3620 = CARTESIAN_POINT('',(-2.325,8.04,8.5));
#3621 = VECTOR('',#3622,1.);
#3622 = DIRECTION('',(0.,-1.,0.));
#3623 = PCURVE('',#3480,#3624);
#3624 = DEFINITIONAL_REPRESENTATION('',(#3625),#3629);
#3625 = LINE('',#3626,#3627);
#3626 = CARTESIAN_POINT('',(-6.28318530718,0.));
#3627 = VECTOR('',#3628,1.);
#3628 = DIRECTION('',(-0.,-1.));
#3629 = ( GEOMETRIC_REPRESENTATION_CONTEXT(2) 
PARAMETRIC_REPRESENTATION_CONTEXT() REPRESENTATION_CONTEXT('2D SPACE',''
  ) );
#3630 = PCURVE('',#3480,#3631);
#3631 = DEFINITIONAL_REPRESENTATION('',(#3632),#3636);
#3632 = LINE('',#3633,#3634);
#3633 = CARTESIAN_POINT('',(-0.,0.));
#3634 = VECTOR('',#3635,1.);
#3635 = DIRECTION('',(-0.,-1.));
#3636 = ( GEOMETRIC_REPRESENTATION_CONTEXT(2) 
PARAMETRIC_REPRESENTATION_CONTEXT() REPRESENTATION_CONTEXT('2D SPACE',''
  ) );
#3637 = ORIENTED_EDGE('',*,*,#3638,.F.);
#3638 = EDGE_CURVE('',#3616,#3616,#3639,.T.);
#3639 = SURFACE_CURVE('',#3640,(#3645,#3652),.PCURVE_S1.);
#3640 = CIRCLE('',#3641,0.4);
#3641 = AXIS2_PLACEMENT_3D('',#3642,#3643,#3644);
#3642 = CARTESIAN_POINT('',(-2.725,8.04,8.5));
#3643 = DIRECTION('',(0.,-1.,0.));
#3644 = DIRECTION('',(1.,0.,0.));
#3645 = PCURVE('',#3480,#3646);
#3646 = DEFINITIONAL_REPRESENTATION('',(#3647),#3651);
#3647 = LINE('',#3648,#3649);
#3648 = CARTESIAN_POINT('',(-0.,0.));
#3649 = VECTOR('',#3650,1.);
#3650 = DIRECTION('',(-1.,0.));
#3651 = ( GEOMETRIC_REPRESENTATION_CONTEXT(2) 
PARAMETRIC_REPRESENTATION_CONTEXT() REPRESENTATION_CONTEXT('2D SPACE',''
  ) );
#3652 = PCURVE('',#3653,#3658);
#3653 = PLANE('',#3654);
#3654 = AXIS2_PLACEMENT_3D('',#3655,#3656,#3657);
#3655 = CARTESIAN_POINT('',(-2.725,8.04,8.5));
#3656 = DIRECTION('',(-0.,-1.,-0.));
#3657 = DIRECTION('',(0.,0.,-1.));
#3658 = DEFINITIONAL_REPRESENTATION('',(#3659),#3663);
#3659 = CIRCLE('',#3660,0.4);
#3660 = AXIS2_PLACEMENT_2D('',#3661,#3662);
#3661 = CARTESIAN_POINT('',(0.,0.));
#3662 = DIRECTION('',(0.,1.));
#3663 = ( GEOMETRIC_REPRESENTATION_CONTEXT(2) 
PARAMETRIC_REPRESENTATION_CONTEXT() REPRESENTATION_CONTEXT('2D SPACE',''
  ) );
#3664 = ORIENTED_EDGE('',*,*,#3615,.T.);
#3665 = ORIENTED_EDGE('',*,*,#3566,.T.);
#3666 = ORIENTED_EDGE('',*,*,#3589,.T.);
#3667 = ORIENTED_EDGE('',*,*,#3497,.T.);
#3668 = ORIENTED_EDGE('',*,*,#3458,.T.);
#3669 = ADVANCED_FACE('',(#3670),#3653,.F.);
#3670 = FACE_BOUND('',#3671,.F.);
#3671 = EDGE_LOOP('',(#3672));
#3672 = ORIENTED_EDGE('',*,*,#3638,.T.);
#3673 = MANIFOLD_SOLID_BREP('',#3674);
#3674 = CLOSED_SHELL('',(#3675,#3836,#3840,#3889,#3947));
#3675 = ADVANCED_FACE('',(#3676),#3689,.T.);
#3676 = FACE_BOUND('',#3677,.F.);
#3677 = EDGE_LOOP('',(#3678,#3712,#3735,#3774,#3808,#3835));
#3678 = ORIENTED_EDGE('',*,*,#3679,.F.);
#3679 = EDGE_CURVE('',#3680,#3680,#3682,.T.);
#3680 = VERTEX_POINT('',#3681);
#3681 = CARTESIAN_POINT('',(-1.675,2.1,-3.));
#3682 = SURFACE_CURVE('',#3683,(#3688,#3700),.PCURVE_S1.);
#3683 = CIRCLE('',#3684,0.4);
#3684 = AXIS2_PLACEMENT_3D('',#3685,#3686,#3687);
#3685 = CARTESIAN_POINT('',(-2.075,2.1,-3.));
#3686 = DIRECTION('',(0.,0.,1.));
#3687 = DIRECTION('',(1.,0.,0.));
#3688 = PCURVE('',#3689,#3694);
#3689 = CYLINDRICAL_SURFACE('',#3690,0.4);
#3690 = AXIS2_PLACEMENT_3D('',#3691,#3692,#3693);
#3691 = CARTESIAN_POINT('',(-2.075,2.1,-3.));
#3692 = DIRECTION('',(-0.,-0.,-1.));
#3693 = DIRECTION('',(1.,0.,0.));
#3694 = DEFINITIONAL_REPRESENTATION('',(#3695),#3699);
#3695 = LINE('',#3696,#3697);
#3696 = CARTESIAN_POINT('',(-0.,0.));
#3697 = VECTOR('',#3698,1.);
#3698 = DIRECTION('',(-1.,0.));
#3699 = ( GEOMETRIC_REPRESENTATION_CONTEXT(2) 
PARAMETRIC_REPRESENTATION_CONTEXT() REPRESENTATION_CONTEXT('2D SPACE',''
  ) );
#3700 = PCURVE('',#3701,#3706);
#3701 = PLANE('',#3702);
#3702 = AXIS2_PLACEMENT_3D('',#3703,#3704,#3705);
#3703 = CARTESIAN_POINT('',(-2.075,2.1,-3.));
#3704 = DIRECTION('',(0.,0.,1.));
#3705 = DIRECTION('',(1.,0.,-0.));
#3706 = DEFINITIONAL_REPRESENTATION('',(#3707),#3711);
#3707 = CIRCLE('',#3708,0.4);
#3708 = AXIS2_PLACEMENT_2D('',#3709,#3710);
#3709 = CARTESIAN_POINT('',(0.,0.));
#3710 = DIRECTION('',(1.,0.));
#3711 = ( GEOMETRIC_REPRESENTATION_CONTEXT(2) 
PARAMETRIC_REPRESENTATION_CONTEXT() REPRESENTATION_CONTEXT('2D SPACE',''
  ) );
#3712 = ORIENTED_EDGE('',*,*,#3713,.T.);
#3713 = EDGE_CURVE('',#3680,#3714,#3716,.T.);
#3714 = VERTEX_POINT('',#3715);
#3715 = CARTESIAN_POINT('',(-1.675,2.1,5.917));
#3716 = SEAM_CURVE('',#3717,(#3721,#3728),.PCURVE_S1.);
#3717 = LINE('',#3718,#3719);
#3718 = CARTESIAN_POINT('',(-1.675,2.1,-3.));
#3719 = VECTOR('',#3720,1.);
#3720 = DIRECTION('',(0.,0.,1.));
#3721 = PCURVE('',#3689,#3722);
#3722 = DEFINITIONAL_REPRESENTATION('',(#3723),#3727);
#3723 = LINE('',#3724,#3725);
#3724 = CARTESIAN_POINT('',(-6.28318530718,0.));
#3725 = VECTOR('',#3726,1.);
#3726 = DIRECTION('',(-0.,-1.));
#3727 = ( GEOMETRIC_REPRESENTATION_CONTEXT(2) 
PARAMETRIC_REPRESENTATION_CONTEXT() REPRESENTATION_CONTEXT('2D SPACE',''
  ) );
#3728 = PCURVE('',#3689,#3729);
#3729 = DEFINITIONAL_REPRESENTATION('',(#3730),#3734);
#3730 = LINE('',#3731,#3732);
#3731 = CARTESIAN_POINT('',(-0.,0.));
#3732 = VECTOR('',#3733,1.);
#3733 = DIRECTION('',(-0.,-1.));
#3734 = ( GEOMETRIC_REPRESENTATION_CONTEXT(2) 
PARAMETRIC_REPRESENTATION_CONTEXT() REPRESENTATION_CONTEXT('2D SPACE',''
  ) );
#3735 = ORIENTED_EDGE('',*,*,#3736,.F.);
#3736 = EDGE_CURVE('',#3737,#3714,#3739,.T.);
#3737 = VERTEX_POINT('',#3738);
#3738 = CARTESIAN_POINT('',(-2.075,2.5,5.517));
#3739 = SURFACE_CURVE('',#3740,(#3745,#3757),.PCURVE_S1.);
#3740 = ELLIPSE('',#3741,0.565685424949,0.4);
#3741 = AXIS2_PLACEMENT_3D('',#3742,#3743,#3744);
#3742 = CARTESIAN_POINT('',(-2.075,2.1,5.917));
#3743 = DIRECTION('',(0.,-0.707106781187,-0.707106781187));
#3744 = DIRECTION('',(-0.,0.707106781187,-0.707106781187));
#3745 = PCURVE('',#3689,#3746);
#3746 = DEFINITIONAL_REPRESENTATION('',(#3747),#3756);
#3747 = B_SPLINE_CURVE_WITH_KNOTS('',7,(#3748,#3749,#3750,#3751,#3752,
    #3753,#3754,#3755),.UNSPECIFIED.,.F.,.F.,(8,8),(0.,1.570796326795),
  .PIECEWISE_BEZIER_KNOTS.);
#3748 = CARTESIAN_POINT('',(-1.570796326795,-8.517));
#3749 = CARTESIAN_POINT('',(-1.346396851538,-8.517));
#3750 = CARTESIAN_POINT('',(-1.121997376282,-8.540499469043));
#3751 = CARTESIAN_POINT('',(-0.897597901026,-8.587494998154));
#3752 = CARTESIAN_POINT('',(-0.673198425769,-8.655101269691));
#3753 = CARTESIAN_POINT('',(-0.448798950513,-8.737480784273));
#3754 = CARTESIAN_POINT('',(-0.224399475256,-8.827240209897));
#3755 = CARTESIAN_POINT('',(0.,-8.917));
#3756 = ( GEOMETRIC_REPRESENTATION_CONTEXT(2) 
PARAMETRIC_REPRESENTATION_CONTEXT() REPRESENTATION_CONTEXT('2D SPACE',''
  ) );
#3757 = PCURVE('',#3758,#3763);
#3758 = CYLINDRICAL_SURFACE('',#3759,0.4);
#3759 = AXIS2_PLACEMENT_3D('',#3760,#3761,#3762);
#3760 = CARTESIAN_POINT('',(-2.075,8.04,5.917));
#3761 = DIRECTION('',(-0.,1.,-0.));
#3762 = DIRECTION('',(1.,0.,0.));
#3763 = DEFINITIONAL_REPRESENTATION('',(#3764),#3773);
#3764 = B_SPLINE_CURVE_WITH_KNOTS('',7,(#3765,#3766,#3767,#3768,#3769,
    #3770,#3771,#3772),.UNSPECIFIED.,.F.,.F.,(8,8),(0.,1.570796326795),
  .PIECEWISE_BEZIER_KNOTS.);
#3765 = CARTESIAN_POINT('',(-4.712388980385,-5.54));
#3766 = CARTESIAN_POINT('',(-4.936788455641,-5.54));
#3767 = CARTESIAN_POINT('',(-5.161187930898,-5.563499469043));
#3768 = CARTESIAN_POINT('',(-5.385587406154,-5.610494998151));
#3769 = CARTESIAN_POINT('',(-5.60998688141,-5.678101269688));
#3770 = CARTESIAN_POINT('',(-5.834386356667,-5.760480784273));
#3771 = CARTESIAN_POINT('',(-6.058785831923,-5.850240209897));
#3772 = CARTESIAN_POINT('',(-6.28318530718,-5.94));
#3773 = ( GEOMETRIC_REPRESENTATION_CONTEXT(2) 
PARAMETRIC_REPRESENTATION_CONTEXT() REPRESENTATION_CONTEXT('2D SPACE',''
  ) );
#3774 = ORIENTED_EDGE('',*,*,#3775,.F.);
#3775 = EDGE_CURVE('',#3776,#3737,#3778,.T.);
#3776 = VERTEX_POINT('',#3777);
#3777 = CARTESIAN_POINT('',(-2.475,2.1,5.917));
#3778 = SURFACE_CURVE('',#3779,(#3784,#3796),.PCURVE_S1.);
#3779 = ELLIPSE('',#3780,0.565685424949,0.4);
#3780 = AXIS2_PLACEMENT_3D('',#3781,#3782,#3783);
#3781 = CARTESIAN_POINT('',(-2.075,2.1,5.917));
#3782 = DIRECTION('',(0.,-0.707106781187,-0.707106781187));
#3783 = DIRECTION('',(-0.,0.707106781187,-0.707106781187));
#3784 = PCURVE('',#3689,#3785);
#3785 = DEFINITIONAL_REPRESENTATION('',(#3786),#3795);
#3786 = B_SPLINE_CURVE_WITH_KNOTS('',7,(#3787,#3788,#3789,#3790,#3791,
    #3792,#3793,#3794),.UNSPECIFIED.,.F.,.F.,(8,8),(4.712388979043,
    6.28318530718),.PIECEWISE_BEZIER_KNOTS.);
#3787 = CARTESIAN_POINT('',(-3.141592654932,-8.917000000537));
#3788 = CARTESIAN_POINT('',(-2.917193179483,-8.827240210357));
#3789 = CARTESIAN_POINT('',(-2.692793704035,-8.737480784623));
#3790 = CARTESIAN_POINT('',(-2.468394228588,-8.655101269926));
#3791 = CARTESIAN_POINT('',(-2.243994753138,-8.587494998273));
#3792 = CARTESIAN_POINT('',(-2.019595277691,-8.540499469085));
#3793 = CARTESIAN_POINT('',(-1.795195802243,-8.517));
#3794 = CARTESIAN_POINT('',(-1.570796326795,-8.517));
#3795 = ( GEOMETRIC_REPRESENTATION_CONTEXT(2) 
PARAMETRIC_REPRESENTATION_CONTEXT() REPRESENTATION_CONTEXT('2D SPACE',''
  ) );
#3796 = PCURVE('',#3758,#3797);
#3797 = DEFINITIONAL_REPRESENTATION('',(#3798),#3807);
#3798 = B_SPLINE_CURVE_WITH_KNOTS('',7,(#3799,#3800,#3801,#3802,#3803,
    #3804,#3805,#3806),.UNSPECIFIED.,.F.,.F.,(8,8),(4.712388979043,
    6.28318530718),.PIECEWISE_BEZIER_KNOTS.);
#3799 = CARTESIAN_POINT('',(-3.141592652248,-5.940000000537));
#3800 = CARTESIAN_POINT('',(-3.365992127696,-5.850240210357));
#3801 = CARTESIAN_POINT('',(-3.590391603144,-5.760480784623));
#3802 = CARTESIAN_POINT('',(-3.814791078591,-5.678101269922));
#3803 = CARTESIAN_POINT('',(-4.039190554041,-5.610494998269));
#3804 = CARTESIAN_POINT('',(-4.263590029489,-5.563499469085));
#3805 = CARTESIAN_POINT('',(-4.487989504937,-5.54));
#3806 = CARTESIAN_POINT('',(-4.712388980385,-5.54));
#3807 = ( GEOMETRIC_REPRESENTATION_CONTEXT(2) 
PARAMETRIC_REPRESENTATION_CONTEXT() REPRESENTATION_CONTEXT('2D SPACE',''
  ) );
#3808 = ORIENTED_EDGE('',*,*,#3809,.T.);
#3809 = EDGE_CURVE('',#3776,#3714,#3810,.T.);
#3810 = SURFACE_CURVE('',#3811,(#3816,#3823),.PCURVE_S1.);
#3811 = CIRCLE('',#3812,0.4);
#3812 = AXIS2_PLACEMENT_3D('',#3813,#3814,#3815);
#3813 = CARTESIAN_POINT('',(-2.075,2.1,5.917));
#3814 = DIRECTION('',(0.,0.,1.));
#3815 = DIRECTION('',(1.,0.,0.));
#3816 = PCURVE('',#3689,#3817);
#3817 = DEFINITIONAL_REPRESENTATION('',(#3818),#3822);
#3818 = LINE('',#3819,#3820);
#3819 = CARTESIAN_POINT('',(-0.,-8.917));
#3820 = VECTOR('',#3821,1.);
#3821 = DIRECTION('',(-1.,0.));
#3822 = ( GEOMETRIC_REPRESENTATION_CONTEXT(2) 
PARAMETRIC_REPRESENTATION_CONTEXT() REPRESENTATION_CONTEXT('2D SPACE',''
  ) );
#3823 = PCURVE('',#3824,#3829);
#3824 = SPHERICAL_SURFACE('',#3825,0.4);
#3825 = AXIS2_PLACEMENT_3D('',#3826,#3827,#3828);
#3826 = CARTESIAN_POINT('',(-2.075,2.1,5.917));
#3827 = DIRECTION('',(0.,0.,1.));
#3828 = DIRECTION('',(1.,0.,0.));
#3829 = DEFINITIONAL_REPRESENTATION('',(#3830),#3834);
#3830 = LINE('',#3831,#3832);
#3831 = CARTESIAN_POINT('',(0.,0.));
#3832 = VECTOR('',#3833,1.);
#3833 = DIRECTION('',(1.,0.));
#3834 = ( GEOMETRIC_REPRESENTATION_CONTEXT(2) 
PARAMETRIC_REPRESENTATION_CONTEXT() REPRESENTATION_CONTEXT('2D SPACE',''
  ) );
#3835 = ORIENTED_EDGE('',*,*,#3713,.F.);
#3836 = ADVANCED_FACE('',(#3837),#3701,.F.);
#3837 = FACE_BOUND('',#3838,.F.);
#3838 = EDGE_LOOP('',(#3839));
#3839 = ORIENTED_EDGE('',*,*,#3679,.T.);
#3840 = ADVANCED_FACE('',(#3841),#3824,.T.);
#3841 = FACE_BOUND('',#3842,.T.);
#3842 = EDGE_LOOP('',(#3843,#3866,#3888));
#3843 = ORIENTED_EDGE('',*,*,#3844,.T.);
#3844 = EDGE_CURVE('',#3714,#3845,#3847,.T.);
#3845 = VERTEX_POINT('',#3846);
#3846 = CARTESIAN_POINT('',(-2.075,2.1,6.317));
#3847 = SURFACE_CURVE('',#3848,(#3853,#3859),.PCURVE_S1.);
#3848 = CIRCLE('',#3849,0.4);
#3849 = AXIS2_PLACEMENT_3D('',#3850,#3851,#3852);
#3850 = CARTESIAN_POINT('',(-2.075,2.1,5.917));
#3851 = DIRECTION('',(0.,-1.,0.));
#3852 = DIRECTION('',(1.,0.,0.));
#3853 = PCURVE('',#3824,#3854);
#3854 = DEFINITIONAL_REPRESENTATION('',(#3855),#3858);
#3855 = B_SPLINE_CURVE_WITH_KNOTS('',1,(#3856,#3857),.UNSPECIFIED.,.F.,
  .F.,(2,2),(0.,1.570796326795),.PIECEWISE_BEZIER_KNOTS.);
#3856 = CARTESIAN_POINT('',(6.28318530718,-2.6645352591E-15));
#3857 = CARTESIAN_POINT('',(6.28318530718,1.570796326795));
#3858 = ( GEOMETRIC_REPRESENTATION_CONTEXT(2) 
PARAMETRIC_REPRESENTATION_CONTEXT() REPRESENTATION_CONTEXT('2D SPACE',''
  ) );
#3859 = PCURVE('',#3758,#3860);
#3860 = DEFINITIONAL_REPRESENTATION('',(#3861),#3865);
#3861 = LINE('',#3862,#3863);
#3862 = CARTESIAN_POINT('',(-0.,-5.94));
#3863 = VECTOR('',#3864,1.);
#3864 = DIRECTION('',(-1.,0.));
#3865 = ( GEOMETRIC_REPRESENTATION_CONTEXT(2) 
PARAMETRIC_REPRESENTATION_CONTEXT() REPRESENTATION_CONTEXT('2D SPACE',''
  ) );
#3866 = ORIENTED_EDGE('',*,*,#3867,.T.);
#3867 = EDGE_CURVE('',#3845,#3776,#3868,.T.);
#3868 = SURFACE_CURVE('',#3869,(#3874,#3881),.PCURVE_S1.);
#3869 = CIRCLE('',#3870,0.4);
#3870 = AXIS2_PLACEMENT_3D('',#3871,#3872,#3873);
#3871 = CARTESIAN_POINT('',(-2.075,2.1,5.917));
#3872 = DIRECTION('',(0.,-1.,0.));
#3873 = DIRECTION('',(1.,0.,0.));
#3874 = PCURVE('',#3824,#3875);
#3875 = DEFINITIONAL_REPRESENTATION('',(#3876),#3880);
#3876 = LINE('',#3877,#3878);
#3877 = CARTESIAN_POINT('',(3.14159265359,3.14159265359));
#3878 = VECTOR('',#3879,1.);
#3879 = DIRECTION('',(0.,-1.));
#3880 = ( GEOMETRIC_REPRESENTATION_CONTEXT(2) 
PARAMETRIC_REPRESENTATION_CONTEXT() REPRESENTATION_CONTEXT('2D SPACE',''
  ) );
#3881 = PCURVE('',#3758,#3882);
#3882 = DEFINITIONAL_REPRESENTATION('',(#3883),#3887);
#3883 = LINE('',#3884,#3885);
#3884 = CARTESIAN_POINT('',(-0.,-5.94));
#3885 = VECTOR('',#3886,1.);
#3886 = DIRECTION('',(-1.,0.));
#3887 = ( GEOMETRIC_REPRESENTATION_CONTEXT(2) 
PARAMETRIC_REPRESENTATION_CONTEXT() REPRESENTATION_CONTEXT('2D SPACE',''
  ) );
#3888 = ORIENTED_EDGE('',*,*,#3809,.T.);
#3889 = ADVANCED_FACE('',(#3890),#3758,.T.);
#3890 = FACE_BOUND('',#3891,.F.);
#3891 = EDGE_LOOP('',(#3892,#3915,#3942,#3943,#3944,#3945,#3946));
#3892 = ORIENTED_EDGE('',*,*,#3893,.F.);
#3893 = EDGE_CURVE('',#3894,#3714,#3896,.T.);
#3894 = VERTEX_POINT('',#3895);
#3895 = CARTESIAN_POINT('',(-1.675,8.04,5.917));
#3896 = SEAM_CURVE('',#3897,(#3901,#3908),.PCURVE_S1.);
#3897 = LINE('',#3898,#3899);
#3898 = CARTESIAN_POINT('',(-1.675,8.04,5.917));
#3899 = VECTOR('',#3900,1.);
#3900 = DIRECTION('',(0.,-1.,0.));
#3901 = PCURVE('',#3758,#3902);
#3902 = DEFINITIONAL_REPRESENTATION('',(#3903),#3907);
#3903 = LINE('',#3904,#3905);
#3904 = CARTESIAN_POINT('',(-6.28318530718,0.));
#3905 = VECTOR('',#3906,1.);
#3906 = DIRECTION('',(-0.,-1.));
#3907 = ( GEOMETRIC_REPRESENTATION_CONTEXT(2) 
PARAMETRIC_REPRESENTATION_CONTEXT() REPRESENTATION_CONTEXT('2D SPACE',''
  ) );
#3908 = PCURVE('',#3758,#3909);
#3909 = DEFINITIONAL_REPRESENTATION('',(#3910),#3914);
#3910 = LINE('',#3911,#3912);
#3911 = CARTESIAN_POINT('',(-0.,0.));
#3912 = VECTOR('',#3913,1.);
#3913 = DIRECTION('',(-0.,-1.));
#3914 = ( GEOMETRIC_REPRESENTATION_CONTEXT(2) 
PARAMETRIC_REPRESENTATION_CONTEXT() REPRESENTATION_CONTEXT('2D SPACE',''
  ) );
#3915 = ORIENTED_EDGE('',*,*,#3916,.F.);
#3916 = EDGE_CURVE('',#3894,#3894,#3917,.T.);
#3917 = SURFACE_CURVE('',#3918,(#3923,#3930),.PCURVE_S1.);
#3918 = CIRCLE('',#3919,0.4);
#3919 = AXIS2_PLACEMENT_3D('',#3920,#3921,#3922);
#3920 = CARTESIAN_POINT('',(-2.075,8.04,5.917));
#3921 = DIRECTION('',(0.,-1.,0.));
#3922 = DIRECTION('',(1.,0.,0.));
#3923 = PCURVE('',#3758,#3924);
#3924 = DEFINITIONAL_REPRESENTATION('',(#3925),#3929);
#3925 = LINE('',#3926,#3927);
#3926 = CARTESIAN_POINT('',(-0.,0.));
#3927 = VECTOR('',#3928,1.);
#3928 = DIRECTION('',(-1.,0.));
#3929 = ( GEOMETRIC_REPRESENTATION_CONTEXT(2) 
PARAMETRIC_REPRESENTATION_CONTEXT() REPRESENTATION_CONTEXT('2D SPACE',''
  ) );
#3930 = PCURVE('',#3931,#3936);
#3931 = PLANE('',#3932);
#3932 = AXIS2_PLACEMENT_3D('',#3933,#3934,#3935);
#3933 = CARTESIAN_POINT('',(-2.075,8.04,5.917));
#3934 = DIRECTION('',(-0.,-1.,-0.));
#3935 = DIRECTION('',(0.,0.,-1.));
#3936 = DEFINITIONAL_REPRESENTATION('',(#3937),#3941);
#3937 = CIRCLE('',#3938,0.4);
#3938 = AXIS2_PLACEMENT_2D('',#3939,#3940);
#3939 = CARTESIAN_POINT('',(8.881784197001E-16,0.));
#3940 = DIRECTION('',(0.,1.));
#3941 = ( GEOMETRIC_REPRESENTATION_CONTEXT(2) 
PARAMETRIC_REPRESENTATION_CONTEXT() REPRESENTATION_CONTEXT('2D SPACE',''
  ) );
#3942 = ORIENTED_EDGE('',*,*,#3893,.T.);
#3943 = ORIENTED_EDGE('',*,*,#3844,.T.);
#3944 = ORIENTED_EDGE('',*,*,#3867,.T.);
#3945 = ORIENTED_EDGE('',*,*,#3775,.T.);
#3946 = ORIENTED_EDGE('',*,*,#3736,.T.);
#3947 = ADVANCED_FACE('',(#3948),#3931,.F.);
#3948 = FACE_BOUND('',#3949,.F.);
#3949 = EDGE_LOOP('',(#3950));
#3950 = ORIENTED_EDGE('',*,*,#3916,.T.);
#3951 = MANIFOLD_SOLID_BREP('',#3952);
#3952 = CLOSED_SHELL('',(#3953,#4114,#4118,#4167,#4225));
#3953 = ADVANCED_FACE('',(#3954),#3967,.T.);
#3954 = FACE_BOUND('',#3955,.F.);
#3955 = EDGE_LOOP('',(#3956,#3990,#4013,#4052,#4086,#4113));
#3956 = ORIENTED_EDGE('',*,*,#3957,.F.);
#3957 = EDGE_CURVE('',#3958,#3958,#3960,.T.);
#3958 = VERTEX_POINT('',#3959);
#3959 = CARTESIAN_POINT('',(0.4,2.1,-3.));
#3960 = SURFACE_CURVE('',#3961,(#3966,#3978),.PCURVE_S1.);
#3961 = CIRCLE('',#3962,0.4);
#3962 = AXIS2_PLACEMENT_3D('',#3963,#3964,#3965);
#3963 = CARTESIAN_POINT('',(0.,2.1,-3.));
#3964 = DIRECTION('',(0.,0.,1.));
#3965 = DIRECTION('',(1.,0.,0.));
#3966 = PCURVE('',#3967,#3972);
#3967 = CYLINDRICAL_SURFACE('',#3968,0.4);
#3968 = AXIS2_PLACEMENT_3D('',#3969,#3970,#3971);
#3969 = CARTESIAN_POINT('',(0.,2.1,-3.));
#3970 = DIRECTION('',(-0.,-0.,-1.));
#3971 = DIRECTION('',(1.,0.,0.));
#3972 = DEFINITIONAL_REPRESENTATION('',(#3973),#3977);
#3973 = LINE('',#3974,#3975);
#3974 = CARTESIAN_POINT('',(-0.,0.));
#3975 = VECTOR('',#3976,1.);
#3976 = DIRECTION('',(-1.,0.));
#3977 = ( GEOMETRIC_REPRESENTATION_CONTEXT(2) 
PARAMETRIC_REPRESENTATION_CONTEXT() REPRESENTATION_CONTEXT('2D SPACE',''
  ) );
#3978 = PCURVE('',#3979,#3984);
#3979 = PLANE('',#3980);
#3980 = AXIS2_PLACEMENT_3D('',#3981,#3982,#3983);
#3981 = CARTESIAN_POINT('',(-1.335390754433E-17,2.1,-3.));
#3982 = DIRECTION('',(0.,0.,1.));
#3983 = DIRECTION('',(1.,0.,-0.));
#3984 = DEFINITIONAL_REPRESENTATION('',(#3985),#3989);
#3985 = CIRCLE('',#3986,0.4);
#3986 = AXIS2_PLACEMENT_2D('',#3987,#3988);
#3987 = CARTESIAN_POINT('',(1.335390754433E-17,0.));
#3988 = DIRECTION('',(1.,0.));
#3989 = ( GEOMETRIC_REPRESENTATION_CONTEXT(2) 
PARAMETRIC_REPRESENTATION_CONTEXT() REPRESENTATION_CONTEXT('2D SPACE',''
  ) );
#3990 = ORIENTED_EDGE('',*,*,#3991,.T.);
#3991 = EDGE_CURVE('',#3958,#3992,#3994,.T.);
#3992 = VERTEX_POINT('',#3993);
#3993 = CARTESIAN_POINT('',(0.4,2.1,5.282));
#3994 = SEAM_CURVE('',#3995,(#3999,#4006),.PCURVE_S1.);
#3995 = LINE('',#3996,#3997);
#3996 = CARTESIAN_POINT('',(0.4,2.1,-3.));
#3997 = VECTOR('',#3998,1.);
#3998 = DIRECTION('',(0.,0.,1.));
#3999 = PCURVE('',#3967,#4000);
#4000 = DEFINITIONAL_REPRESENTATION('',(#4001),#4005);
#4001 = LINE('',#4002,#4003);
#4002 = CARTESIAN_POINT('',(-6.28318530718,0.));
#4003 = VECTOR('',#4004,1.);
#4004 = DIRECTION('',(-0.,-1.));
#4005 = ( GEOMETRIC_REPRESENTATION_CONTEXT(2) 
PARAMETRIC_REPRESENTATION_CONTEXT() REPRESENTATION_CONTEXT('2D SPACE',''
  ) );
#4006 = PCURVE('',#3967,#4007);
#4007 = DEFINITIONAL_REPRESENTATION('',(#4008),#4012);
#4008 = LINE('',#4009,#4010);
#4009 = CARTESIAN_POINT('',(-0.,0.));
#4010 = VECTOR('',#4011,1.);
#4011 = DIRECTION('',(-0.,-1.));
#4012 = ( GEOMETRIC_REPRESENTATION_CONTEXT(2) 
PARAMETRIC_REPRESENTATION_CONTEXT() REPRESENTATION_CONTEXT('2D SPACE',''
  ) );
#4013 = ORIENTED_EDGE('',*,*,#4014,.F.);
#4014 = EDGE_CURVE('',#4015,#3992,#4017,.T.);
#4015 = VERTEX_POINT('',#4016);
#4016 = CARTESIAN_POINT('',(-9.797174393179E-17,2.5,4.882));
#4017 = SURFACE_CURVE('',#4018,(#4023,#4035),.PCURVE_S1.);
#4018 = ELLIPSE('',#4019,0.565685424949,0.4);
#4019 = AXIS2_PLACEMENT_3D('',#4020,#4021,#4022);
#4020 = CARTESIAN_POINT('',(0.,2.1,5.282));
#4021 = DIRECTION('',(0.,-0.707106781187,-0.707106781187));
#4022 = DIRECTION('',(-0.,0.707106781187,-0.707106781187));
#4023 = PCURVE('',#3967,#4024);
#4024 = DEFINITIONAL_REPRESENTATION('',(#4025),#4034);
#4025 = B_SPLINE_CURVE_WITH_KNOTS('',7,(#4026,#4027,#4028,#4029,#4030,
    #4031,#4032,#4033),.UNSPECIFIED.,.F.,.F.,(8,8),(0.,1.570796326285),
  .PIECEWISE_BEZIER_KNOTS.);
#4026 = CARTESIAN_POINT('',(-1.570796326795,-7.882));
#4027 = CARTESIAN_POINT('',(-1.346396851611,-7.882));
#4028 = CARTESIAN_POINT('',(-1.121997376428,-7.90549946903));
#4029 = CARTESIAN_POINT('',(-0.897597901244,-7.9524949981));
#4030 = CARTESIAN_POINT('',(-0.673198426061,-8.020101269605));
#4031 = CARTESIAN_POINT('',(-0.448798950877,-8.102480784137));
#4032 = CARTESIAN_POINT('',(-0.224399475693,-8.192240209723));
#4033 = CARTESIAN_POINT('',(-5.096345567779E-10,-8.281999999796));
#4034 = ( GEOMETRIC_REPRESENTATION_CONTEXT(2) 
PARAMETRIC_REPRESENTATION_CONTEXT() REPRESENTATION_CONTEXT('2D SPACE',''
  ) );
#4035 = PCURVE('',#4036,#4041);
#4036 = CYLINDRICAL_SURFACE('',#4037,0.4);
#4037 = AXIS2_PLACEMENT_3D('',#4038,#4039,#4040);
#4038 = CARTESIAN_POINT('',(0.,8.04,5.282));
#4039 = DIRECTION('',(-0.,1.,-0.));
#4040 = DIRECTION('',(1.,0.,0.));
#4041 = DEFINITIONAL_REPRESENTATION('',(#4042),#4051);
#4042 = B_SPLINE_CURVE_WITH_KNOTS('',7,(#4043,#4044,#4045,#4046,#4047,
    #4048,#4049,#4050),.UNSPECIFIED.,.F.,.F.,(8,8),(0.,1.570796326285),
  .PIECEWISE_BEZIER_KNOTS.);
#4043 = CARTESIAN_POINT('',(-4.712388980385,-5.54));
#4044 = CARTESIAN_POINT('',(-4.936788455568,-5.54));
#4045 = CARTESIAN_POINT('',(-5.161187930752,-5.563499469029));
#4046 = CARTESIAN_POINT('',(-5.385587405936,-5.6104949981));
#4047 = CARTESIAN_POINT('',(-5.609986881118,-5.678101269605));
#4048 = CARTESIAN_POINT('',(-5.834386356303,-5.760480784138));
#4049 = CARTESIAN_POINT('',(-6.058785831486,-5.850240209723));
#4050 = CARTESIAN_POINT('',(-6.28318530667,-5.939999999796));
#4051 = ( GEOMETRIC_REPRESENTATION_CONTEXT(2) 
PARAMETRIC_REPRESENTATION_CONTEXT() REPRESENTATION_CONTEXT('2D SPACE',''
  ) );
#4052 = ORIENTED_EDGE('',*,*,#4053,.F.);
#4053 = EDGE_CURVE('',#4054,#4015,#4056,.T.);
#4054 = VERTEX_POINT('',#4055);
#4055 = CARTESIAN_POINT('',(-0.4,2.1,5.282));
#4056 = SURFACE_CURVE('',#4057,(#4062,#4074),.PCURVE_S1.);
#4057 = ELLIPSE('',#4058,0.565685424949,0.4);
#4058 = AXIS2_PLACEMENT_3D('',#4059,#4060,#4061);
#4059 = CARTESIAN_POINT('',(0.,2.1,5.282));
#4060 = DIRECTION('',(0.,-0.707106781187,-0.707106781187));
#4061 = DIRECTION('',(-0.,0.707106781187,-0.707106781187));
#4062 = PCURVE('',#3967,#4063);
#4063 = DEFINITIONAL_REPRESENTATION('',(#4064),#4073);
#4064 = B_SPLINE_CURVE_WITH_KNOTS('',7,(#4065,#4066,#4067,#4068,#4069,
    #4070,#4071,#4072),.UNSPECIFIED.,.F.,.F.,(8,8),(4.712388979043,
    6.28318530718),.PIECEWISE_BEZIER_KNOTS.);
#4065 = CARTESIAN_POINT('',(-3.141592654932,-8.282000000537));
#4066 = CARTESIAN_POINT('',(-2.917193179483,-8.192240210357));
#4067 = CARTESIAN_POINT('',(-2.692793704035,-8.102480784624));
#4068 = CARTESIAN_POINT('',(-2.468394228588,-8.020101269922));
#4069 = CARTESIAN_POINT('',(-2.243994753138,-7.952494998272));
#4070 = CARTESIAN_POINT('',(-2.019595277691,-7.905499469084));
#4071 = CARTESIAN_POINT('',(-1.795195802243,-7.882));
#4072 = CARTESIAN_POINT('',(-1.570796326795,-7.882));
#4073 = ( GEOMETRIC_REPRESENTATION_CONTEXT(2) 
PARAMETRIC_REPRESENTATION_CONTEXT() REPRESENTATION_CONTEXT('2D SPACE',''
  ) );
#4074 = PCURVE('',#4036,#4075);
#4075 = DEFINITIONAL_REPRESENTATION('',(#4076),#4085);
#4076 = B_SPLINE_CURVE_WITH_KNOTS('',7,(#4077,#4078,#4079,#4080,#4081,
    #4082,#4083,#4084),.UNSPECIFIED.,.F.,.F.,(8,8),(4.712388979043,
    6.28318530718),.PIECEWISE_BEZIER_KNOTS.);
#4077 = CARTESIAN_POINT('',(-3.141592652248,-5.940000000537));
#4078 = CARTESIAN_POINT('',(-3.365992127696,-5.850240210357));
#4079 = CARTESIAN_POINT('',(-3.590391603145,-5.760480784623));
#4080 = CARTESIAN_POINT('',(-3.814791078591,-5.678101269922));
#4081 = CARTESIAN_POINT('',(-4.039190554042,-5.610494998269));
#4082 = CARTESIAN_POINT('',(-4.263590029488,-5.563499469085));
#4083 = CARTESIAN_POINT('',(-4.487989504937,-5.54));
#4084 = CARTESIAN_POINT('',(-4.712388980385,-5.54));
#4085 = ( GEOMETRIC_REPRESENTATION_CONTEXT(2) 
PARAMETRIC_REPRESENTATION_CONTEXT() REPRESENTATION_CONTEXT('2D SPACE',''
  ) );
#4086 = ORIENTED_EDGE('',*,*,#4087,.T.);
#4087 = EDGE_CURVE('',#4054,#3992,#4088,.T.);
#4088 = SURFACE_CURVE('',#4089,(#4094,#4101),.PCURVE_S1.);
#4089 = CIRCLE('',#4090,0.4);
#4090 = AXIS2_PLACEMENT_3D('',#4091,#4092,#4093);
#4091 = CARTESIAN_POINT('',(0.,2.1,5.282));
#4092 = DIRECTION('',(0.,0.,1.));
#4093 = DIRECTION('',(1.,0.,0.));
#4094 = PCURVE('',#3967,#4095);
#4095 = DEFINITIONAL_REPRESENTATION('',(#4096),#4100);
#4096 = LINE('',#4097,#4098);
#4097 = CARTESIAN_POINT('',(-0.,-8.282));
#4098 = VECTOR('',#4099,1.);
#4099 = DIRECTION('',(-1.,0.));
#4100 = ( GEOMETRIC_REPRESENTATION_CONTEXT(2) 
PARAMETRIC_REPRESENTATION_CONTEXT() REPRESENTATION_CONTEXT('2D SPACE',''
  ) );
#4101 = PCURVE('',#4102,#4107);
#4102 = SPHERICAL_SURFACE('',#4103,0.4);
#4103 = AXIS2_PLACEMENT_3D('',#4104,#4105,#4106);
#4104 = CARTESIAN_POINT('',(0.,2.1,5.282));
#4105 = DIRECTION('',(0.,0.,1.));
#4106 = DIRECTION('',(1.,0.,0.));
#4107 = DEFINITIONAL_REPRESENTATION('',(#4108),#4112);
#4108 = LINE('',#4109,#4110);
#4109 = CARTESIAN_POINT('',(0.,0.));
#4110 = VECTOR('',#4111,1.);
#4111 = DIRECTION('',(1.,0.));
#4112 = ( GEOMETRIC_REPRESENTATION_CONTEXT(2) 
PARAMETRIC_REPRESENTATION_CONTEXT() REPRESENTATION_CONTEXT('2D SPACE',''
  ) );
#4113 = ORIENTED_EDGE('',*,*,#3991,.F.);
#4114 = ADVANCED_FACE('',(#4115),#3979,.F.);
#4115 = FACE_BOUND('',#4116,.F.);
#4116 = EDGE_LOOP('',(#4117));
#4117 = ORIENTED_EDGE('',*,*,#3957,.T.);
#4118 = ADVANCED_FACE('',(#4119),#4102,.T.);
#4119 = FACE_BOUND('',#4120,.T.);
#4120 = EDGE_LOOP('',(#4121,#4144,#4166));
#4121 = ORIENTED_EDGE('',*,*,#4122,.T.);
#4122 = EDGE_CURVE('',#3992,#4123,#4125,.T.);
#4123 = VERTEX_POINT('',#4124);
#4124 = CARTESIAN_POINT('',(2.449293598295E-17,2.1,5.682));
#4125 = SURFACE_CURVE('',#4126,(#4131,#4137),.PCURVE_S1.);
#4126 = CIRCLE('',#4127,0.4);
#4127 = AXIS2_PLACEMENT_3D('',#4128,#4129,#4130);
#4128 = CARTESIAN_POINT('',(0.,2.1,5.282));
#4129 = DIRECTION('',(0.,-1.,0.));
#4130 = DIRECTION('',(1.,0.,0.));
#4131 = PCURVE('',#4102,#4132);
#4132 = DEFINITIONAL_REPRESENTATION('',(#4133),#4136);
#4133 = B_SPLINE_CURVE_WITH_KNOTS('',1,(#4134,#4135),.UNSPECIFIED.,.F.,
  .F.,(2,2),(0.,1.570796326795),.PIECEWISE_BEZIER_KNOTS.);
#4134 = CARTESIAN_POINT('',(6.28318530718,0.));
#4135 = CARTESIAN_POINT('',(6.28318530718,1.570796326795));
#4136 = ( GEOMETRIC_REPRESENTATION_CONTEXT(2) 
PARAMETRIC_REPRESENTATION_CONTEXT() REPRESENTATION_CONTEXT('2D SPACE',''
  ) );
#4137 = PCURVE('',#4036,#4138);
#4138 = DEFINITIONAL_REPRESENTATION('',(#4139),#4143);
#4139 = LINE('',#4140,#4141);
#4140 = CARTESIAN_POINT('',(-0.,-5.94));
#4141 = VECTOR('',#4142,1.);
#4142 = DIRECTION('',(-1.,0.));
#4143 = ( GEOMETRIC_REPRESENTATION_CONTEXT(2) 
PARAMETRIC_REPRESENTATION_CONTEXT() REPRESENTATION_CONTEXT('2D SPACE',''
  ) );
#4144 = ORIENTED_EDGE('',*,*,#4145,.T.);
#4145 = EDGE_CURVE('',#4123,#4054,#4146,.T.);
#4146 = SURFACE_CURVE('',#4147,(#4152,#4159),.PCURVE_S1.);
#4147 = CIRCLE('',#4148,0.4);
#4148 = AXIS2_PLACEMENT_3D('',#4149,#4150,#4151);
#4149 = CARTESIAN_POINT('',(0.,2.1,5.282));
#4150 = DIRECTION('',(0.,-1.,0.));
#4151 = DIRECTION('',(1.,0.,0.));
#4152 = PCURVE('',#4102,#4153);
#4153 = DEFINITIONAL_REPRESENTATION('',(#4154),#4158);
#4154 = LINE('',#4155,#4156);
#4155 = CARTESIAN_POINT('',(3.14159265359,3.14159265359));
#4156 = VECTOR('',#4157,1.);
#4157 = DIRECTION('',(0.,-1.));
#4158 = ( GEOMETRIC_REPRESENTATION_CONTEXT(2) 
PARAMETRIC_REPRESENTATION_CONTEXT() REPRESENTATION_CONTEXT('2D SPACE',''
  ) );
#4159 = PCURVE('',#4036,#4160);
#4160 = DEFINITIONAL_REPRESENTATION('',(#4161),#4165);
#4161 = LINE('',#4162,#4163);
#4162 = CARTESIAN_POINT('',(-0.,-5.94));
#4163 = VECTOR('',#4164,1.);
#4164 = DIRECTION('',(-1.,0.));
#4165 = ( GEOMETRIC_REPRESENTATION_CONTEXT(2) 
PARAMETRIC_REPRESENTATION_CONTEXT() REPRESENTATION_CONTEXT('2D SPACE',''
  ) );
#4166 = ORIENTED_EDGE('',*,*,#4087,.T.);
#4167 = ADVANCED_FACE('',(#4168),#4036,.T.);
#4168 = FACE_BOUND('',#4169,.F.);
#4169 = EDGE_LOOP('',(#4170,#4193,#4220,#4221,#4222,#4223,#4224));
#4170 = ORIENTED_EDGE('',*,*,#4171,.F.);
#4171 = EDGE_CURVE('',#4172,#3992,#4174,.T.);
#4172 = VERTEX_POINT('',#4173);
#4173 = CARTESIAN_POINT('',(0.4,8.04,5.282));
#4174 = SEAM_CURVE('',#4175,(#4179,#4186),.PCURVE_S1.);
#4175 = LINE('',#4176,#4177);
#4176 = CARTESIAN_POINT('',(0.4,8.04,5.282));
#4177 = VECTOR('',#4178,1.);
#4178 = DIRECTION('',(0.,-1.,0.));
#4179 = PCURVE('',#4036,#4180);
#4180 = DEFINITIONAL_REPRESENTATION('',(#4181),#4185);
#4181 = LINE('',#4182,#4183);
#4182 = CARTESIAN_POINT('',(-6.28318530718,0.));
#4183 = VECTOR('',#4184,1.);
#4184 = DIRECTION('',(-0.,-1.));
#4185 = ( GEOMETRIC_REPRESENTATION_CONTEXT(2) 
PARAMETRIC_REPRESENTATION_CONTEXT() REPRESENTATION_CONTEXT('2D SPACE',''
  ) );
#4186 = PCURVE('',#4036,#4187);
#4187 = DEFINITIONAL_REPRESENTATION('',(#4188),#4192);
#4188 = LINE('',#4189,#4190);
#4189 = CARTESIAN_POINT('',(-0.,0.));
#4190 = VECTOR('',#4191,1.);
#4191 = DIRECTION('',(-0.,-1.));
#4192 = ( GEOMETRIC_REPRESENTATION_CONTEXT(2) 
PARAMETRIC_REPRESENTATION_CONTEXT() REPRESENTATION_CONTEXT('2D SPACE',''
  ) );
#4193 = ORIENTED_EDGE('',*,*,#4194,.F.);
#4194 = EDGE_CURVE('',#4172,#4172,#4195,.T.);
#4195 = SURFACE_CURVE('',#4196,(#4201,#4208),.PCURVE_S1.);
#4196 = CIRCLE('',#4197,0.4);
#4197 = AXIS2_PLACEMENT_3D('',#4198,#4199,#4200);
#4198 = CARTESIAN_POINT('',(0.,8.04,5.282));
#4199 = DIRECTION('',(0.,-1.,0.));
#4200 = DIRECTION('',(1.,0.,0.));
#4201 = PCURVE('',#4036,#4202);
#4202 = DEFINITIONAL_REPRESENTATION('',(#4203),#4207);
#4203 = LINE('',#4204,#4205);
#4204 = CARTESIAN_POINT('',(-0.,0.));
#4205 = VECTOR('',#4206,1.);
#4206 = DIRECTION('',(-1.,0.));
#4207 = ( GEOMETRIC_REPRESENTATION_CONTEXT(2) 
PARAMETRIC_REPRESENTATION_CONTEXT() REPRESENTATION_CONTEXT('2D SPACE',''
  ) );
#4208 = PCURVE('',#4209,#4214);
#4209 = PLANE('',#4210);
#4210 = AXIS2_PLACEMENT_3D('',#4211,#4212,#4213);
#4211 = CARTESIAN_POINT('',(-1.335390754433E-17,8.04,5.282));
#4212 = DIRECTION('',(-0.,-1.,-0.));
#4213 = DIRECTION('',(0.,0.,-1.));
#4214 = DEFINITIONAL_REPRESENTATION('',(#4215),#4219);
#4215 = CIRCLE('',#4216,0.4);
#4216 = AXIS2_PLACEMENT_2D('',#4217,#4218);
#4217 = CARTESIAN_POINT('',(0.,1.335390754433E-17));
#4218 = DIRECTION('',(0.,1.));
#4219 = ( GEOMETRIC_REPRESENTATION_CONTEXT(2) 
PARAMETRIC_REPRESENTATION_CONTEXT() REPRESENTATION_CONTEXT('2D SPACE',''
  ) );
#4220 = ORIENTED_EDGE('',*,*,#4171,.T.);
#4221 = ORIENTED_EDGE('',*,*,#4122,.T.);
#4222 = ORIENTED_EDGE('',*,*,#4145,.T.);
#4223 = ORIENTED_EDGE('',*,*,#4053,.T.);
#4224 = ORIENTED_EDGE('',*,*,#4014,.T.);
#4225 = ADVANCED_FACE('',(#4226),#4209,.F.);
#4226 = FACE_BOUND('',#4227,.F.);
#4227 = EDGE_LOOP('',(#4228));
#4228 = ORIENTED_EDGE('',*,*,#4194,.T.);
#4229 = MANIFOLD_SOLID_BREP('',#4230);
#4230 = CLOSED_SHELL('',(#4231,#4392,#4396,#4445,#4503));
#4231 = ADVANCED_FACE('',(#4232),#4245,.T.);
#4232 = FACE_BOUND('',#4233,.F.);
#4233 = EDGE_LOOP('',(#4234,#4268,#4291,#4330,#4364,#4391));
#4234 = ORIENTED_EDGE('',*,*,#4235,.F.);
#4235 = EDGE_CURVE('',#4236,#4236,#4238,.T.);
#4236 = VERTEX_POINT('',#4237);
#4237 = CARTESIAN_POINT('',(2.475,2.1,-3.));
#4238 = SURFACE_CURVE('',#4239,(#4244,#4256),.PCURVE_S1.);
#4239 = CIRCLE('',#4240,0.4);
#4240 = AXIS2_PLACEMENT_3D('',#4241,#4242,#4243);
#4241 = CARTESIAN_POINT('',(2.075,2.1,-3.));
#4242 = DIRECTION('',(0.,0.,1.));
#4243 = DIRECTION('',(1.,0.,0.));
#4244 = PCURVE('',#4245,#4250);
#4245 = CYLINDRICAL_SURFACE('',#4246,0.4);
#4246 = AXIS2_PLACEMENT_3D('',#4247,#4248,#4249);
#4247 = CARTESIAN_POINT('',(2.075,2.1,-3.));
#4248 = DIRECTION('',(-0.,-0.,-1.));
#4249 = DIRECTION('',(1.,0.,0.));
#4250 = DEFINITIONAL_REPRESENTATION('',(#4251),#4255);
#4251 = LINE('',#4252,#4253);
#4252 = CARTESIAN_POINT('',(-0.,0.));
#4253 = VECTOR('',#4254,1.);
#4254 = DIRECTION('',(-1.,0.));
#4255 = ( GEOMETRIC_REPRESENTATION_CONTEXT(2) 
PARAMETRIC_REPRESENTATION_CONTEXT() REPRESENTATION_CONTEXT('2D SPACE',''
  ) );
#4256 = PCURVE('',#4257,#4262);
#4257 = PLANE('',#4258);
#4258 = AXIS2_PLACEMENT_3D('',#4259,#4260,#4261);
#4259 = CARTESIAN_POINT('',(2.075,2.1,-3.));
#4260 = DIRECTION('',(0.,0.,1.));
#4261 = DIRECTION('',(1.,0.,-0.));
#4262 = DEFINITIONAL_REPRESENTATION('',(#4263),#4267);
#4263 = CIRCLE('',#4264,0.4);
#4264 = AXIS2_PLACEMENT_2D('',#4265,#4266);
#4265 = CARTESIAN_POINT('',(0.,0.));
#4266 = DIRECTION('',(1.,0.));
#4267 = ( GEOMETRIC_REPRESENTATION_CONTEXT(2) 
PARAMETRIC_REPRESENTATION_CONTEXT() REPRESENTATION_CONTEXT('2D SPACE',''
  ) );
#4268 = ORIENTED_EDGE('',*,*,#4269,.T.);
#4269 = EDGE_CURVE('',#4236,#4270,#4272,.T.);
#4270 = VERTEX_POINT('',#4271);
#4271 = CARTESIAN_POINT('',(2.475,2.1,7.068));
#4272 = SEAM_CURVE('',#4273,(#4277,#4284),.PCURVE_S1.);
#4273 = LINE('',#4274,#4275);
#4274 = CARTESIAN_POINT('',(2.475,2.1,-3.));
#4275 = VECTOR('',#4276,1.);
#4276 = DIRECTION('',(0.,0.,1.));
#4277 = PCURVE('',#4245,#4278);
#4278 = DEFINITIONAL_REPRESENTATION('',(#4279),#4283);
#4279 = LINE('',#4280,#4281);
#4280 = CARTESIAN_POINT('',(-6.28318530718,0.));
#4281 = VECTOR('',#4282,1.);
#4282 = DIRECTION('',(-0.,-1.));
#4283 = ( GEOMETRIC_REPRESENTATION_CONTEXT(2) 
PARAMETRIC_REPRESENTATION_CONTEXT() REPRESENTATION_CONTEXT('2D SPACE',''
  ) );
#4284 = PCURVE('',#4245,#4285);
#4285 = DEFINITIONAL_REPRESENTATION('',(#4286),#4290);
#4286 = LINE('',#4287,#4288);
#4287 = CARTESIAN_POINT('',(-0.,0.));
#4288 = VECTOR('',#4289,1.);
#4289 = DIRECTION('',(-0.,-1.));
#4290 = ( GEOMETRIC_REPRESENTATION_CONTEXT(2) 
PARAMETRIC_REPRESENTATION_CONTEXT() REPRESENTATION_CONTEXT('2D SPACE',''
  ) );
#4291 = ORIENTED_EDGE('',*,*,#4292,.F.);
#4292 = EDGE_CURVE('',#4293,#4270,#4295,.T.);
#4293 = VERTEX_POINT('',#4294);
#4294 = CARTESIAN_POINT('',(2.075,2.5,6.668));
#4295 = SURFACE_CURVE('',#4296,(#4301,#4313),.PCURVE_S1.);
#4296 = ELLIPSE('',#4297,0.565685424949,0.4);
#4297 = AXIS2_PLACEMENT_3D('',#4298,#4299,#4300);
#4298 = CARTESIAN_POINT('',(2.075,2.1,7.068));
#4299 = DIRECTION('',(0.,-0.707106781187,-0.707106781187));
#4300 = DIRECTION('',(-0.,0.707106781187,-0.707106781187));
#4301 = PCURVE('',#4245,#4302);
#4302 = DEFINITIONAL_REPRESENTATION('',(#4303),#4312);
#4303 = B_SPLINE_CURVE_WITH_KNOTS('',7,(#4304,#4305,#4306,#4307,#4308,
    #4309,#4310,#4311),.UNSPECIFIED.,.F.,.F.,(8,8),(0.,1.570796313451),
  .PIECEWISE_BEZIER_KNOTS.);
#4304 = CARTESIAN_POINT('',(-1.570796326795,-9.668));
#4305 = CARTESIAN_POINT('',(-1.346396853445,-9.668));
#4306 = CARTESIAN_POINT('',(-1.121997380095,-9.691499468644));
#4307 = CARTESIAN_POINT('',(-0.897597906744,-9.738494996951));
#4308 = CARTESIAN_POINT('',(-0.673198433395,-9.806101267394));
#4309 = CARTESIAN_POINT('',(-0.448798960044,-9.888480780774));
#4310 = CARTESIAN_POINT('',(-0.224399486694,-9.978240205322));
#4311 = CARTESIAN_POINT('',(-1.334370725026E-08,-10.06799999466));
#4312 = ( GEOMETRIC_REPRESENTATION_CONTEXT(2) 
PARAMETRIC_REPRESENTATION_CONTEXT() REPRESENTATION_CONTEXT('2D SPACE',''
  ) );
#4313 = PCURVE('',#4314,#4319);
#4314 = CYLINDRICAL_SURFACE('',#4315,0.4);
#4315 = AXIS2_PLACEMENT_3D('',#4316,#4317,#4318);
#4316 = CARTESIAN_POINT('',(2.075,8.04,7.068));
#4317 = DIRECTION('',(-0.,1.,-0.));
#4318 = DIRECTION('',(1.,0.,0.));
#4319 = DEFINITIONAL_REPRESENTATION('',(#4320),#4329);
#4320 = B_SPLINE_CURVE_WITH_KNOTS('',7,(#4321,#4322,#4323,#4324,#4325,
    #4326,#4327,#4328),.UNSPECIFIED.,.F.,.F.,(8,8),(0.,1.570796313451),
  .PIECEWISE_BEZIER_KNOTS.);
#4321 = CARTESIAN_POINT('',(-4.712388980385,-5.54));
#4322 = CARTESIAN_POINT('',(-4.936788453735,-5.54));
#4323 = CARTESIAN_POINT('',(-5.161187927085,-5.563499468644));
#4324 = CARTESIAN_POINT('',(-5.385587400436,-5.610494996954));
#4325 = CARTESIAN_POINT('',(-5.609986873787,-5.678101267393));
#4326 = CARTESIAN_POINT('',(-5.834386347135,-5.760480780774));
#4327 = CARTESIAN_POINT('',(-6.058785820486,-5.850240205322));
#4328 = CARTESIAN_POINT('',(-6.283185293836,-5.939999994663));
#4329 = ( GEOMETRIC_REPRESENTATION_CONTEXT(2) 
PARAMETRIC_REPRESENTATION_CONTEXT() REPRESENTATION_CONTEXT('2D SPACE',''
  ) );
#4330 = ORIENTED_EDGE('',*,*,#4331,.F.);
#4331 = EDGE_CURVE('',#4332,#4293,#4334,.T.);
#4332 = VERTEX_POINT('',#4333);
#4333 = CARTESIAN_POINT('',(1.675,2.1,7.068));
#4334 = SURFACE_CURVE('',#4335,(#4340,#4352),.PCURVE_S1.);
#4335 = ELLIPSE('',#4336,0.565685424949,0.4);
#4336 = AXIS2_PLACEMENT_3D('',#4337,#4338,#4339);
#4337 = CARTESIAN_POINT('',(2.075,2.1,7.068));
#4338 = DIRECTION('',(0.,-0.707106781187,-0.707106781187));
#4339 = DIRECTION('',(-0.,0.707106781187,-0.707106781187));
#4340 = PCURVE('',#4245,#4341);
#4341 = DEFINITIONAL_REPRESENTATION('',(#4342),#4351);
#4342 = B_SPLINE_CURVE_WITH_KNOTS('',7,(#4343,#4344,#4345,#4346,#4347,
    #4348,#4349,#4350),.UNSPECIFIED.,.F.,.F.,(8,8),(4.712388993728,
    6.28318530718),.PIECEWISE_BEZIER_KNOTS.);
#4343 = CARTESIAN_POINT('',(-3.141592640246,-10.06799999466));
#4344 = CARTESIAN_POINT('',(-2.917193166896,-9.978240205322));
#4345 = CARTESIAN_POINT('',(-2.692793693546,-9.888480780773));
#4346 = CARTESIAN_POINT('',(-2.468394220195,-9.806101267395));
#4347 = CARTESIAN_POINT('',(-2.243994746846,-9.738494996951));
#4348 = CARTESIAN_POINT('',(-2.019595273495,-9.691499468644));
#4349 = CARTESIAN_POINT('',(-1.795195800145,-9.668));
#4350 = CARTESIAN_POINT('',(-1.570796326795,-9.668));
#4351 = ( GEOMETRIC_REPRESENTATION_CONTEXT(2) 
PARAMETRIC_REPRESENTATION_CONTEXT() REPRESENTATION_CONTEXT('2D SPACE',''
  ) );
#4352 = PCURVE('',#4314,#4353);
#4353 = DEFINITIONAL_REPRESENTATION('',(#4354),#4363);
#4354 = B_SPLINE_CURVE_WITH_KNOTS('',7,(#4355,#4356,#4357,#4358,#4359,
    #4360,#4361,#4362),.UNSPECIFIED.,.F.,.F.,(8,8),(4.712388993728,
    6.28318530718),.PIECEWISE_BEZIER_KNOTS.);
#4355 = CARTESIAN_POINT('',(-3.141592666934,-5.939999994663));
#4356 = CARTESIAN_POINT('',(-3.365992140284,-5.850240205322));
#4357 = CARTESIAN_POINT('',(-3.590391613634,-5.760480780773));
#4358 = CARTESIAN_POINT('',(-3.814791086984,-5.678101267393));
#4359 = CARTESIAN_POINT('',(-4.039190560335,-5.610494996952));
#4360 = CARTESIAN_POINT('',(-4.263590033684,-5.563499468645));
#4361 = CARTESIAN_POINT('',(-4.487989507035,-5.54));
#4362 = CARTESIAN_POINT('',(-4.712388980385,-5.54));
#4363 = ( GEOMETRIC_REPRESENTATION_CONTEXT(2) 
PARAMETRIC_REPRESENTATION_CONTEXT() REPRESENTATION_CONTEXT('2D SPACE',''
  ) );
#4364 = ORIENTED_EDGE('',*,*,#4365,.T.);
#4365 = EDGE_CURVE('',#4332,#4270,#4366,.T.);
#4366 = SURFACE_CURVE('',#4367,(#4372,#4379),.PCURVE_S1.);
#4367 = CIRCLE('',#4368,0.4);
#4368 = AXIS2_PLACEMENT_3D('',#4369,#4370,#4371);
#4369 = CARTESIAN_POINT('',(2.075,2.1,7.068));
#4370 = DIRECTION('',(0.,0.,1.));
#4371 = DIRECTION('',(1.,0.,0.));
#4372 = PCURVE('',#4245,#4373);
#4373 = DEFINITIONAL_REPRESENTATION('',(#4374),#4378);
#4374 = LINE('',#4375,#4376);
#4375 = CARTESIAN_POINT('',(-0.,-10.068));
#4376 = VECTOR('',#4377,1.);
#4377 = DIRECTION('',(-1.,0.));
#4378 = ( GEOMETRIC_REPRESENTATION_CONTEXT(2) 
PARAMETRIC_REPRESENTATION_CONTEXT() REPRESENTATION_CONTEXT('2D SPACE',''
  ) );
#4379 = PCURVE('',#4380,#4385);
#4380 = SPHERICAL_SURFACE('',#4381,0.4);
#4381 = AXIS2_PLACEMENT_3D('',#4382,#4383,#4384);
#4382 = CARTESIAN_POINT('',(2.075,2.1,7.068));
#4383 = DIRECTION('',(0.,0.,1.));
#4384 = DIRECTION('',(1.,0.,0.));
#4385 = DEFINITIONAL_REPRESENTATION('',(#4386),#4390);
#4386 = LINE('',#4387,#4388);
#4387 = CARTESIAN_POINT('',(0.,0.));
#4388 = VECTOR('',#4389,1.);
#4389 = DIRECTION('',(1.,0.));
#4390 = ( GEOMETRIC_REPRESENTATION_CONTEXT(2) 
PARAMETRIC_REPRESENTATION_CONTEXT() REPRESENTATION_CONTEXT('2D SPACE',''
  ) );
#4391 = ORIENTED_EDGE('',*,*,#4269,.F.);
#4392 = ADVANCED_FACE('',(#4393),#4257,.F.);
#4393 = FACE_BOUND('',#4394,.F.);
#4394 = EDGE_LOOP('',(#4395));
#4395 = ORIENTED_EDGE('',*,*,#4235,.T.);
#4396 = ADVANCED_FACE('',(#4397),#4380,.T.);
#4397 = FACE_BOUND('',#4398,.T.);
#4398 = EDGE_LOOP('',(#4399,#4422,#4444));
#4399 = ORIENTED_EDGE('',*,*,#4400,.T.);
#4400 = EDGE_CURVE('',#4270,#4401,#4403,.T.);
#4401 = VERTEX_POINT('',#4402);
#4402 = CARTESIAN_POINT('',(2.075,2.1,7.468));
#4403 = SURFACE_CURVE('',#4404,(#4409,#4415),.PCURVE_S1.);
#4404 = CIRCLE('',#4405,0.4);
#4405 = AXIS2_PLACEMENT_3D('',#4406,#4407,#4408);
#4406 = CARTESIAN_POINT('',(2.075,2.1,7.068));
#4407 = DIRECTION('',(0.,-1.,0.));
#4408 = DIRECTION('',(1.,0.,0.));
#4409 = PCURVE('',#4380,#4410);
#4410 = DEFINITIONAL_REPRESENTATION('',(#4411),#4414);
#4411 = B_SPLINE_CURVE_WITH_KNOTS('',1,(#4412,#4413),.UNSPECIFIED.,.F.,
  .F.,(2,2),(0.,1.570796326795),.PIECEWISE_BEZIER_KNOTS.);
#4412 = CARTESIAN_POINT('',(6.28318530718,2.6645352591E-15));
#4413 = CARTESIAN_POINT('',(6.28318530718,1.570796326795));
#4414 = ( GEOMETRIC_REPRESENTATION_CONTEXT(2) 
PARAMETRIC_REPRESENTATION_CONTEXT() REPRESENTATION_CONTEXT('2D SPACE',''
  ) );
#4415 = PCURVE('',#4314,#4416);
#4416 = DEFINITIONAL_REPRESENTATION('',(#4417),#4421);
#4417 = LINE('',#4418,#4419);
#4418 = CARTESIAN_POINT('',(-0.,-5.94));
#4419 = VECTOR('',#4420,1.);
#4420 = DIRECTION('',(-1.,0.));
#4421 = ( GEOMETRIC_REPRESENTATION_CONTEXT(2) 
PARAMETRIC_REPRESENTATION_CONTEXT() REPRESENTATION_CONTEXT('2D SPACE',''
  ) );
#4422 = ORIENTED_EDGE('',*,*,#4423,.T.);
#4423 = EDGE_CURVE('',#4401,#4332,#4424,.T.);
#4424 = SURFACE_CURVE('',#4425,(#4430,#4437),.PCURVE_S1.);
#4425 = CIRCLE('',#4426,0.4);
#4426 = AXIS2_PLACEMENT_3D('',#4427,#4428,#4429);
#4427 = CARTESIAN_POINT('',(2.075,2.1,7.068));
#4428 = DIRECTION('',(0.,-1.,0.));
#4429 = DIRECTION('',(1.,0.,0.));
#4430 = PCURVE('',#4380,#4431);
#4431 = DEFINITIONAL_REPRESENTATION('',(#4432),#4436);
#4432 = LINE('',#4433,#4434);
#4433 = CARTESIAN_POINT('',(3.14159265359,3.14159265359));
#4434 = VECTOR('',#4435,1.);
#4435 = DIRECTION('',(0.,-1.));
#4436 = ( GEOMETRIC_REPRESENTATION_CONTEXT(2) 
PARAMETRIC_REPRESENTATION_CONTEXT() REPRESENTATION_CONTEXT('2D SPACE',''
  ) );
#4437 = PCURVE('',#4314,#4438);
#4438 = DEFINITIONAL_REPRESENTATION('',(#4439),#4443);
#4439 = LINE('',#4440,#4441);
#4440 = CARTESIAN_POINT('',(-0.,-5.94));
#4441 = VECTOR('',#4442,1.);
#4442 = DIRECTION('',(-1.,0.));
#4443 = ( GEOMETRIC_REPRESENTATION_CONTEXT(2) 
PARAMETRIC_REPRESENTATION_CONTEXT() REPRESENTATION_CONTEXT('2D SPACE',''
  ) );
#4444 = ORIENTED_EDGE('',*,*,#4365,.T.);
#4445 = ADVANCED_FACE('',(#4446),#4314,.T.);
#4446 = FACE_BOUND('',#4447,.F.);
#4447 = EDGE_LOOP('',(#4448,#4471,#4498,#4499,#4500,#4501,#4502));
#4448 = ORIENTED_EDGE('',*,*,#4449,.F.);
#4449 = EDGE_CURVE('',#4450,#4270,#4452,.T.);
#4450 = VERTEX_POINT('',#4451);
#4451 = CARTESIAN_POINT('',(2.475,8.04,7.068));
#4452 = SEAM_CURVE('',#4453,(#4457,#4464),.PCURVE_S1.);
#4453 = LINE('',#4454,#4455);
#4454 = CARTESIAN_POINT('',(2.475,8.04,7.068));
#4455 = VECTOR('',#4456,1.);
#4456 = DIRECTION('',(0.,-1.,0.));
#4457 = PCURVE('',#4314,#4458);
#4458 = DEFINITIONAL_REPRESENTATION('',(#4459),#4463);
#4459 = LINE('',#4460,#4461);
#4460 = CARTESIAN_POINT('',(-6.28318530718,0.));
#4461 = VECTOR('',#4462,1.);
#4462 = DIRECTION('',(-0.,-1.));
#4463 = ( GEOMETRIC_REPRESENTATION_CONTEXT(2) 
PARAMETRIC_REPRESENTATION_CONTEXT() REPRESENTATION_CONTEXT('2D SPACE',''
  ) );
#4464 = PCURVE('',#4314,#4465);
#4465 = DEFINITIONAL_REPRESENTATION('',(#4466),#4470);
#4466 = LINE('',#4467,#4468);
#4467 = CARTESIAN_POINT('',(-0.,0.));
#4468 = VECTOR('',#4469,1.);
#4469 = DIRECTION('',(-0.,-1.));
#4470 = ( GEOMETRIC_REPRESENTATION_CONTEXT(2) 
PARAMETRIC_REPRESENTATION_CONTEXT() REPRESENTATION_CONTEXT('2D SPACE',''
  ) );
#4471 = ORIENTED_EDGE('',*,*,#4472,.F.);
#4472 = EDGE_CURVE('',#4450,#4450,#4473,.T.);
#4473 = SURFACE_CURVE('',#4474,(#4479,#4486),.PCURVE_S1.);
#4474 = CIRCLE('',#4475,0.4);
#4475 = AXIS2_PLACEMENT_3D('',#4476,#4477,#4478);
#4476 = CARTESIAN_POINT('',(2.075,8.04,7.068));
#4477 = DIRECTION('',(0.,-1.,0.));
#4478 = DIRECTION('',(1.,0.,0.));
#4479 = PCURVE('',#4314,#4480);
#4480 = DEFINITIONAL_REPRESENTATION('',(#4481),#4485);
#4481 = LINE('',#4482,#4483);
#4482 = CARTESIAN_POINT('',(-0.,0.));
#4483 = VECTOR('',#4484,1.);
#4484 = DIRECTION('',(-1.,0.));
#4485 = ( GEOMETRIC_REPRESENTATION_CONTEXT(2) 
PARAMETRIC_REPRESENTATION_CONTEXT() REPRESENTATION_CONTEXT('2D SPACE',''
  ) );
#4486 = PCURVE('',#4487,#4492);
#4487 = PLANE('',#4488);
#4488 = AXIS2_PLACEMENT_3D('',#4489,#4490,#4491);
#4489 = CARTESIAN_POINT('',(2.075,8.04,7.068));
#4490 = DIRECTION('',(-0.,-1.,-0.));
#4491 = DIRECTION('',(0.,0.,-1.));
#4492 = DEFINITIONAL_REPRESENTATION('',(#4493),#4497);
#4493 = CIRCLE('',#4494,0.4);
#4494 = AXIS2_PLACEMENT_2D('',#4495,#4496);
#4495 = CARTESIAN_POINT('',(8.881784197001E-16,0.));
#4496 = DIRECTION('',(0.,1.));
#4497 = ( GEOMETRIC_REPRESENTATION_CONTEXT(2) 
PARAMETRIC_REPRESENTATION_CONTEXT() REPRESENTATION_CONTEXT('2D SPACE',''
  ) );
#4498 = ORIENTED_EDGE('',*,*,#4449,.T.);
#4499 = ORIENTED_EDGE('',*,*,#4400,.T.);
#4500 = ORIENTED_EDGE('',*,*,#4423,.T.);
#4501 = ORIENTED_EDGE('',*,*,#4331,.T.);
#4502 = ORIENTED_EDGE('',*,*,#4292,.T.);
#4503 = ADVANCED_FACE('',(#4504),#4487,.F.);
#4504 = FACE_BOUND('',#4505,.F.);
#4505 = EDGE_LOOP('',(#4506));
#4506 = ORIENTED_EDGE('',*,*,#4472,.T.);
#4507 = MANIFOLD_SOLID_BREP('',#4508);
#4508 = CLOSED_SHELL('',(#4509,#4670,#4674,#4723,#4781));
#4509 = ADVANCED_FACE('',(#4510),#4523,.T.);
#4510 = FACE_BOUND('',#4511,.F.);
#4511 = EDGE_LOOP('',(#4512,#4546,#4569,#4608,#4642,#4669));
#4512 = ORIENTED_EDGE('',*,*,#4513,.F.);
#4513 = EDGE_CURVE('',#4514,#4514,#4516,.T.);
#4514 = VERTEX_POINT('',#4515);
#4515 = CARTESIAN_POINT('',(3.125,0.,-3.));
#4516 = SURFACE_CURVE('',#4517,(#4522,#4534),.PCURVE_S1.);
#4517 = CIRCLE('',#4518,0.4);
#4518 = AXIS2_PLACEMENT_3D('',#4519,#4520,#4521);
#4519 = CARTESIAN_POINT('',(2.725,0.,-3.));
#4520 = DIRECTION('',(0.,0.,1.));
#4521 = DIRECTION('',(1.,0.,0.));
#4522 = PCURVE('',#4523,#4528);
#4523 = CYLINDRICAL_SURFACE('',#4524,0.4);
#4524 = AXIS2_PLACEMENT_3D('',#4525,#4526,#4527);
#4525 = CARTESIAN_POINT('',(2.725,0.,-3.));
#4526 = DIRECTION('',(-0.,-0.,-1.));
#4527 = DIRECTION('',(1.,0.,0.));
#4528 = DEFINITIONAL_REPRESENTATION('',(#4529),#4533);
#4529 = LINE('',#4530,#4531);
#4530 = CARTESIAN_POINT('',(-0.,0.));
#4531 = VECTOR('',#4532,1.);
#4532 = DIRECTION('',(-1.,0.));
#4533 = ( GEOMETRIC_REPRESENTATION_CONTEXT(2) 
PARAMETRIC_REPRESENTATION_CONTEXT() REPRESENTATION_CONTEXT('2D SPACE',''
  ) );
#4534 = PCURVE('',#4535,#4540);
#4535 = PLANE('',#4536);
#4536 = AXIS2_PLACEMENT_3D('',#4537,#4538,#4539);
#4537 = CARTESIAN_POINT('',(2.725,-2.974716444301E-18,-3.));
#4538 = DIRECTION('',(0.,0.,1.));
#4539 = DIRECTION('',(1.,0.,-0.));
#4540 = DEFINITIONAL_REPRESENTATION('',(#4541),#4545);
#4541 = CIRCLE('',#4542,0.4);
#4542 = AXIS2_PLACEMENT_2D('',#4543,#4544);
#4543 = CARTESIAN_POINT('',(-4.440892098501E-16,2.974716444301E-18));
#4544 = DIRECTION('',(1.,0.));
#4545 = ( GEOMETRIC_REPRESENTATION_CONTEXT(2) 
PARAMETRIC_REPRESENTATION_CONTEXT() REPRESENTATION_CONTEXT('2D SPACE',''
  ) );
#4546 = ORIENTED_EDGE('',*,*,#4547,.T.);
#4547 = EDGE_CURVE('',#4514,#4548,#4550,.T.);
#4548 = VERTEX_POINT('',#4549);
#4549 = CARTESIAN_POINT('',(3.125,0.,9.931));
#4550 = SEAM_CURVE('',#4551,(#4555,#4562),.PCURVE_S1.);
#4551 = LINE('',#4552,#4553);
#4552 = CARTESIAN_POINT('',(3.125,0.,-3.));
#4553 = VECTOR('',#4554,1.);
#4554 = DIRECTION('',(0.,0.,1.));
#4555 = PCURVE('',#4523,#4556);
#4556 = DEFINITIONAL_REPRESENTATION('',(#4557),#4561);
#4557 = LINE('',#4558,#4559);
#4558 = CARTESIAN_POINT('',(-6.28318530718,0.));
#4559 = VECTOR('',#4560,1.);
#4560 = DIRECTION('',(-0.,-1.));
#4561 = ( GEOMETRIC_REPRESENTATION_CONTEXT(2) 
PARAMETRIC_REPRESENTATION_CONTEXT() REPRESENTATION_CONTEXT('2D SPACE',''
  ) );
#4562 = PCURVE('',#4523,#4563);
#4563 = DEFINITIONAL_REPRESENTATION('',(#4564),#4568);
#4564 = LINE('',#4565,#4566);
#4565 = CARTESIAN_POINT('',(-0.,0.));
#4566 = VECTOR('',#4567,1.);
#4567 = DIRECTION('',(-0.,-1.));
#4568 = ( GEOMETRIC_REPRESENTATION_CONTEXT(2) 
PARAMETRIC_REPRESENTATION_CONTEXT() REPRESENTATION_CONTEXT('2D SPACE',''
  ) );
#4569 = ORIENTED_EDGE('',*,*,#4570,.F.);
#4570 = EDGE_CURVE('',#4571,#4548,#4573,.T.);
#4571 = VERTEX_POINT('',#4572);
#4572 = CARTESIAN_POINT('',(2.725,0.4,9.531));
#4573 = SURFACE_CURVE('',#4574,(#4579,#4591),.PCURVE_S1.);
#4574 = ELLIPSE('',#4575,0.565685424949,0.4);
#4575 = AXIS2_PLACEMENT_3D('',#4576,#4577,#4578);
#4576 = CARTESIAN_POINT('',(2.725,0.,9.931));
#4577 = DIRECTION('',(0.,-0.707106781187,-0.707106781187));
#4578 = DIRECTION('',(-0.,0.707106781187,-0.707106781187));
#4579 = PCURVE('',#4523,#4580);
#4580 = DEFINITIONAL_REPRESENTATION('',(#4581),#4590);
#4581 = B_SPLINE_CURVE_WITH_KNOTS('',7,(#4582,#4583,#4584,#4585,#4586,
    #4587,#4588,#4589),.UNSPECIFIED.,.F.,.F.,(8,8),(0.,1.570796313451),
  .PIECEWISE_BEZIER_KNOTS.);
#4582 = CARTESIAN_POINT('',(-1.570796326795,-12.531));
#4583 = CARTESIAN_POINT('',(-1.346396853445,-12.531));
#4584 = CARTESIAN_POINT('',(-1.121997380095,-12.55449946864));
#4585 = CARTESIAN_POINT('',(-0.897597906745,-12.60149499694));
#4586 = CARTESIAN_POINT('',(-0.673198433394,-12.66910126739));
#4587 = CARTESIAN_POINT('',(-0.448798960044,-12.75148078077));
#4588 = CARTESIAN_POINT('',(-0.224399486694,-12.84124020532));
#4589 = CARTESIAN_POINT('',(-1.334370753353E-08,-12.93099999466));
#4590 = ( GEOMETRIC_REPRESENTATION_CONTEXT(2) 
PARAMETRIC_REPRESENTATION_CONTEXT() REPRESENTATION_CONTEXT('2D SPACE',''
  ) );
#4591 = PCURVE('',#4592,#4597);
#4592 = CYLINDRICAL_SURFACE('',#4593,0.4);
#4593 = AXIS2_PLACEMENT_3D('',#4594,#4595,#4596);
#4594 = CARTESIAN_POINT('',(2.725,8.04,9.931));
#4595 = DIRECTION('',(-0.,1.,-0.));
#4596 = DIRECTION('',(1.,0.,0.));
#4597 = DEFINITIONAL_REPRESENTATION('',(#4598),#4607);
#4598 = B_SPLINE_CURVE_WITH_KNOTS('',7,(#4599,#4600,#4601,#4602,#4603,
    #4604,#4605,#4606),.UNSPECIFIED.,.F.,.F.,(8,8),(0.,1.570796313451),
  .PIECEWISE_BEZIER_KNOTS.);
#4599 = CARTESIAN_POINT('',(-4.712388980385,-7.64));
#4600 = CARTESIAN_POINT('',(-4.936788453735,-7.64));
#4601 = CARTESIAN_POINT('',(-5.161187927085,-7.663499468643));
#4602 = CARTESIAN_POINT('',(-5.385587400435,-7.71049499696));
#4603 = CARTESIAN_POINT('',(-5.609986873786,-7.778101267394));
#4604 = CARTESIAN_POINT('',(-5.834386347135,-7.860480780775));
#4605 = CARTESIAN_POINT('',(-6.058785820486,-7.950240205322));
#4606 = CARTESIAN_POINT('',(-6.283185293836,-8.039999994663));
#4607 = ( GEOMETRIC_REPRESENTATION_CONTEXT(2) 
PARAMETRIC_REPRESENTATION_CONTEXT() REPRESENTATION_CONTEXT('2D SPACE',''
  ) );
#4608 = ORIENTED_EDGE('',*,*,#4609,.F.);
#4609 = EDGE_CURVE('',#4610,#4571,#4612,.T.);
#4610 = VERTEX_POINT('',#4611);
#4611 = CARTESIAN_POINT('',(2.325,-1.89825252456E-14,9.931));
#4612 = SURFACE_CURVE('',#4613,(#4618,#4630),.PCURVE_S1.);
#4613 = ELLIPSE('',#4614,0.565685424949,0.4);
#4614 = AXIS2_PLACEMENT_3D('',#4615,#4616,#4617);
#4615 = CARTESIAN_POINT('',(2.725,0.,9.931));
#4616 = DIRECTION('',(0.,-0.707106781187,-0.707106781187));
#4617 = DIRECTION('',(-0.,0.707106781187,-0.707106781187));
#4618 = PCURVE('',#4523,#4619);
#4619 = DEFINITIONAL_REPRESENTATION('',(#4620),#4629);
#4620 = B_SPLINE_CURVE_WITH_KNOTS('',7,(#4621,#4622,#4623,#4624,#4625,
    #4626,#4627,#4628),.UNSPECIFIED.,.F.,.F.,(8,8),(4.712388993728,
    6.28318530718),.PIECEWISE_BEZIER_KNOTS.);
#4621 = CARTESIAN_POINT('',(-3.141592640246,-12.93099999466));
#4622 = CARTESIAN_POINT('',(-2.917193166896,-12.84124020532));
#4623 = CARTESIAN_POINT('',(-2.692793693546,-12.75148078077));
#4624 = CARTESIAN_POINT('',(-2.468394220195,-12.66910126739));
#4625 = CARTESIAN_POINT('',(-2.243994746846,-12.60149499695));
#4626 = CARTESIAN_POINT('',(-2.019595273495,-12.55449946864));
#4627 = CARTESIAN_POINT('',(-1.795195800145,-12.531));
#4628 = CARTESIAN_POINT('',(-1.570796326795,-12.531));
#4629 = ( GEOMETRIC_REPRESENTATION_CONTEXT(2) 
PARAMETRIC_REPRESENTATION_CONTEXT() REPRESENTATION_CONTEXT('2D SPACE',''
  ) );
#4630 = PCURVE('',#4592,#4631);
#4631 = DEFINITIONAL_REPRESENTATION('',(#4632),#4641);
#4632 = B_SPLINE_CURVE_WITH_KNOTS('',7,(#4633,#4634,#4635,#4636,#4637,
    #4638,#4639,#4640),.UNSPECIFIED.,.F.,.F.,(8,8),(4.712388993728,
    6.28318530718),.PIECEWISE_BEZIER_KNOTS.);
#4633 = CARTESIAN_POINT('',(-3.141592666934,-8.039999994663));
#4634 = CARTESIAN_POINT('',(-3.365992140284,-7.950240205322));
#4635 = CARTESIAN_POINT('',(-3.590391613634,-7.860480780774));
#4636 = CARTESIAN_POINT('',(-3.814791086983,-7.778101267395));
#4637 = CARTESIAN_POINT('',(-4.039190560335,-7.710494996951));
#4638 = CARTESIAN_POINT('',(-4.263590033684,-7.663499468645));
#4639 = CARTESIAN_POINT('',(-4.487989507035,-7.64));
#4640 = CARTESIAN_POINT('',(-4.712388980385,-7.64));
#4641 = ( GEOMETRIC_REPRESENTATION_CONTEXT(2) 
PARAMETRIC_REPRESENTATION_CONTEXT() REPRESENTATION_CONTEXT('2D SPACE',''
  ) );
#4642 = ORIENTED_EDGE('',*,*,#4643,.T.);
#4643 = EDGE_CURVE('',#4610,#4548,#4644,.T.);
#4644 = SURFACE_CURVE('',#4645,(#4650,#4657),.PCURVE_S1.);
#4645 = CIRCLE('',#4646,0.4);
#4646 = AXIS2_PLACEMENT_3D('',#4647,#4648,#4649);
#4647 = CARTESIAN_POINT('',(2.725,0.,9.931));
#4648 = DIRECTION('',(0.,0.,1.));
#4649 = DIRECTION('',(1.,0.,0.));
#4650 = PCURVE('',#4523,#4651);
#4651 = DEFINITIONAL_REPRESENTATION('',(#4652),#4656);
#4652 = LINE('',#4653,#4654);
#4653 = CARTESIAN_POINT('',(-0.,-12.931));
#4654 = VECTOR('',#4655,1.);
#4655 = DIRECTION('',(-1.,0.));
#4656 = ( GEOMETRIC_REPRESENTATION_CONTEXT(2) 
PARAMETRIC_REPRESENTATION_CONTEXT() REPRESENTATION_CONTEXT('2D SPACE',''
  ) );
#4657 = PCURVE('',#4658,#4663);
#4658 = SPHERICAL_SURFACE('',#4659,0.4);
#4659 = AXIS2_PLACEMENT_3D('',#4660,#4661,#4662);
#4660 = CARTESIAN_POINT('',(2.725,0.,9.931));
#4661 = DIRECTION('',(0.,0.,1.));
#4662 = DIRECTION('',(1.,0.,0.));
#4663 = DEFINITIONAL_REPRESENTATION('',(#4664),#4668);
#4664 = LINE('',#4665,#4666);
#4665 = CARTESIAN_POINT('',(0.,0.));
#4666 = VECTOR('',#4667,1.);
#4667 = DIRECTION('',(1.,0.));
#4668 = ( GEOMETRIC_REPRESENTATION_CONTEXT(2) 
PARAMETRIC_REPRESENTATION_CONTEXT() REPRESENTATION_CONTEXT('2D SPACE',''
  ) );
#4669 = ORIENTED_EDGE('',*,*,#4547,.F.);
#4670 = ADVANCED_FACE('',(#4671),#4535,.F.);
#4671 = FACE_BOUND('',#4672,.F.);
#4672 = EDGE_LOOP('',(#4673));
#4673 = ORIENTED_EDGE('',*,*,#4513,.T.);
#4674 = ADVANCED_FACE('',(#4675),#4658,.T.);
#4675 = FACE_BOUND('',#4676,.T.);
#4676 = EDGE_LOOP('',(#4677,#4700,#4722));
#4677 = ORIENTED_EDGE('',*,*,#4678,.T.);
#4678 = EDGE_CURVE('',#4548,#4679,#4681,.T.);
#4679 = VERTEX_POINT('',#4680);
#4680 = CARTESIAN_POINT('',(2.725,-5.999039130647E-33,10.331));
#4681 = SURFACE_CURVE('',#4682,(#4687,#4693),.PCURVE_S1.);
#4682 = CIRCLE('',#4683,0.4);
#4683 = AXIS2_PLACEMENT_3D('',#4684,#4685,#4686);
#4684 = CARTESIAN_POINT('',(2.725,0.,9.931));
#4685 = DIRECTION('',(0.,-1.,0.));
#4686 = DIRECTION('',(1.,0.,0.));
#4687 = PCURVE('',#4658,#4688);
#4688 = DEFINITIONAL_REPRESENTATION('',(#4689),#4692);
#4689 = B_SPLINE_CURVE_WITH_KNOTS('',1,(#4690,#4691),.UNSPECIFIED.,.F.,
  .F.,(2,2),(0.,1.570796326795),.PIECEWISE_BEZIER_KNOTS.);
#4690 = CARTESIAN_POINT('',(6.28318530718,0.));
#4691 = CARTESIAN_POINT('',(6.28318530718,1.570796326795));
#4692 = ( GEOMETRIC_REPRESENTATION_CONTEXT(2) 
PARAMETRIC_REPRESENTATION_CONTEXT() REPRESENTATION_CONTEXT('2D SPACE',''
  ) );
#4693 = PCURVE('',#4592,#4694);
#4694 = DEFINITIONAL_REPRESENTATION('',(#4695),#4699);
#4695 = LINE('',#4696,#4697);
#4696 = CARTESIAN_POINT('',(-0.,-8.04));
#4697 = VECTOR('',#4698,1.);
#4698 = DIRECTION('',(-1.,0.));
#4699 = ( GEOMETRIC_REPRESENTATION_CONTEXT(2) 
PARAMETRIC_REPRESENTATION_CONTEXT() REPRESENTATION_CONTEXT('2D SPACE',''
  ) );
#4700 = ORIENTED_EDGE('',*,*,#4701,.T.);
#4701 = EDGE_CURVE('',#4679,#4610,#4702,.T.);
#4702 = SURFACE_CURVE('',#4703,(#4708,#4715),.PCURVE_S1.);
#4703 = CIRCLE('',#4704,0.4);
#4704 = AXIS2_PLACEMENT_3D('',#4705,#4706,#4707);
#4705 = CARTESIAN_POINT('',(2.725,0.,9.931));
#4706 = DIRECTION('',(0.,-1.,0.));
#4707 = DIRECTION('',(1.,0.,0.));
#4708 = PCURVE('',#4658,#4709);
#4709 = DEFINITIONAL_REPRESENTATION('',(#4710),#4714);
#4710 = LINE('',#4711,#4712);
#4711 = CARTESIAN_POINT('',(3.14159265359,3.14159265359));
#4712 = VECTOR('',#4713,1.);
#4713 = DIRECTION('',(0.,-1.));
#4714 = ( GEOMETRIC_REPRESENTATION_CONTEXT(2) 
PARAMETRIC_REPRESENTATION_CONTEXT() REPRESENTATION_CONTEXT('2D SPACE',''
  ) );
#4715 = PCURVE('',#4592,#4716);
#4716 = DEFINITIONAL_REPRESENTATION('',(#4717),#4721);
#4717 = LINE('',#4718,#4719);
#4718 = CARTESIAN_POINT('',(-0.,-8.04));
#4719 = VECTOR('',#4720,1.);
#4720 = DIRECTION('',(-1.,0.));
#4721 = ( GEOMETRIC_REPRESENTATION_CONTEXT(2) 
PARAMETRIC_REPRESENTATION_CONTEXT() REPRESENTATION_CONTEXT('2D SPACE',''
  ) );
#4722 = ORIENTED_EDGE('',*,*,#4643,.T.);
#4723 = ADVANCED_FACE('',(#4724),#4592,.T.);
#4724 = FACE_BOUND('',#4725,.F.);
#4725 = EDGE_LOOP('',(#4726,#4749,#4776,#4777,#4778,#4779,#4780));
#4726 = ORIENTED_EDGE('',*,*,#4727,.F.);
#4727 = EDGE_CURVE('',#4728,#4548,#4730,.T.);
#4728 = VERTEX_POINT('',#4729);
#4729 = CARTESIAN_POINT('',(3.125,8.04,9.931));
#4730 = SEAM_CURVE('',#4731,(#4735,#4742),.PCURVE_S1.);
#4731 = LINE('',#4732,#4733);
#4732 = CARTESIAN_POINT('',(3.125,8.04,9.931));
#4733 = VECTOR('',#4734,1.);
#4734 = DIRECTION('',(0.,-1.,0.));
#4735 = PCURVE('',#4592,#4736);
#4736 = DEFINITIONAL_REPRESENTATION('',(#4737),#4741);
#4737 = LINE('',#4738,#4739);
#4738 = CARTESIAN_POINT('',(-6.28318530718,0.));
#4739 = VECTOR('',#4740,1.);
#4740 = DIRECTION('',(-0.,-1.));
#4741 = ( GEOMETRIC_REPRESENTATION_CONTEXT(2) 
PARAMETRIC_REPRESENTATION_CONTEXT() REPRESENTATION_CONTEXT('2D SPACE',''
  ) );
#4742 = PCURVE('',#4592,#4743);
#4743 = DEFINITIONAL_REPRESENTATION('',(#4744),#4748);
#4744 = LINE('',#4745,#4746);
#4745 = CARTESIAN_POINT('',(-0.,0.));
#4746 = VECTOR('',#4747,1.);
#4747 = DIRECTION('',(-0.,-1.));
#4748 = ( GEOMETRIC_REPRESENTATION_CONTEXT(2) 
PARAMETRIC_REPRESENTATION_CONTEXT() REPRESENTATION_CONTEXT('2D SPACE',''
  ) );
#4749 = ORIENTED_EDGE('',*,*,#4750,.F.);
#4750 = EDGE_CURVE('',#4728,#4728,#4751,.T.);
#4751 = SURFACE_CURVE('',#4752,(#4757,#4764),.PCURVE_S1.);
#4752 = CIRCLE('',#4753,0.4);
#4753 = AXIS2_PLACEMENT_3D('',#4754,#4755,#4756);
#4754 = CARTESIAN_POINT('',(2.725,8.04,9.931));
#4755 = DIRECTION('',(0.,-1.,0.));
#4756 = DIRECTION('',(1.,0.,0.));
#4757 = PCURVE('',#4592,#4758);
#4758 = DEFINITIONAL_REPRESENTATION('',(#4759),#4763);
#4759 = LINE('',#4760,#4761);
#4760 = CARTESIAN_POINT('',(-0.,0.));
#4761 = VECTOR('',#4762,1.);
#4762 = DIRECTION('',(-1.,0.));
#4763 = ( GEOMETRIC_REPRESENTATION_CONTEXT(2) 
PARAMETRIC_REPRESENTATION_CONTEXT() REPRESENTATION_CONTEXT('2D SPACE',''
  ) );
#4764 = PCURVE('',#4765,#4770);
#4765 = PLANE('',#4766);
#4766 = AXIS2_PLACEMENT_3D('',#4767,#4768,#4769);
#4767 = CARTESIAN_POINT('',(2.725,8.04,9.931));
#4768 = DIRECTION('',(-0.,-1.,-0.));
#4769 = DIRECTION('',(0.,0.,-1.));
#4770 = DEFINITIONAL_REPRESENTATION('',(#4771),#4775);
#4771 = CIRCLE('',#4772,0.4);
#4772 = AXIS2_PLACEMENT_2D('',#4773,#4774);
#4773 = CARTESIAN_POINT('',(0.,0.));
#4774 = DIRECTION('',(0.,1.));
#4775 = ( GEOMETRIC_REPRESENTATION_CONTEXT(2) 
PARAMETRIC_REPRESENTATION_CONTEXT() REPRESENTATION_CONTEXT('2D SPACE',''
  ) );
#4776 = ORIENTED_EDGE('',*,*,#4727,.T.);
#4777 = ORIENTED_EDGE('',*,*,#4678,.T.);
#4778 = ORIENTED_EDGE('',*,*,#4701,.T.);
#4779 = ORIENTED_EDGE('',*,*,#4609,.T.);
#4780 = ORIENTED_EDGE('',*,*,#4570,.T.);
#4781 = ADVANCED_FACE('',(#4782),#4765,.F.);
#4782 = FACE_BOUND('',#4783,.F.);
#4783 = EDGE_LOOP('',(#4784));
#4784 = ORIENTED_EDGE('',*,*,#4750,.T.);
#4785 = MANIFOLD_SOLID_BREP('',#4786);
#4786 = CLOSED_SHELL('',(#4787,#4948,#4952,#5001,#5059));
#4787 = ADVANCED_FACE('',(#4788),#4801,.T.);
#4788 = FACE_BOUND('',#4789,.F.);
#4789 = EDGE_LOOP('',(#4790,#4824,#4847,#4886,#4920,#4947));
#4790 = ORIENTED_EDGE('',*,*,#4791,.F.);
#4791 = EDGE_CURVE('',#4792,#4792,#4794,.T.);
#4792 = VERTEX_POINT('',#4793);
#4793 = CARTESIAN_POINT('',(0.4,0.,-3.));
#4794 = SURFACE_CURVE('',#4795,(#4800,#4812),.PCURVE_S1.);
#4795 = CIRCLE('',#4796,0.4);
#4796 = AXIS2_PLACEMENT_3D('',#4797,#4798,#4799);
#4797 = CARTESIAN_POINT('',(0.,0.,-3.));
#4798 = DIRECTION('',(0.,0.,1.));
#4799 = DIRECTION('',(1.,0.,0.));
#4800 = PCURVE('',#4801,#4806);
#4801 = CYLINDRICAL_SURFACE('',#4802,0.4);
#4802 = AXIS2_PLACEMENT_3D('',#4803,#4804,#4805);
#4803 = CARTESIAN_POINT('',(0.,0.,-3.));
#4804 = DIRECTION('',(-0.,-0.,-1.));
#4805 = DIRECTION('',(1.,0.,0.));
#4806 = DEFINITIONAL_REPRESENTATION('',(#4807),#4811);
#4807 = LINE('',#4808,#4809);
#4808 = CARTESIAN_POINT('',(-0.,0.));
#4809 = VECTOR('',#4810,1.);
#4810 = DIRECTION('',(-1.,0.));
#4811 = ( GEOMETRIC_REPRESENTATION_CONTEXT(2) 
PARAMETRIC_REPRESENTATION_CONTEXT() REPRESENTATION_CONTEXT('2D SPACE',''
  ) );
#4812 = PCURVE('',#4813,#4818);
#4813 = PLANE('',#4814);
#4814 = AXIS2_PLACEMENT_3D('',#4815,#4816,#4817);
#4815 = CARTESIAN_POINT('',(-1.335390754433E-17,2.373309864436E-17,-3.)
  );
#4816 = DIRECTION('',(0.,0.,1.));
#4817 = DIRECTION('',(1.,0.,-0.));
#4818 = DEFINITIONAL_REPRESENTATION('',(#4819),#4823);
#4819 = CIRCLE('',#4820,0.4);
#4820 = AXIS2_PLACEMENT_2D('',#4821,#4822);
#4821 = CARTESIAN_POINT('',(1.335390754433E-17,-2.373309864436E-17));
#4822 = DIRECTION('',(1.,0.));
#4823 = ( GEOMETRIC_REPRESENTATION_CONTEXT(2) 
PARAMETRIC_REPRESENTATION_CONTEXT() REPRESENTATION_CONTEXT('2D SPACE',''
  ) );
#4824 = ORIENTED_EDGE('',*,*,#4825,.T.);
#4825 = EDGE_CURVE('',#4792,#4826,#4828,.T.);
#4826 = VERTEX_POINT('',#4827);
#4827 = CARTESIAN_POINT('',(0.4,0.,8.5));
#4828 = SEAM_CURVE('',#4829,(#4833,#4840),.PCURVE_S1.);
#4829 = LINE('',#4830,#4831);
#4830 = CARTESIAN_POINT('',(0.4,0.,-3.));
#4831 = VECTOR('',#4832,1.);
#4832 = DIRECTION('',(0.,0.,1.));
#4833 = PCURVE('',#4801,#4834);
#4834 = DEFINITIONAL_REPRESENTATION('',(#4835),#4839);
#4835 = LINE('',#4836,#4837);
#4836 = CARTESIAN_POINT('',(-6.28318530718,0.));
#4837 = VECTOR('',#4838,1.);
#4838 = DIRECTION('',(-0.,-1.));
#4839 = ( GEOMETRIC_REPRESENTATION_CONTEXT(2) 
PARAMETRIC_REPRESENTATION_CONTEXT() REPRESENTATION_CONTEXT('2D SPACE',''
  ) );
#4840 = PCURVE('',#4801,#4841);
#4841 = DEFINITIONAL_REPRESENTATION('',(#4842),#4846);
#4842 = LINE('',#4843,#4844);
#4843 = CARTESIAN_POINT('',(-0.,0.));
#4844 = VECTOR('',#4845,1.);
#4845 = DIRECTION('',(-0.,-1.));
#4846 = ( GEOMETRIC_REPRESENTATION_CONTEXT(2) 
PARAMETRIC_REPRESENTATION_CONTEXT() REPRESENTATION_CONTEXT('2D SPACE',''
  ) );
#4847 = ORIENTED_EDGE('',*,*,#4848,.F.);
#4848 = EDGE_CURVE('',#4849,#4826,#4851,.T.);
#4849 = VERTEX_POINT('',#4850);
#4850 = CARTESIAN_POINT('',(-9.797174393179E-17,0.4,8.1));
#4851 = SURFACE_CURVE('',#4852,(#4857,#4869),.PCURVE_S1.);
#4852 = ELLIPSE('',#4853,0.565685424949,0.4);
#4853 = AXIS2_PLACEMENT_3D('',#4854,#4855,#4856);
#4854 = CARTESIAN_POINT('',(0.,0.,8.5));
#4855 = DIRECTION('',(0.,-0.707106781187,-0.707106781187));
#4856 = DIRECTION('',(-0.,0.707106781187,-0.707106781187));
#4857 = PCURVE('',#4801,#4858);
#4858 = DEFINITIONAL_REPRESENTATION('',(#4859),#4868);
#4859 = B_SPLINE_CURVE_WITH_KNOTS('',7,(#4860,#4861,#4862,#4863,#4864,
    #4865,#4866,#4867),.UNSPECIFIED.,.F.,.F.,(8,8),(0.,1.570796313451),
  .PIECEWISE_BEZIER_KNOTS.);
#4860 = CARTESIAN_POINT('',(-1.570796326795,-11.1));
#4861 = CARTESIAN_POINT('',(-1.346396853445,-11.1));
#4862 = CARTESIAN_POINT('',(-1.121997380095,-11.12349946864));
#4863 = CARTESIAN_POINT('',(-0.897597906744,-11.17049499695));
#4864 = CARTESIAN_POINT('',(-0.673198433394,-11.2381012674));
#4865 = CARTESIAN_POINT('',(-0.448798960044,-11.32048078077));
#4866 = CARTESIAN_POINT('',(-0.224399486694,-11.41024020532));
#4867 = CARTESIAN_POINT('',(-1.334370753353E-08,-11.49999999466));
#4868 = ( GEOMETRIC_REPRESENTATION_CONTEXT(2) 
PARAMETRIC_REPRESENTATION_CONTEXT() REPRESENTATION_CONTEXT('2D SPACE',''
  ) );
#4869 = PCURVE('',#4870,#4875);
#4870 = CYLINDRICAL_SURFACE('',#4871,0.4);
#4871 = AXIS2_PLACEMENT_3D('',#4872,#4873,#4874);
#4872 = CARTESIAN_POINT('',(0.,8.04,8.5));
#4873 = DIRECTION('',(-0.,1.,-0.));
#4874 = DIRECTION('',(1.,0.,0.));
#4875 = DEFINITIONAL_REPRESENTATION('',(#4876),#4885);
#4876 = B_SPLINE_CURVE_WITH_KNOTS('',7,(#4877,#4878,#4879,#4880,#4881,
    #4882,#4883,#4884),.UNSPECIFIED.,.F.,.F.,(8,8),(0.,1.570796313451),
  .PIECEWISE_BEZIER_KNOTS.);
#4877 = CARTESIAN_POINT('',(-4.712388980385,-7.64));
#4878 = CARTESIAN_POINT('',(-4.936788453735,-7.64));
#4879 = CARTESIAN_POINT('',(-5.161187927086,-7.663499468643));
#4880 = CARTESIAN_POINT('',(-5.385587400433,-7.71049499696));
#4881 = CARTESIAN_POINT('',(-5.609986873787,-7.778101267394));
#4882 = CARTESIAN_POINT('',(-5.834386347135,-7.860480780775));
#4883 = CARTESIAN_POINT('',(-6.058785820486,-7.950240205322));
#4884 = CARTESIAN_POINT('',(-6.283185293836,-8.039999994663));
#4885 = ( GEOMETRIC_REPRESENTATION_CONTEXT(2) 
PARAMETRIC_REPRESENTATION_CONTEXT() REPRESENTATION_CONTEXT('2D SPACE',''
  ) );
#4886 = ORIENTED_EDGE('',*,*,#4887,.F.);
#4887 = EDGE_CURVE('',#4888,#4849,#4890,.T.);
#4888 = VERTEX_POINT('',#4889);
#4889 = CARTESIAN_POINT('',(-0.4,-1.89825252456E-14,8.5));
#4890 = SURFACE_CURVE('',#4891,(#4896,#4908),.PCURVE_S1.);
#4891 = ELLIPSE('',#4892,0.565685424949,0.4);
#4892 = AXIS2_PLACEMENT_3D('',#4893,#4894,#4895);
#4893 = CARTESIAN_POINT('',(0.,0.,8.5));
#4894 = DIRECTION('',(0.,-0.707106781187,-0.707106781187));
#4895 = DIRECTION('',(-0.,0.707106781187,-0.707106781187));
#4896 = PCURVE('',#4801,#4897);
#4897 = DEFINITIONAL_REPRESENTATION('',(#4898),#4907);
#4898 = B_SPLINE_CURVE_WITH_KNOTS('',7,(#4899,#4900,#4901,#4902,#4903,
    #4904,#4905,#4906),.UNSPECIFIED.,.F.,.F.,(8,8),(4.712388993728,
    6.28318530718),.PIECEWISE_BEZIER_KNOTS.);
#4899 = CARTESIAN_POINT('',(-3.141592640246,-11.49999999466));
#4900 = CARTESIAN_POINT('',(-2.917193166896,-11.41024020532));
#4901 = CARTESIAN_POINT('',(-2.692793693546,-11.32048078077));
#4902 = CARTESIAN_POINT('',(-2.468394220195,-11.23810126739));
#4903 = CARTESIAN_POINT('',(-2.243994746846,-11.17049499695));
#4904 = CARTESIAN_POINT('',(-2.019595273495,-11.12349946864));
#4905 = CARTESIAN_POINT('',(-1.795195800145,-11.1));
#4906 = CARTESIAN_POINT('',(-1.570796326795,-11.1));
#4907 = ( GEOMETRIC_REPRESENTATION_CONTEXT(2) 
PARAMETRIC_REPRESENTATION_CONTEXT() REPRESENTATION_CONTEXT('2D SPACE',''
  ) );
#4908 = PCURVE('',#4870,#4909);
#4909 = DEFINITIONAL_REPRESENTATION('',(#4910),#4919);
#4910 = B_SPLINE_CURVE_WITH_KNOTS('',7,(#4911,#4912,#4913,#4914,#4915,
    #4916,#4917,#4918),.UNSPECIFIED.,.F.,.F.,(8,8),(4.712388993728,
    6.28318530718),.PIECEWISE_BEZIER_KNOTS.);
#4911 = CARTESIAN_POINT('',(-3.141592666934,-8.039999994663));
#4912 = CARTESIAN_POINT('',(-3.365992140284,-7.950240205322));
#4913 = CARTESIAN_POINT('',(-3.590391613634,-7.860480780774));
#4914 = CARTESIAN_POINT('',(-3.814791086984,-7.778101267395));
#4915 = CARTESIAN_POINT('',(-4.039190560336,-7.710494996951));
#4916 = CARTESIAN_POINT('',(-4.263590033684,-7.663499468645));
#4917 = CARTESIAN_POINT('',(-4.487989507035,-7.64));
#4918 = CARTESIAN_POINT('',(-4.712388980385,-7.64));
#4919 = ( GEOMETRIC_REPRESENTATION_CONTEXT(2) 
PARAMETRIC_REPRESENTATION_CONTEXT() REPRESENTATION_CONTEXT('2D SPACE',''
  ) );
#4920 = ORIENTED_EDGE('',*,*,#4921,.T.);
#4921 = EDGE_CURVE('',#4888,#4826,#4922,.T.);
#4922 = SURFACE_CURVE('',#4923,(#4928,#4935),.PCURVE_S1.);
#4923 = CIRCLE('',#4924,0.4);
#4924 = AXIS2_PLACEMENT_3D('',#4925,#4926,#4927);
#4925 = CARTESIAN_POINT('',(0.,0.,8.5));
#4926 = DIRECTION('',(0.,0.,1.));
#4927 = DIRECTION('',(1.,0.,0.));
#4928 = PCURVE('',#4801,#4929);
#4929 = DEFINITIONAL_REPRESENTATION('',(#4930),#4934);
#4930 = LINE('',#4931,#4932);
#4931 = CARTESIAN_POINT('',(-0.,-11.5));
#4932 = VECTOR('',#4933,1.);
#4933 = DIRECTION('',(-1.,0.));
#4934 = ( GEOMETRIC_REPRESENTATION_CONTEXT(2) 
PARAMETRIC_REPRESENTATION_CONTEXT() REPRESENTATION_CONTEXT('2D SPACE',''
  ) );
#4935 = PCURVE('',#4936,#4941);
#4936 = SPHERICAL_SURFACE('',#4937,0.4);
#4937 = AXIS2_PLACEMENT_3D('',#4938,#4939,#4940);
#4938 = CARTESIAN_POINT('',(0.,0.,8.5));
#4939 = DIRECTION('',(0.,0.,1.));
#4940 = DIRECTION('',(1.,0.,0.));
#4941 = DEFINITIONAL_REPRESENTATION('',(#4942),#4946);
#4942 = LINE('',#4943,#4944);
#4943 = CARTESIAN_POINT('',(0.,0.));
#4944 = VECTOR('',#4945,1.);
#4945 = DIRECTION('',(1.,0.));
#4946 = ( GEOMETRIC_REPRESENTATION_CONTEXT(2) 
PARAMETRIC_REPRESENTATION_CONTEXT() REPRESENTATION_CONTEXT('2D SPACE',''
  ) );
#4947 = ORIENTED_EDGE('',*,*,#4825,.F.);
#4948 = ADVANCED_FACE('',(#4949),#4813,.F.);
#4949 = FACE_BOUND('',#4950,.F.);
#4950 = EDGE_LOOP('',(#4951));
#4951 = ORIENTED_EDGE('',*,*,#4791,.T.);
#4952 = ADVANCED_FACE('',(#4953),#4936,.T.);
#4953 = FACE_BOUND('',#4954,.T.);
#4954 = EDGE_LOOP('',(#4955,#4978,#5000));
#4955 = ORIENTED_EDGE('',*,*,#4956,.T.);
#4956 = EDGE_CURVE('',#4826,#4957,#4959,.T.);
#4957 = VERTEX_POINT('',#4958);
#4958 = CARTESIAN_POINT('',(2.449293598295E-17,-5.999039130647E-33,8.9)
  );
#4959 = SURFACE_CURVE('',#4960,(#4965,#4971),.PCURVE_S1.);
#4960 = CIRCLE('',#4961,0.4);
#4961 = AXIS2_PLACEMENT_3D('',#4962,#4963,#4964);
#4962 = CARTESIAN_POINT('',(0.,0.,8.5));
#4963 = DIRECTION('',(0.,-1.,0.));
#4964 = DIRECTION('',(1.,0.,0.));
#4965 = PCURVE('',#4936,#4966);
#4966 = DEFINITIONAL_REPRESENTATION('',(#4967),#4970);
#4967 = B_SPLINE_CURVE_WITH_KNOTS('',1,(#4968,#4969),.UNSPECIFIED.,.F.,
  .F.,(2,2),(0.,1.570796326795),.PIECEWISE_BEZIER_KNOTS.);
#4968 = CARTESIAN_POINT('',(6.28318530718,0.));
#4969 = CARTESIAN_POINT('',(6.28318530718,1.570796326795));
#4970 = ( GEOMETRIC_REPRESENTATION_CONTEXT(2) 
PARAMETRIC_REPRESENTATION_CONTEXT() REPRESENTATION_CONTEXT('2D SPACE',''
  ) );
#4971 = PCURVE('',#4870,#4972);
#4972 = DEFINITIONAL_REPRESENTATION('',(#4973),#4977);
#4973 = LINE('',#4974,#4975);
#4974 = CARTESIAN_POINT('',(-0.,-8.04));
#4975 = VECTOR('',#4976,1.);
#4976 = DIRECTION('',(-1.,0.));
#4977 = ( GEOMETRIC_REPRESENTATION_CONTEXT(2) 
PARAMETRIC_REPRESENTATION_CONTEXT() REPRESENTATION_CONTEXT('2D SPACE',''
  ) );
#4978 = ORIENTED_EDGE('',*,*,#4979,.T.);
#4979 = EDGE_CURVE('',#4957,#4888,#4980,.T.);
#4980 = SURFACE_CURVE('',#4981,(#4986,#4993),.PCURVE_S1.);
#4981 = CIRCLE('',#4982,0.4);
#4982 = AXIS2_PLACEMENT_3D('',#4983,#4984,#4985);
#4983 = CARTESIAN_POINT('',(0.,0.,8.5));
#4984 = DIRECTION('',(0.,-1.,0.));
#4985 = DIRECTION('',(1.,0.,0.));
#4986 = PCURVE('',#4936,#4987);
#4987 = DEFINITIONAL_REPRESENTATION('',(#4988),#4992);
#4988 = LINE('',#4989,#4990);
#4989 = CARTESIAN_POINT('',(3.14159265359,3.14159265359));
#4990 = VECTOR('',#4991,1.);
#4991 = DIRECTION('',(0.,-1.));
#4992 = ( GEOMETRIC_REPRESENTATION_CONTEXT(2) 
PARAMETRIC_REPRESENTATION_CONTEXT() REPRESENTATION_CONTEXT('2D SPACE',''
  ) );
#4993 = PCURVE('',#4870,#4994);
#4994 = DEFINITIONAL_REPRESENTATION('',(#4995),#4999);
#4995 = LINE('',#4996,#4997);
#4996 = CARTESIAN_POINT('',(-0.,-8.04));
#4997 = VECTOR('',#4998,1.);
#4998 = DIRECTION('',(-1.,0.));
#4999 = ( GEOMETRIC_REPRESENTATION_CONTEXT(2) 
PARAMETRIC_REPRESENTATION_CONTEXT() REPRESENTATION_CONTEXT('2D SPACE',''
  ) );
#5000 = ORIENTED_EDGE('',*,*,#4921,.T.);
#5001 = ADVANCED_FACE('',(#5002),#4870,.T.);
#5002 = FACE_BOUND('',#5003,.F.);
#5003 = EDGE_LOOP('',(#5004,#5027,#5054,#5055,#5056,#5057,#5058));
#5004 = ORIENTED_EDGE('',*,*,#5005,.F.);
#5005 = EDGE_CURVE('',#5006,#4826,#5008,.T.);
#5006 = VERTEX_POINT('',#5007);
#5007 = CARTESIAN_POINT('',(0.4,8.04,8.5));
#5008 = SEAM_CURVE('',#5009,(#5013,#5020),.PCURVE_S1.);
#5009 = LINE('',#5010,#5011);
#5010 = CARTESIAN_POINT('',(0.4,8.04,8.5));
#5011 = VECTOR('',#5012,1.);
#5012 = DIRECTION('',(0.,-1.,0.));
#5013 = PCURVE('',#4870,#5014);
#5014 = DEFINITIONAL_REPRESENTATION('',(#5015),#5019);
#5015 = LINE('',#5016,#5017);
#5016 = CARTESIAN_POINT('',(-6.28318530718,0.));
#5017 = VECTOR('',#5018,1.);
#5018 = DIRECTION('',(-0.,-1.));
#5019 = ( GEOMETRIC_REPRESENTATION_CONTEXT(2) 
PARAMETRIC_REPRESENTATION_CONTEXT() REPRESENTATION_CONTEXT('2D SPACE',''
  ) );
#5020 = PCURVE('',#4870,#5021);
#5021 = DEFINITIONAL_REPRESENTATION('',(#5022),#5026);
#5022 = LINE('',#5023,#5024);
#5023 = CARTESIAN_POINT('',(-0.,0.));
#5024 = VECTOR('',#5025,1.);
#5025 = DIRECTION('',(-0.,-1.));
#5026 = ( GEOMETRIC_REPRESENTATION_CONTEXT(2) 
PARAMETRIC_REPRESENTATION_CONTEXT() REPRESENTATION_CONTEXT('2D SPACE',''
  ) );
#5027 = ORIENTED_EDGE('',*,*,#5028,.F.);
#5028 = EDGE_CURVE('',#5006,#5006,#5029,.T.);
#5029 = SURFACE_CURVE('',#5030,(#5035,#5042),.PCURVE_S1.);
#5030 = CIRCLE('',#5031,0.4);
#5031 = AXIS2_PLACEMENT_3D('',#5032,#5033,#5034);
#5032 = CARTESIAN_POINT('',(0.,8.04,8.5));
#5033 = DIRECTION('',(0.,-1.,0.));
#5034 = DIRECTION('',(1.,0.,0.));
#5035 = PCURVE('',#4870,#5036);
#5036 = DEFINITIONAL_REPRESENTATION('',(#5037),#5041);
#5037 = LINE('',#5038,#5039);
#5038 = CARTESIAN_POINT('',(-0.,0.));
#5039 = VECTOR('',#5040,1.);
#5040 = DIRECTION('',(-1.,0.));
#5041 = ( GEOMETRIC_REPRESENTATION_CONTEXT(2) 
PARAMETRIC_REPRESENTATION_CONTEXT() REPRESENTATION_CONTEXT('2D SPACE',''
  ) );
#5042 = PCURVE('',#5043,#5048);
#5043 = PLANE('',#5044);
#5044 = AXIS2_PLACEMENT_3D('',#5045,#5046,#5047);
#5045 = CARTESIAN_POINT('',(-1.335390754433E-17,8.04,8.5));
#5046 = DIRECTION('',(-0.,-1.,-0.));
#5047 = DIRECTION('',(0.,0.,-1.));
#5048 = DEFINITIONAL_REPRESENTATION('',(#5049),#5053);
#5049 = CIRCLE('',#5050,0.4);
#5050 = AXIS2_PLACEMENT_2D('',#5051,#5052);
#5051 = CARTESIAN_POINT('',(0.,1.335390754433E-17));
#5052 = DIRECTION('',(0.,1.));
#5053 = ( GEOMETRIC_REPRESENTATION_CONTEXT(2) 
PARAMETRIC_REPRESENTATION_CONTEXT() REPRESENTATION_CONTEXT('2D SPACE',''
  ) );
#5054 = ORIENTED_EDGE('',*,*,#5005,.T.);
#5055 = ORIENTED_EDGE('',*,*,#4956,.T.);
#5056 = ORIENTED_EDGE('',*,*,#4979,.T.);
#5057 = ORIENTED_EDGE('',*,*,#4887,.T.);
#5058 = ORIENTED_EDGE('',*,*,#4848,.T.);
#5059 = ADVANCED_FACE('',(#5060),#5043,.F.);
#5060 = FACE_BOUND('',#5061,.F.);
#5061 = EDGE_LOOP('',(#5062));
#5062 = ORIENTED_EDGE('',*,*,#5028,.T.);
#5063 = ( GEOMETRIC_REPRESENTATION_CONTEXT(3) 
GLOBAL_UNCERTAINTY_ASSIGNED_CONTEXT((#5067)) 
GLOBAL_UNIT_ASSIGNED_CONTEXT((#5064,#5065,#5066)) REPRESENTATION_CONTEXT
('Context #1','3D Context with UNIT and UNCERTAINTY') );
#5064 = ( LENGTH_UNIT() NAMED_UNIT(*) SI_UNIT(.MILLI.,.METRE.) );
#5065 = ( NAMED_UNIT(*) PLANE_ANGLE_UNIT() SI_UNIT($,.RADIAN.) );
#5066 = ( NAMED_UNIT(*) SI_UNIT($,.STERADIAN.) SOLID_ANGLE_UNIT() );
#5067 = UNCERTAINTY_MEASURE_WITH_UNIT(LENGTH_MEASURE(1.E-07),#5064,
  'distance_accuracy_value','confusion accuracy');
#5068 = CONTEXT_DEPENDENT_SHAPE_REPRESENTATION(#5069,#5071);
#5069 = ( REPRESENTATION_RELATIONSHIP('','',#2838,#10) 
REPRESENTATION_RELATIONSHIP_WITH_TRANSFORMATION(#5070) 
SHAPE_REPRESENTATION_RELATIONSHIP() );
#5070 = ITEM_DEFINED_TRANSFORMATION('','',#11,#27);
#5071 = PRODUCT_DEFINITION_SHAPE('Placement','Placement of an item',
  #5072);
#5072 = NEXT_ASSEMBLY_USAGE_OCCURRENCE('4','pins','',#5,#2833,$);
#5073 = PRODUCT_RELATED_PRODUCT_CATEGORY('part',$,(#2835));
#5074 = MECHANICAL_DESIGN_GEOMETRIC_PRESENTATION_REPRESENTATION('',(
    #5075),#1359);
#5075 = STYLED_ITEM('color',(#5076),#45);
#5076 = PRESENTATION_STYLE_ASSIGNMENT((#5077));
#5077 = SURFACE_STYLE_USAGE(.BOTH.,#5078);
#5078 = SURFACE_SIDE_STYLE('',(#5079));
#5079 = SURFACE_STYLE_FILL_AREA(#5080);
#5080 = FILL_AREA_STYLE('',(#5081));
#5081 = FILL_AREA_STYLE_COLOUR('',#5082);
#5082 = COLOUR_RGB('',0.130000001093,0.130000001093,0.130000001093);
#5083 = MECHANICAL_DESIGN_GEOMETRIC_PRESENTATION_REPRESENTATION('',(
    #5084),#2820);
#5084 = STYLED_ITEM('color',(#5085),#1585);
#5085 = PRESENTATION_STYLE_ASSIGNMENT((#5086));
#5086 = SURFACE_STYLE_USAGE(.BOTH.,#5087);
#5087 = SURFACE_SIDE_STYLE('',(#5088));
#5088 = SURFACE_STYLE_FILL_AREA(#5089);
#5089 = FILL_AREA_STYLE('',(#5090));
#5090 = FILL_AREA_STYLE_COLOUR('',#5091);
#5091 = COLOUR_RGB('',0.720000003324,0.729999995167,0.750000000934);
#5092 = MECHANICAL_DESIGN_GEOMETRIC_PRESENTATION_REPRESENTATION('',(
    #5093),#1566);
#5093 = STYLED_ITEM('color',(#5094),#1378);
#5094 = PRESENTATION_STYLE_ASSIGNMENT((#5095));
#5095 = SURFACE_STYLE_USAGE(.BOTH.,#5096);
#5096 = SURFACE_SIDE_STYLE('',(#5097));
#5097 = SURFACE_STYLE_FILL_AREA(#5098);
#5098 = FILL_AREA_STYLE('',(#5099));
#5099 = FILL_AREA_STYLE_COLOUR('',#5082);
#5100 = MECHANICAL_DESIGN_GEOMETRIC_PRESENTATION_REPRESENTATION('',(
    #5101,#5109,#5116,#5123,#5130,#5137,#5144,#5151),#5063);
#5101 = STYLED_ITEM('color',(#5102),#2839);
#5102 = PRESENTATION_STYLE_ASSIGNMENT((#5103));
#5103 = SURFACE_STYLE_USAGE(.BOTH.,#5104);
#5104 = SURFACE_SIDE_STYLE('',(#5105));
#5105 = SURFACE_STYLE_FILL_AREA(#5106);
#5106 = FILL_AREA_STYLE('',(#5107));
#5107 = FILL_AREA_STYLE_COLOUR('',#5108);
#5108 = COLOUR_RGB('',0.850000012718,0.679999990811,0.24000000363);
#5109 = STYLED_ITEM('color',(#5110),#3117);
#5110 = PRESENTATION_STYLE_ASSIGNMENT((#5111));
#5111 = SURFACE_STYLE_USAGE(.BOTH.,#5112);
#5112 = SURFACE_SIDE_STYLE('',(#5113));
#5113 = SURFACE_STYLE_FILL_AREA(#5114);
#5114 = FILL_AREA_STYLE('',(#5115));
#5115 = FILL_AREA_STYLE_COLOUR('',#5108);
#5116 = STYLED_ITEM('color',(#5117),#3395);
#5117 = PRESENTATION_STYLE_ASSIGNMENT((#5118));
#5118 = SURFACE_STYLE_USAGE(.BOTH.,#5119);
#5119 = SURFACE_SIDE_STYLE('',(#5120));
#5120 = SURFACE_STYLE_FILL_AREA(#5121);
#5121 = FILL_AREA_STYLE('',(#5122));
#5122 = FILL_AREA_STYLE_COLOUR('',#5108);
#5123 = STYLED_ITEM('color',(#5124),#3673);
#5124 = PRESENTATION_STYLE_ASSIGNMENT((#5125));
#5125 = SURFACE_STYLE_USAGE(.BOTH.,#5126);
#5126 = SURFACE_SIDE_STYLE('',(#5127));
#5127 = SURFACE_STYLE_FILL_AREA(#5128);
#5128 = FILL_AREA_STYLE('',(#5129));
#5129 = FILL_AREA_STYLE_COLOUR('',#5108);
#5130 = STYLED_ITEM('color',(#5131),#3951);
#5131 = PRESENTATION_STYLE_ASSIGNMENT((#5132));
#5132 = SURFACE_STYLE_USAGE(.BOTH.,#5133);
#5133 = SURFACE_SIDE_STYLE('',(#5134));
#5134 = SURFACE_STYLE_FILL_AREA(#5135);
#5135 = FILL_AREA_STYLE('',(#5136));
#5136 = FILL_AREA_STYLE_COLOUR('',#5108);
#5137 = STYLED_ITEM('color',(#5138),#4229);
#5138 = PRESENTATION_STYLE_ASSIGNMENT((#5139));
#5139 = SURFACE_STYLE_USAGE(.BOTH.,#5140);
#5140 = SURFACE_SIDE_STYLE('',(#5141));
#5141 = SURFACE_STYLE_FILL_AREA(#5142);
#5142 = FILL_AREA_STYLE('',(#5143));
#5143 = FILL_AREA_STYLE_COLOUR('',#5108);
#5144 = STYLED_ITEM('color',(#5145),#4507);
#5145 = PRESENTATION_STYLE_ASSIGNMENT((#5146));
#5146 = SURFACE_STYLE_USAGE(.BOTH.,#5147);
#5147 = SURFACE_SIDE_STYLE('',(#5148));
#5148 = SURFACE_STYLE_FILL_AREA(#5149);
#5149 = FILL_AREA_STYLE('',(#5150));
#5150 = FILL_AREA_STYLE_COLOUR('',#5108);
#5151 = STYLED_ITEM('color',(#5152),#4785);
#5152 = PRESENTATION_STYLE_ASSIGNMENT((#5153));
#5153 = SURFACE_STYLE_USAGE(.BOTH.,#5154);
#5154 = SURFACE_SIDE_STYLE('',(#5155));
#5155 = SURFACE_STYLE_FILL_AREA(#5156);
#5156 = FILL_AREA_STYLE('',(#5157));
#5157 = FILL_AREA_STYLE_COLOUR('',#5108);
ENDSEC;
END-ISO-10303-21;
